order_id,order_date,customer_id,product_category,region,quantity,unit_price,discount,payment_method,delivery_days,customer_rating,revenue,order_date_parsed,calculated_revenue
10001,2022-01-01,1102,Beauty,South,7,373.65,0.28,Wallet,10,4.7,1883.2,2022-01-01,1883.1959999999997
10002,2022-01-02,1435,Clothing,South,7,47.74,0.09,Card,6,3.9,304.1,2022-01-02,304.10380000000004
10003,2022-01-03,1860,Beauty,East,3,311.28,0.31,Cod,6,2.5,644.35,2022-01-03,644.3495999999999
10004,2022-01-04,1270,Electronics,West,5,524.47,0.02,Wallet,6,1.6,2569.9,2022-01-04,2569.9030000000002
10005,2022-01-05,1106,Clothing,West,5,139.87,0.33,Wallet,4,4.9,468.56,2022-01-05,468.56449999999995
10006,2022-01-06,1071,Electronics,West,2,264.44,0.2,Card,3,3.3,423.1,2022-01-06,423.10400000000004
10007,2022-01-07,1700,Clothing,South,6,564.6,0.23,Card,1,1.8,2608.45,2022-01-07,2608.452
10008,2022-01-08,1020,Beauty,North,6,265.71,0.13,Card,2,3.7,1387.01,2022-01-08,1387.0061999999998
10009,2022-01-09,1614,Clothing,South,6,224.65,0.27,Card,2,1.4,983.97,2022-01-09,983.9670000000001
10010,2022-01-10,1121,Clothing,West,4,272.71,0.06,Card,10,4.5,1025.39,2022-01-10,1025.3896
10011,2022-01-11,1466,Clothing,West,6,318.88,0.02,Cod,7,1.4,1875.01,2022-01-11,1875.0144
10012,2022-01-12,1214,Electronics,West,3,384.71,0.14,Cod,11,1.9,992.55,2022-01-12,992.5517999999998
10013,2022-01-13,1330,Beauty,South,7,483.41,0.3,Cod,6,1.4,2368.71,2022-01-13,2368.7090000000003
10014,2022-01-14,1458,Clothing,West,7,279.48,0.26,Cod,8,1.4,1447.71,2022-01-14,1447.7064
10015,2022-01-15,1087,Clothing,East,4,493.23,0.18,Card,9,3.1,1617.79,2022-01-15,1617.7944000000002
10016,2022-01-16,1372,Clothing,West,2,327.23,0.2,Wallet,5,3.7,523.57,2022-01-16,523.5680000000001
10017,2022-01-17,1099,Clothing,North,3,213.01,0.05,Wallet,11,4.2,607.08,2022-01-17,607.0785
10018,2022-01-18,1871,Electronics,East,7,399.9,0.29,Cod,3,3.8,1987.5,2022-01-18,1987.5029999999997
10019,2022-01-19,1663,Home,West,3,434.87,0.28,Wallet,4,2.5,939.32,2022-01-19,939.3192
10020,2022-01-20,1130,Electronics,East,7,341.46,0.23,Card,11,3.2,1840.47,2022-01-20,1840.4694
10021,2022-01-21,1661,Home,West,1,48.12,0.16,Cod,8,4.7,40.42,2022-01-21,40.4208
10022,2022-01-22,1308,Home,North,2,114.38,0.34,Card,3,2.6,150.98,2022-01-22,150.9816
10023,2022-01-23,1769,Home,West,2,181.9,0.31,Card,2,2.0,251.02,2022-01-23,251.022
10024,2022-01-24,1343,Clothing,East,1,180.34,0.23,Card,7,3.1,138.86,2022-01-24,138.86180000000002
10025,2022-01-25,1491,Clothing,North,4,408.95,0.13,Cod,4,2.2,1423.15,2022-01-25,1423.146
10026,2022-01-26,1413,Electronics,South,7,25.73,0.22,Card,8,2.0,140.49,2022-01-26,140.4858
10027,2022-01-27,1805,Home,North,7,457.07,0.2,Cod,1,4.1,2559.59,2022-01-27,2559.592
10028,2022-01-28,1385,Electronics,North,7,170.23,0.14,Card,8,4.6,1024.78,2022-01-28,1024.7846
10029,2022-01-29,1191,Clothing,North,6,196.36,0.11,Wallet,5,3.0,1048.56,2022-01-29,1048.5624
10030,2022-01-30,1955,Electronics,East,6,323.83,0.14,Cod,2,4.1,1670.96,2022-01-30,1670.9628
10031,2022-01-31,1276,Electronics,North,6,141.32,0.2,Card,1,1.7,678.34,2022-01-31,678.336
10032,2022-02-01,1160,Clothing,West,6,532.42,0.15,Card,6,3.2,2715.34,2022-02-01,2715.3419999999996
10033,2022-02-02,1459,Electronics,North,6,64.94,0.09,Wallet,9,3.5,354.57,2022-02-02,354.5724
10034,2022-02-03,1313,Home,North,1,274.96,0.27,Card,9,3.0,200.72,2022-02-03,200.72079999999997
10035,2022-02-04,1021,Electronics,West,2,511.91,0.19,Cod,9,1.5,829.29,2022-02-04,829.2942
10036,2022-02-05,1252,Electronics,West,4,375.27,0.02,Cod,11,3.9,1471.06,2022-02-05,1471.0584
10037,2022-02-06,1747,Clothing,South,3,186.01,0.13,Card,4,4.4,485.49,2022-02-06,485.48609999999996
10038,2022-02-07,1856,Electronics,North,6,261.14,0.31,Card,6,3.5,1081.12,2022-02-07,1081.1195999999998
10039,2022-02-08,1560,Electronics,East,1,428.42,0.26,Cod,10,1.7,317.03,2022-02-08,317.0308
10040,2022-02-09,1474,Home,North,7,584.36,0.11,Card,6,1.3,3640.56,2022-02-09,3640.5628
10041,2022-02-10,1058,Electronics,North,4,537.49,0.33,Card,5,2.2,1440.47,2022-02-10,1440.4732
10042,2022-02-11,1510,Home,West,4,215.32,0.03,Card,2,1.1,835.44,2022-02-11,835.4416
10043,2022-02-12,1681,Electronics,South,4,598.95,0.34,Card,7,4.4,1581.23,2022-02-12,1581.2279999999998
10044,2022-02-13,1475,Electronics,North,1,17.05,0.09,Card,1,3.8,15.52,2022-02-13,15.515500000000001
10045,2022-02-14,1699,Home,East,3,31.16,0.0,Wallet,6,3.3,93.48,2022-02-14,93.48
10046,2022-02-15,1975,Electronics,North,6,496.95,0.15,Cod,5,4.6,2534.44,2022-02-15,2534.4449999999997
10047,2022-02-16,1782,Electronics,East,4,131.69,0.13,Cod,5,1.4,458.28,2022-02-16,458.2812
10048,2022-02-17,1189,Clothing,West,1,50.55,0.19,Card,8,3.9,40.95,2022-02-17,40.9455
10049,2022-02-18,1957,Electronics,South,7,153.73,0.28,Card,9,1.6,774.8,2022-02-18,774.7991999999999
10050,2022-02-19,1686,Home,North,2,264.27,0.29,Wallet,7,1.2,375.26,2022-02-19,375.26339999999993
10051,2022-02-20,1957,Electronics,South,7,442.38,0.14,Cod,10,1.5,2663.13,2022-02-20,2663.1276
10052,2022-02-21,1562,Home,North,1,380.24,0.15,Card,8,4.8,323.2,2022-02-21,323.204
10053,2022-02-22,1875,Beauty,East,1,154.01,0.05,Card,2,2.8,146.31,2022-02-22,146.30949999999999
10054,2022-02-23,1566,Clothing,South,1,309.41,0.02,Cod,2,1.2,303.22,2022-02-23,303.22180000000003
10055,2022-02-24,1243,Beauty,North,4,556.84,0.22,Wallet,8,3.3,1737.34,2022-02-24,1737.3408000000002
10056,2022-02-25,1831,Clothing,West,1,491.78,0.02,Card,6,1.8,481.94,2022-02-25,481.9444
10057,2022-02-26,1504,Beauty,East,2,204.07,0.26,Cod,8,1.0,302.02,2022-02-26,302.0236
10058,2022-02-27,1130,Electronics,South,4,589.62,0.19,Cod,9,4.0,1910.37,2022-02-27,1910.3688000000002
10059,2022-02-28,1484,Home,North,7,429.54,0.07,Wallet,9,1.6,2796.31,2022-02-28,2796.3054
10060,2022-03-01,1818,Clothing,South,2,51.53,0.19,Wallet,11,4.8,83.48,2022-03-01,83.47860000000001
10061,2022-03-02,1646,Clothing,North,5,35.57,0.06,Card,6,3.4,167.18,2022-03-02,167.17899999999997
10062,2022-03-03,1020,Clothing,East,7,113.52,0.15,Cod,8,1.3,675.44,2022-03-03,675.444
10063,2022-03-04,1840,Home,West,1,440.8,0.28,Cod,2,1.9,317.38,2022-03-04,317.376
10064,2022-03-05,1166,Electronics,East,6,122.49,0.16,Cod,8,3.4,617.35,2022-03-05,617.3495999999999
10065,2022-03-06,1273,Electronics,South,6,314.22,0.05,Wallet,3,2.4,1791.05,2022-03-06,1791.054
10066,2022-03-07,1387,Home,South,4,69.56,0.25,Wallet,1,3.1,208.68,2022-03-07,208.68
10067,2022-03-08,1600,Home,North,6,553.72,0.07,Card,7,4.2,3089.76,2022-03-08,3089.7576
10068,2022-03-09,1315,Beauty,East,7,216.22,0.26,Card,1,4.2,1120.02,2022-03-09,1120.0195999999999
10069,2022-03-10,1013,Home,North,4,546.26,0.17,Cod,11,3.8,1813.58,2022-03-10,1813.5831999999998
10070,2022-03-11,1241,Beauty,East,7,567.75,0.16,Card,1,4.5,3338.37,2022-03-11,3338.37
10071,2022-03-12,1776,Home,South,1,18.59,0.3,Card,1,1.8,13.01,2022-03-12,13.013
10072,2022-03-13,1345,Electronics,North,3,286.52,0.25,Card,4,1.7,644.67,2022-03-13,644.67
10073,2022-03-14,1564,Electronics,North,3,29.42,0.01,Wallet,4,4.2,87.38,2022-03-14,87.37740000000001
10074,2022-03-15,1897,Home,East,2,546.59,0.1,Card,10,2.3,983.86,2022-03-15,983.8620000000001
10075,2022-03-16,1339,Clothing,West,1,318.27,0.3,Cod,11,3.0,222.79,2022-03-16,222.789
10076,2022-03-17,1091,Electronics,East,6,58.84,0.01,Card,6,4.0,349.51,2022-03-17,349.50960000000003
10077,2022-03-18,1366,Clothing,West,1,79.51,0.19,Card,10,2.6,64.4,2022-03-18,64.40310000000001
10078,2022-03-19,1955,Beauty,East,5,239.35,0.25,Card,3,1.5,897.56,2022-03-19,897.5625
10079,2022-03-20,1454,Clothing,South,3,565.04,0.22,Card,10,3.7,1322.19,2022-03-20,1322.1936
10080,2022-03-21,1427,Clothing,North,6,420.35,0.27,Wallet,6,4.3,1841.13,2022-03-21,1841.1330000000003
10081,2022-03-22,1508,Clothing,East,7,522.56,0.25,Wallet,7,1.1,2743.44,2022-03-22,2743.4399999999996
10082,2022-03-23,1775,Electronics,South,7,229.38,0.24,Cod,11,3.3,1220.3,2022-03-23,1220.3016
10083,2022-03-24,1942,Clothing,East,3,40.28,0.29,Card,1,2.9,85.8,2022-03-24,85.79639999999999
10084,2022-03-25,1034,Clothing,North,1,584.98,0.23,Cod,6,2.0,450.43,2022-03-25,450.43460000000005
10085,2022-03-26,1205,Electronics,East,6,25.05,0.14,Card,10,1.6,129.26,2022-03-26,129.258
10086,2022-03-27,1080,Home,West,2,569.38,0.17,Card,1,1.8,945.17,2022-03-27,945.1708
10087,2022-03-28,1931,Clothing,North,7,230.68,0.25,Cod,7,3.9,1211.07,2022-03-28,1211.07
10088,2022-03-29,1561,Home,West,1,20.9,0.31,Cod,10,3.1,14.42,2022-03-29,14.420999999999998
10089,2022-03-30,1871,Beauty,South,2,418.16,0.1,Card,5,4.9,752.69,2022-03-30,752.6880000000001
10090,2022-03-31,1387,Electronics,South,6,588.62,0.12,Card,10,2.0,3107.91,2022-03-31,3107.9136000000003
10091,2022-04-01,1001,Home,East,3,579.89,0.33,Wallet,4,4.8,1165.58,2022-04-01,1165.5789
10092,2022-04-02,1389,Clothing,West,5,109.15,0.2,Card,1,3.1,436.6,2022-04-02,436.6
10093,2022-04-03,1565,Beauty,West,4,121.03,0.06,Wallet,9,1.6,455.07,2022-04-03,455.0728
10094,2022-04-04,1105,Electronics,North,3,345.84,0.23,Wallet,7,1.6,798.89,2022-04-04,798.8904
10095,2022-04-05,1771,Home,West,2,387.82,0.35,Cod,2,3.4,504.17,2022-04-05,504.166
10096,2022-04-06,1821,Clothing,West,1,447.56,0.29,Card,4,4.3,317.77,2022-04-06,317.76759999999996
10097,2022-04-07,1476,Electronics,North,7,120.91,0.26,Cod,4,4.0,626.31,2022-04-07,626.3138
10098,2022-04-08,1702,Electronics,North,6,576.02,0.07,Card,8,3.6,3214.19,2022-04-08,3214.1915999999997
10099,2022-04-09,1401,Home,West,3,388.66,0.31,Card,2,1.7,804.53,2022-04-09,804.5261999999999
10100,2022-04-10,1729,Home,East,7,510.52,0.18,Cod,11,1.4,2930.38,2022-04-10,2930.3848000000003
10101,2022-04-11,1555,Electronics,North,7,330.94,0.31,Card,5,1.0,1598.44,2022-04-11,1598.4401999999998
10102,2022-04-12,1161,Clothing,North,5,257.35,0.12,Card,10,1.4,1132.34,2022-04-12,1132.34
10103,2022-04-13,1201,Clothing,West,6,586.65,0.02,Cod,8,4.1,3449.5,2022-04-13,3449.5019999999995
10104,2022-04-14,1957,Home,West,2,355.54,0.17,Cod,6,4.6,590.2,2022-04-14,590.1964
10105,2022-04-15,1995,Electronics,North,6,522.12,0.09,Card,4,2.0,2850.78,2022-04-15,2850.7752000000005
10106,2022-04-16,1269,Beauty,West,6,572.68,0.25,Card,5,4.2,2577.06,2022-04-16,2577.06
10107,2022-04-17,1862,Electronics,North,1,410.08,0.33,Card,2,1.8,274.75,2022-04-17,274.75359999999995
10108,2022-04-18,1815,Clothing,East,4,336.13,0.24,Card,5,2.0,1021.84,2022-04-18,1021.8352
10109,2022-04-19,1270,Electronics,East,7,17.05,0.31,Cod,3,1.9,82.35,2022-04-19,82.3515
10110,2022-04-20,1455,Electronics,North,2,38.41,0.16,Cod,3,1.2,64.53,2022-04-20,64.52879999999999
10111,2022-04-21,1461,Clothing,North,1,132.5,0.27,Cod,7,1.8,96.72,2022-04-21,96.725
10112,2022-04-22,1726,Electronics,South,7,123.81,0.3,Card,3,2.5,606.67,2022-04-22,606.669
10113,2022-04-23,1251,Home,South,4,164.03,0.25,Card,4,2.6,492.09,2022-04-23,492.09000000000003
10114,2022-04-24,1701,Electronics,West,1,193.39,0.18,Card,7,2.2,158.58,2022-04-24,158.5798
10115,2022-04-25,1295,Clothing,West,4,225.64,0.22,Card,3,3.1,704.0,2022-04-25,703.9968
10116,2022-04-26,1724,Electronics,North,4,261.01,0.25,Card,10,2.5,783.03,2022-04-26,783.03
10117,2022-04-27,1719,Electronics,North,4,72.84,0.09,Card,10,4.9,265.14,2022-04-27,265.1376
10118,2022-04-28,1748,Electronics,South,1,39.78,0.28,Card,2,4.2,28.64,2022-04-28,28.6416
10119,2022-04-29,1337,Clothing,South,6,409.26,0.33,Cod,10,4.7,1645.23,2022-04-29,1645.2251999999999
10120,2022-04-30,1878,Clothing,North,4,329.34,0.16,Cod,7,3.2,1106.58,2022-04-30,1106.5823999999998
10121,2022-05-01,1052,Clothing,East,6,274.82,0.25,Cod,5,3.7,1236.69,2022-05-01,1236.69
10122,2022-05-02,1791,Clothing,East,7,386.15,0.26,Card,1,1.7,2000.26,2022-05-02,2000.2569999999998
10123,2022-05-03,1921,Clothing,West,7,499.19,0.23,Wallet,10,4.0,2690.63,2022-05-03,2690.6341
10124,2022-05-04,1216,Electronics,North,2,265.2,0.19,Wallet,8,1.9,429.62,2022-05-04,429.624
10125,2022-05-05,1763,Clothing,North,5,390.05,0.31,Card,3,1.6,1345.67,2022-05-05,1345.6725
10126,2022-05-06,1187,Beauty,West,6,572.84,0.16,Cod,11,1.2,2887.11,2022-05-06,2887.1135999999997
10127,2022-05-07,1379,Clothing,South,7,506.18,0.02,Wallet,7,2.9,3472.39,2022-05-07,3472.3948
10128,2022-05-08,1492,Home,South,5,264.21,0.3,Cod,6,2.1,924.73,2022-05-08,924.7349999999999
10129,2022-05-09,1040,Electronics,East,4,392.16,0.24,Card,10,4.9,1192.17,2022-05-09,1192.1664
10130,2022-05-10,1156,Home,North,5,118.59,0.3,Cod,6,2.0,415.06,2022-05-10,415.065
10131,2022-05-11,1014,Home,South,5,342.91,0.05,Cod,8,4.5,1628.82,2022-05-11,1628.8225
10132,2022-05-12,1812,Clothing,East,4,589.08,0.01,Card,4,2.3,2332.76,2022-05-12,2332.7568
10133,2022-05-13,1064,Beauty,East,6,318.21,0.33,Wallet,4,4.0,1279.2,2022-05-13,1279.2041999999997
10134,2022-05-14,1856,Electronics,East,4,557.67,0.05,Cod,3,3.6,2119.15,2022-05-14,2119.1459999999997
10135,2022-05-15,1838,Electronics,South,2,253.29,0.28,Card,1,3.2,364.74,2022-05-15,364.7376
10136,2022-05-16,1520,Home,South,3,599.32,0.29,Cod,10,2.7,1276.55,2022-05-16,1276.5516
10137,2022-05-17,1343,Home,North,1,353.84,0.25,Cod,3,3.7,265.38,2022-05-17,265.38
10138,2022-05-18,1128,Electronics,North,4,39.73,0.05,Card,1,2.6,150.97,2022-05-18,150.974
10139,2022-05-19,1647,Electronics,East,4,358.25,0.23,Card,6,3.2,1103.41,2022-05-19,1103.41
10140,2022-05-20,1471,Electronics,East,5,175.63,0.31,Wallet,8,3.4,605.92,2022-05-20,605.9235
10141,2022-05-21,1062,Electronics,South,2,34.0,0.15,Cod,3,2.1,57.8,2022-05-21,57.8
10142,2022-05-22,1138,Home,South,7,495.2,0.14,Card,4,2.4,2981.1,2022-05-22,2981.104
10143,2022-05-23,1498,Clothing,North,7,176.3,0.16,Card,5,1.1,1036.64,2022-05-23,1036.644
10144,2022-05-24,1592,Electronics,North,5,480.98,0.03,Cod,7,4.4,2332.75,2022-05-24,2332.753
10145,2022-05-25,1391,Clothing,West,6,183.61,0.31,Cod,11,4.0,760.15,2022-05-25,760.1454
10146,2022-05-26,1674,Electronics,North,4,128.68,0.3,Card,6,1.7,360.3,2022-05-26,360.304
10147,2022-05-27,1418,Electronics,South,4,584.75,0.35,Cod,2,2.4,1520.35,2022-05-27,1520.3500000000001
10148,2022-05-28,1288,Clothing,East,5,226.56,0.2,Card,7,2.7,906.24,2022-05-28,906.24
10149,2022-05-29,1378,Beauty,West,4,366.81,0.26,Card,8,2.3,1085.76,2022-05-29,1085.7576
10150,2022-05-30,1772,Home,North,6,371.84,0.07,Cod,1,4.2,2074.87,2022-05-30,2074.8671999999997
10151,2022-05-31,1489,Electronics,North,3,342.88,0.23,Card,6,3.9,792.05,2022-05-31,792.0527999999999
10152,2022-06-01,1230,Beauty,South,1,550.1,0.23,Wallet,11,4.1,423.58,2022-06-01,423.57700000000006
10153,2022-06-02,1040,Home,West,1,409.55,0.32,Card,9,4.6,278.49,2022-06-02,278.49399999999997
10154,2022-06-03,1027,Home,North,1,251.18,0.29,Cod,7,3.4,178.34,2022-06-03,178.3378
10155,2022-06-04,1134,Clothing,East,3,519.49,0.33,Card,5,3.5,1044.17,2022-06-04,1044.1749
10156,2022-06-05,1200,Clothing,South,4,120.92,0.3,Card,10,3.9,338.58,2022-06-05,338.57599999999996
10157,2022-06-06,1839,Electronics,West,5,333.38,0.3,Cod,11,3.7,1166.83,2022-06-06,1166.83
10158,2022-06-07,1779,Electronics,North,7,571.07,0.02,Cod,10,4.5,3917.54,2022-06-07,3917.5402000000004
10159,2022-06-08,1929,Electronics,North,2,380.86,0.3,Cod,9,4.1,533.2,2022-06-08,533.204
10160,2022-06-09,1032,Electronics,West,4,492.93,0.21,Cod,2,1.5,1557.66,2022-06-09,1557.6588000000002
10161,2022-06-10,1047,Clothing,South,3,397.33,0.13,Cod,7,4.7,1037.03,2022-06-10,1037.0313
10162,2022-06-11,1502,Home,West,6,506.03,0.02,Cod,9,3.7,2975.46,2022-06-11,2975.4563999999996
10163,2022-06-12,1406,Clothing,West,3,567.53,0.24,Cod,2,1.5,1293.97,2022-06-12,1293.9684
10164,2022-06-13,1573,Electronics,South,7,174.66,0.11,Cod,11,4.1,1088.13,2022-06-13,1088.1317999999999
10165,2022-06-14,1727,Beauty,North,1,114.25,0.16,Cod,10,2.4,95.97,2022-06-14,95.97
10166,2022-06-15,1804,Beauty,East,4,298.13,0.24,Wallet,6,4.2,906.32,2022-06-15,906.3152
10167,2022-06-16,1098,Home,South,7,425.59,0.32,Card,9,4.8,2025.81,2022-06-16,2025.8083999999997
10168,2022-06-17,1683,Beauty,East,1,147.91,0.29,Cod,3,2.0,105.02,2022-06-17,105.0161
10169,2022-06-18,1871,Clothing,North,2,17.4,0.16,Card,8,4.4,29.23,2022-06-18,29.231999999999996
10170,2022-06-19,1725,Beauty,West,6,215.62,0.14,Card,5,4.1,1112.6,2022-06-19,1112.5992
10171,2022-06-20,1986,Electronics,East,1,581.78,0.08,Card,7,3.7,535.24,2022-06-20,535.2376
10172,2022-06-21,1546,Clothing,North,2,421.56,0.13,Wallet,3,2.5,733.51,2022-06-21,733.5144
10173,2022-06-22,1960,Electronics,North,3,249.78,0.04,Cod,8,1.4,719.37,2022-06-22,719.3664
10174,2022-06-23,1738,Electronics,West,1,127.66,0.34,Cod,2,2.9,84.26,2022-06-23,84.25559999999999
10175,2022-06-24,1612,Electronics,West,1,223.31,0.2,Card,8,1.4,178.65,2022-06-24,178.64800000000002
10176,2022-06-25,1942,Clothing,North,5,114.36,0.04,Cod,2,3.0,548.93,2022-06-25,548.9279999999999
10177,2022-06-26,1461,Home,North,6,77.19,0.12,Wallet,7,4.3,407.56,2022-06-26,407.5632
10178,2022-06-27,1642,Clothing,East,6,545.44,0.19,Card,2,5.0,2650.84,2022-06-27,2650.8384000000005
10179,2022-06-28,1768,Electronics,North,7,598.63,0.19,Card,7,1.8,3394.23,2022-06-28,3394.2321
10180,2022-06-29,1004,Home,North,3,111.01,0.01,Card,1,1.8,329.7,2022-06-29,329.6997
10181,2022-06-30,1217,Clothing,East,5,46.9,0.33,Cod,6,4.2,157.11,2022-06-30,157.11499999999998
10182,2022-07-01,1502,Clothing,South,7,207.89,0.1,Cod,10,2.9,1309.71,2022-07-01,1309.707
10183,2022-07-02,1766,Home,East,2,285.07,0.01,Cod,7,4.7,564.44,2022-07-02,564.4386
10184,2022-07-03,1397,Electronics,East,7,134.82,0.03,Cod,4,4.1,915.43,2022-07-03,915.4277999999999
10185,2022-07-04,1870,Electronics,West,2,191.33,0.2,Card,11,3.9,306.13,2022-07-04,306.12800000000004
10186,2022-07-05,1794,Beauty,East,3,132.51,0.05,Cod,11,1.4,377.65,2022-07-05,377.65349999999995
10187,2022-07-06,1392,Electronics,North,6,467.94,0.01,Card,1,1.1,2779.56,2022-07-06,2779.5636
10188,2022-07-07,1206,Clothing,North,2,431.86,0.13,Card,6,2.3,751.44,2022-07-07,751.4364
10189,2022-07-08,1014,Beauty,North,3,386.45,0.22,Cod,4,1.9,904.29,2022-07-08,904.293
10190,2022-07-09,1857,Home,South,7,241.52,0.04,Wallet,3,3.8,1623.01,2022-07-09,1623.0144
10191,2022-07-10,1553,Electronics,North,2,546.79,0.11,Cod,4,2.8,973.29,2022-07-10,973.2861999999999
10192,2022-07-11,1891,Electronics,South,4,582.18,0.15,Cod,6,3.1,1979.41,2022-07-11,1979.4119999999998
10193,2022-07-12,1460,Electronics,North,1,116.58,0.06,Card,5,4.3,109.59,2022-07-12,109.58519999999999
10194,2022-07-13,1690,Clothing,East,7,145.46,0.18,Card,2,2.9,834.94,2022-07-13,834.9404000000001
10195,2022-07-14,1574,Clothing,West,6,322.49,0.03,Card,2,3.2,1876.89,2022-07-14,1876.8918
10196,2022-07-15,1863,Electronics,North,7,68.38,0.02,Wallet,3,4.4,469.09,2022-07-15,469.0868
10197,2022-07-16,1742,Beauty,South,4,270.32,0.18,Wallet,11,2.7,886.65,2022-07-16,886.6496000000001
10198,2022-07-17,1240,Clothing,South,3,355.35,0.09,Wallet,6,1.3,970.11,2022-07-17,970.1055000000002
10199,2022-07-18,1563,Electronics,West,3,320.41,0.03,Card,1,3.1,932.39,2022-07-18,932.3931
10200,2022-07-19,1095,Clothing,North,7,208.58,0.15,Cod,11,3.3,1241.05,2022-07-19,1241.0510000000002
10201,2022-07-20,1899,Home,East,4,332.33,0.32,Cod,7,3.0,903.94,2022-07-20,903.9375999999999
10202,2022-07-21,1733,Electronics,North,7,575.9,0.25,Cod,8,2.0,3023.48,2022-07-21,3023.475
10203,2022-07-22,1484,Electronics,North,1,135.52,0.29,Cod,7,1.9,96.22,2022-07-22,96.2192
10204,2022-07-23,1406,Home,West,1,398.08,0.31,Cod,11,2.5,274.68,2022-07-23,274.67519999999996
10205,2022-07-24,1230,Clothing,North,5,40.39,0.34,Card,3,1.7,133.29,2022-07-24,133.28699999999998
10206,2022-07-25,1748,Clothing,East,2,53.85,0.27,Card,6,3.7,78.62,2022-07-25,78.621
10207,2022-07-26,1654,Clothing,South,5,337.82,0.21,Card,4,3.5,1334.39,2022-07-26,1334.389
10208,2022-07-27,1170,Electronics,West,1,76.39,0.13,Card,5,3.5,66.46,2022-07-27,66.4593
10209,2022-07-28,1540,Electronics,East,4,28.07,0.06,Card,3,1.9,105.54,2022-07-28,105.5432
10210,2022-07-29,1035,Clothing,South,2,115.34,0.24,Card,5,2.0,175.32,2022-07-29,175.3168
10211,2022-07-30,1524,Electronics,West,4,345.44,0.35,Card,6,4.1,898.14,2022-07-30,898.144
10212,2022-07-31,1159,Electronics,West,5,426.45,0.16,Cod,8,3.8,1791.09,2022-07-31,1791.09
10213,2022-08-01,1838,Home,South,3,133.45,0.25,Wallet,6,4.5,300.26,2022-08-01,300.2625
10214,2022-08-02,1698,Beauty,South,4,405.93,0.17,Wallet,9,2.6,1347.69,2022-08-02,1347.6876
10215,2022-08-03,1242,Home,East,5,121.75,0.15,Card,10,3.2,517.44,2022-08-03,517.4375
10216,2022-08-04,1085,Beauty,North,5,373.87,0.14,Card,10,4.0,1607.64,2022-08-04,1607.6409999999998
10217,2022-08-05,1795,Electronics,North,5,256.0,0.18,Card,10,4.9,1049.6,2022-08-05,1049.6000000000001
10218,2022-08-06,1577,Beauty,North,3,397.47,0.13,Wallet,10,5.0,1037.4,2022-08-06,1037.3967
10219,2022-08-07,1681,Electronics,North,3,597.11,0.26,Cod,4,5.0,1325.58,2022-08-07,1325.5842
10220,2022-08-08,1556,Beauty,North,7,563.62,0.31,Card,2,4.6,2722.28,2022-08-08,2722.2846
10221,2022-08-09,1573,Beauty,East,3,17.5,0.31,Wallet,9,3.6,36.22,2022-08-09,36.224999999999994
10222,2022-08-10,1952,Home,West,2,532.98,0.08,Card,11,1.0,980.68,2022-08-10,980.6832
10223,2022-08-11,1645,Beauty,East,3,53.9,0.31,Wallet,3,3.8,111.57,2022-08-11,111.57299999999998
10224,2022-08-12,1795,Clothing,East,3,572.53,0.12,Card,11,2.0,1511.48,2022-08-12,1511.4792
10225,2022-08-13,1027,Electronics,East,3,179.87,0.11,Card,7,1.2,480.25,2022-08-13,480.2529
10226,2022-08-14,1619,Clothing,West,4,238.49,0.25,Cod,4,3.8,715.47,2022-08-14,715.47
10227,2022-08-15,1555,Clothing,East,3,68.61,0.11,Wallet,1,4.0,183.19,2022-08-15,183.18869999999998
10228,2022-08-16,1339,Electronics,East,2,80.68,0.02,Wallet,8,3.6,158.13,2022-08-16,158.1328
10229,2022-08-17,1797,Clothing,West,5,440.14,0.13,Cod,4,2.5,1914.61,2022-08-17,1914.609
10230,2022-08-18,1957,Beauty,East,4,567.43,0.25,Card,11,3.0,1702.29,2022-08-18,1702.29
10231,2022-08-19,1330,Electronics,North,1,372.29,0.11,Card,6,4.7,331.34,2022-08-19,331.3381
10232,2022-08-20,1639,Home,South,3,433.77,0.22,Wallet,7,3.9,1015.02,2022-08-20,1015.0218
10233,2022-08-21,1505,Beauty,East,7,460.75,0.23,Cod,8,3.0,2483.44,2022-08-21,2483.4425
10234,2022-08-22,1347,Beauty,South,7,168.75,0.26,Cod,10,3.4,874.12,2022-08-22,874.125
10235,2022-08-23,1472,Beauty,East,5,41.46,0.31,Card,2,4.7,143.04,2022-08-23,143.037
10236,2022-08-24,1230,Clothing,East,5,16.1,0.15,Cod,9,2.6,68.42,2022-08-24,68.425
10237,2022-08-25,1189,Beauty,North,4,220.13,0.06,Card,10,1.4,827.69,2022-08-25,827.6887999999999
10238,2022-08-26,1224,Home,West,7,156.26,0.11,Cod,3,2.3,973.5,2022-08-26,973.4997999999999
10239,2022-08-27,1384,Electronics,South,1,51.46,0.15,Wallet,1,2.7,43.74,2022-08-27,43.741
10240,2022-08-28,1376,Clothing,West,6,120.02,0.25,Cod,2,2.1,540.09,2022-08-28,540.09
10241,2022-08-29,1282,Home,North,7,87.83,0.0,Cod,8,3.1,614.81,2022-08-29,614.81
10242,2022-08-30,1957,Electronics,North,7,550.2,0.11,Card,10,2.2,3427.75,2022-08-30,3427.7460000000005
10243,2022-08-31,1632,Clothing,South,2,97.06,0.27,Card,6,1.4,141.71,2022-08-31,141.7076
10244,2022-09-01,1627,Home,West,6,329.52,0.23,Wallet,11,1.8,1522.38,2022-09-01,1522.3824
10245,2022-09-02,1972,Electronics,North,5,361.97,0.26,Card,1,4.7,1339.29,2022-09-02,1339.289
10246,2022-09-03,1744,Clothing,East,6,332.94,0.28,Wallet,11,3.5,1438.3,2022-09-03,1438.3007999999998
10247,2022-09-04,1258,Home,East,7,72.95,0.27,Cod,9,2.3,372.77,2022-09-04,372.7745
10248,2022-09-05,1358,Clothing,East,5,201.5,0.24,Cod,7,2.5,765.7,2022-09-05,765.7
10249,2022-09-06,1709,Electronics,West,6,44.99,0.15,Wallet,10,3.0,229.45,2022-09-06,229.44899999999998
10250,2022-09-07,1455,Electronics,East,5,246.47,0.34,Cod,11,3.7,813.35,2022-09-07,813.3509999999999
10251,2022-09-08,1410,Clothing,East,5,125.33,0.2,Wallet,3,3.3,501.32,2022-09-08,501.32
10252,2022-09-09,1648,Beauty,North,4,343.56,0.07,Card,7,4.7,1278.04,2022-09-09,1278.0431999999998
10253,2022-09-10,1317,Electronics,North,1,420.29,0.1,Cod,6,3.5,378.26,2022-09-10,378.261
10254,2022-09-11,1676,Clothing,East,5,326.29,0.24,Cod,3,4.6,1239.9,2022-09-11,1239.902
10255,2022-09-12,1224,Electronics,East,2,269.03,0.32,Card,8,1.0,365.88,2022-09-12,365.8807999999999
10256,2022-09-13,1818,Electronics,North,7,241.59,0.06,Cod,1,4.6,1589.66,2022-09-13,1589.6622
10257,2022-09-14,1233,Home,South,7,507.39,0.03,Cod,5,3.9,3445.18,2022-09-14,3445.1781
10258,2022-09-15,1683,Home,West,2,143.33,0.31,Wallet,8,1.7,197.8,2022-09-15,197.7954
10259,2022-09-16,1663,Electronics,West,3,444.52,0.32,Card,3,2.1,906.82,2022-09-16,906.8207999999998
10260,2022-09-17,1974,Clothing,North,5,458.13,0.1,Cod,11,3.2,2061.58,2022-09-17,2061.585
10261,2022-09-18,1826,Electronics,West,5,260.23,0.13,Card,10,1.5,1132.0,2022-09-18,1132.0005
10262,2022-09-19,1373,Clothing,North,5,188.92,0.23,Cod,11,4.1,727.34,2022-09-19,727.342
10263,2022-09-20,1671,Home,North,6,290.27,0.12,Cod,6,4.2,1532.63,2022-09-20,1532.6255999999998
10264,2022-09-21,1607,Electronics,North,5,69.53,0.31,Cod,10,2.2,239.88,2022-09-21,239.87849999999997
10265,2022-09-22,1471,Electronics,North,5,41.87,0.04,Card,11,1.3,200.98,2022-09-22,200.976
10266,2022-09-23,1232,Clothing,South,2,80.29,0.01,Card,2,5.0,158.97,2022-09-23,158.97420000000002
10267,2022-09-24,1691,Beauty,East,1,124.48,0.07,Card,9,2.0,115.77,2022-09-24,115.76639999999999
10268,2022-09-25,1112,Beauty,East,1,309.94,0.1,Card,2,1.3,278.95,2022-09-25,278.946
10269,2022-09-26,1829,Electronics,South,3,511.74,0.04,Cod,5,2.3,1473.81,2022-09-26,1473.8111999999999
10270,2022-09-27,1496,Home,West,2,152.85,0.02,Wallet,3,4.9,299.59,2022-09-27,299.58599999999996
10271,2022-09-28,1441,Clothing,West,5,562.07,0.26,Card,10,4.2,2079.66,2022-09-28,2079.659
10272,2022-09-29,1563,Clothing,East,1,573.62,0.06,Card,9,2.9,539.2,2022-09-29,539.2028
10273,2022-09-30,1267,Home,West,4,575.96,0.32,Cod,9,2.2,1566.61,2022-09-30,1566.6112
10274,2022-10-01,1509,Beauty,East,4,504.97,0.13,Cod,7,2.7,1757.3,2022-10-01,1757.2956000000001
10275,2022-10-02,1806,Beauty,East,4,227.84,0.23,Card,10,1.1,701.75,2022-10-02,701.7472
10276,2022-10-03,1385,Clothing,South,5,57.52,0.08,Card,5,3.9,264.59,2022-10-03,264.59200000000004
10277,2022-10-04,1386,Clothing,West,5,347.76,0.08,Card,9,1.4,1599.7,2022-10-04,1599.6960000000001
10278,2022-10-05,1112,Home,South,3,341.83,0.2,Card,7,3.1,820.39,2022-10-05,820.392
10279,2022-10-06,1612,Electronics,East,7,512.24,0.2,Card,2,3.3,2868.54,2022-10-06,2868.5440000000003
10280,2022-10-07,1624,Clothing,East,3,597.65,0.27,Card,10,1.0,1308.85,2022-10-07,1308.8535
10281,2022-10-08,1951,Clothing,East,3,312.27,0.27,Cod,1,4.9,683.87,2022-10-08,683.8712999999999
10282,2022-10-09,1080,Home,North,6,216.94,0.23,Cod,10,2.2,1002.26,2022-10-09,1002.2628
10283,2022-10-10,1698,Electronics,North,4,123.75,0.16,Card,10,1.3,415.8,2022-10-10,415.8
10284,2022-10-11,1112,Electronics,North,5,17.81,0.31,Cod,4,4.4,61.44,2022-10-11,61.44449999999999
10285,2022-10-12,1001,Beauty,South,4,312.83,0.22,Cod,10,1.6,976.03,2022-10-12,976.0296
10286,2022-10-13,1641,Electronics,East,3,339.98,0.35,Wallet,8,1.1,662.96,2022-10-13,662.961
10287,2022-10-14,1219,Clothing,West,5,497.59,0.29,Card,6,3.0,1766.44,2022-10-14,1766.4444999999998
10288,2022-10-15,1565,Electronics,South,2,310.18,0.02,Cod,2,1.5,607.95,2022-10-15,607.9528
10289,2022-10-16,1854,Electronics,South,1,551.13,0.11,Cod,5,4.9,490.51,2022-10-16,490.5057
10290,2022-10-17,1996,Electronics,South,1,382.43,0.2,Card,9,1.0,305.94,2022-10-17,305.944
10291,2022-10-18,1735,Electronics,West,3,506.6,0.25,Wallet,6,1.2,1139.85,2022-10-18,1139.8500000000001
10292,2022-10-19,1224,Beauty,East,7,101.76,0.19,Cod,6,4.3,576.98,2022-10-19,576.9792000000001
10293,2022-10-20,1384,Electronics,North,4,515.37,0.28,Cod,7,2.0,1484.27,2022-10-20,1484.2656
10294,2022-10-21,1402,Beauty,East,2,409.96,0.1,Card,11,4.6,737.93,2022-10-21,737.928
10295,2022-10-22,1637,Clothing,East,5,114.59,0.06,Card,5,2.2,538.57,2022-10-22,538.573
10296,2022-10-23,1129,Clothing,South,7,126.01,0.02,Cod,3,1.3,864.43,2022-10-23,864.4286000000001
10297,2022-10-24,1052,Clothing,South,4,557.0,0.2,Card,3,1.0,1782.4,2022-10-24,1782.4
10298,2022-10-25,1683,Clothing,South,3,33.85,0.24,Cod,5,2.1,77.18,2022-10-25,77.17800000000001
10299,2022-10-26,1729,Home,North,4,285.58,0.11,Card,4,2.9,1016.66,2022-10-26,1016.6648
10300,2022-10-27,1671,Electronics,North,3,198.38,0.21,Cod,5,1.0,470.16,2022-10-27,470.1606
10301,2022-10-28,1709,Clothing,North,6,404.07,0.02,Cod,9,3.3,2375.93,2022-10-28,2375.9316
10302,2022-10-29,1415,Beauty,East,1,506.18,0.03,Card,5,2.3,490.99,2022-10-29,490.9946
10303,2022-10-30,1246,Beauty,South,7,225.82,0.25,Cod,4,2.6,1185.56,2022-10-30,1185.555
10304,2022-10-31,1835,Beauty,West,1,264.74,0.13,Card,4,2.0,230.32,2022-10-31,230.3238
10305,2022-11-01,1438,Clothing,East,4,589.42,0.23,Card,1,3.1,1815.41,2022-11-01,1815.4135999999999
10306,2022-11-02,1202,Home,North,2,473.59,0.29,Card,10,1.9,672.5,2022-11-02,672.4978
10307,2022-11-03,1183,Clothing,West,5,539.86,0.3,Card,4,1.5,1889.51,2022-11-03,1889.51
10308,2022-11-04,1122,Clothing,West,3,271.68,0.06,Card,4,4.6,766.14,2022-11-04,766.1375999999999
10309,2022-11-05,1400,Electronics,South,5,151.93,0.17,Wallet,9,2.6,630.51,2022-11-05,630.5095
10310,2022-11-06,1766,Clothing,West,1,255.94,0.26,Card,11,1.3,189.4,2022-11-06,189.3956
10311,2022-11-07,1293,Electronics,North,2,433.91,0.27,Card,4,1.9,633.51,2022-11-07,633.5086
10312,2022-11-08,1279,Electronics,South,2,79.02,0.27,Card,7,2.2,115.37,2022-11-08,115.36919999999999
10313,2022-11-09,1836,Beauty,West,5,173.22,0.08,Card,1,4.1,796.81,2022-11-09,796.812
10314,2022-11-10,1883,Electronics,South,1,42.28,0.07,Cod,7,1.1,39.32,2022-11-10,39.3204
10315,2022-11-11,1609,Electronics,West,5,267.92,0.21,Card,2,2.9,1058.28,2022-11-11,1058.284
10316,2022-11-12,1197,Electronics,East,4,499.06,0.26,Cod,11,2.6,1477.22,2022-11-12,1477.2176
10317,2022-11-13,1981,Beauty,East,2,29.43,0.11,Card,8,4.9,52.39,2022-11-13,52.3854
10318,2022-11-14,1906,Clothing,North,2,410.06,0.04,Wallet,1,1.7,787.32,2022-11-14,787.3152
10319,2022-11-15,1510,Clothing,East,4,560.51,0.25,Card,10,3.5,1681.53,2022-11-15,1681.53
10320,2022-11-16,1751,Home,East,1,153.6,0.1,Cod,3,1.8,138.24,2022-11-16,138.24
10321,2022-11-17,1143,Home,East,2,420.78,0.06,Cod,8,3.2,791.07,2022-11-17,791.0663999999999
10322,2022-11-18,1608,Electronics,West,7,585.43,0.05,Card,10,3.2,3893.11,2022-11-18,3893.109499999999
10323,2022-11-19,1200,Home,West,6,577.93,0.11,Cod,8,1.3,3086.15,2022-11-19,3086.1462
10324,2022-11-20,1123,Home,South,6,152.43,0.21,Cod,11,2.8,722.52,2022-11-20,722.5182000000001
10325,2022-11-21,1186,Home,West,6,73.69,0.13,Card,5,2.8,384.66,2022-11-21,384.66179999999997
10326,2022-11-22,1325,Electronics,East,3,101.75,0.01,Cod,5,2.3,302.2,2022-11-22,302.1975
10327,2022-11-23,1463,Beauty,West,7,425.69,0.03,Wallet,8,2.1,2890.44,2022-11-23,2890.4350999999997
10328,2022-11-24,1348,Clothing,North,3,439.57,0.1,Cod,10,1.9,1186.84,2022-11-24,1186.8390000000002
10329,2022-11-25,1770,Electronics,South,1,409.43,0.23,Wallet,5,1.0,315.26,2022-11-25,315.2611
10330,2022-11-26,1659,Clothing,South,4,211.61,0.03,Card,9,1.0,821.05,2022-11-26,821.0468000000001
10331,2022-11-27,1763,Electronics,West,5,114.32,0.2,Cod,1,3.4,457.28,2022-11-27,457.28
10332,2022-11-28,1954,Electronics,East,7,354.75,0.04,Wallet,5,2.2,2383.92,2022-11-28,2383.92
10333,2022-11-29,1931,Home,South,1,297.95,0.07,Card,3,1.7,277.09,2022-11-29,277.09349999999995
10334,2022-11-30,1402,Electronics,North,5,441.37,0.06,Wallet,3,3.7,2074.44,2022-11-30,2074.439
10335,2022-12-01,1345,Clothing,North,1,273.2,0.02,Card,2,3.1,267.74,2022-12-01,267.736
10336,2022-12-02,1962,Clothing,South,3,213.1,0.23,Wallet,3,4.7,492.26,2022-12-02,492.26099999999997
10337,2022-12-03,1510,Electronics,East,6,186.68,0.16,Card,7,4.3,940.87,2022-12-03,940.8671999999999
10338,2022-12-04,1146,Beauty,East,4,138.71,0.29,Card,8,3.9,393.94,2022-12-04,393.9364
10339,2022-12-05,1147,Electronics,West,3,170.46,0.03,Wallet,8,1.5,496.04,2022-12-05,496.0386
10340,2022-12-06,1863,Electronics,West,4,70.48,0.05,Card,11,3.7,267.82,2022-12-06,267.824
10341,2022-12-07,1710,Electronics,South,7,217.91,0.11,Card,8,3.8,1357.58,2022-12-07,1357.5792999999999
10342,2022-12-08,1819,Electronics,West,5,36.39,0.27,Card,1,4.1,132.82,2022-12-08,132.8235
10343,2022-12-09,1488,Electronics,West,1,124.05,0.11,Cod,11,2.1,110.4,2022-12-09,110.4045
10344,2022-12-10,1928,Home,West,2,451.86,0.14,Wallet,7,3.6,777.2,2022-12-10,777.1992
10345,2022-12-11,1935,Beauty,North,2,205.4,0.11,Card,2,3.5,365.61,2022-12-11,365.612
10346,2022-12-12,1639,Electronics,West,4,405.92,0.03,Cod,11,2.5,1574.97,2022-12-12,1574.9696000000001
10347,2022-12-13,1550,Home,South,6,434.38,0.33,Card,10,3.7,1746.21,2022-12-13,1746.2075999999997
10348,2022-12-14,1337,Home,East,6,354.99,0.19,Cod,4,1.3,1725.25,2022-12-14,1725.2514
10349,2022-12-15,1871,Home,West,4,575.84,0.28,Card,5,3.6,1658.42,2022-12-15,1658.4192
10350,2022-12-16,1640,Clothing,East,3,27.54,0.23,Card,1,3.4,63.62,2022-12-16,63.6174
10351,2022-12-17,1778,Electronics,West,2,447.11,0.18,Card,4,1.8,733.26,2022-12-17,733.2604000000001
10352,2022-12-18,1987,Electronics,South,3,575.89,0.03,Cod,4,4.3,1675.84,2022-12-18,1675.8399
10353,2022-12-19,1952,Home,North,5,519.43,0.22,Wallet,9,4.5,2025.78,2022-12-19,2025.7769999999998
10354,2022-12-20,1472,Home,South,2,113.22,0.05,Cod,9,1.8,215.12,2022-12-20,215.118
10355,2022-12-21,1945,Electronics,North,5,206.19,0.15,Card,11,1.3,876.31,2022-12-21,876.3075
10356,2022-12-22,1150,Clothing,West,1,115.88,0.22,Cod,10,3.4,90.39,2022-12-22,90.3864
10357,2022-12-23,1414,Beauty,West,3,366.77,0.27,Cod,1,2.9,803.23,2022-12-23,803.2262999999999
10358,2022-12-24,1989,Home,North,4,431.63,0.24,Card,8,2.7,1312.16,2022-12-24,1312.1552
10359,2022-12-25,1297,Beauty,South,2,200.49,0.24,Card,4,4.0,304.74,2022-12-25,304.7448
10360,2022-12-26,1610,Home,South,3,330.61,0.05,Card,4,4.9,942.24,2022-12-26,942.2385
10361,2022-12-27,1262,Clothing,North,4,419.19,0.12,Cod,5,2.9,1475.55,2022-12-27,1475.5488
10362,2022-12-28,1763,Clothing,West,1,261.48,0.02,Cod,2,1.0,256.25,2022-12-28,256.2504
10363,2022-12-29,1143,Home,North,2,514.6,0.25,Cod,1,3.4,771.9,2022-12-29,771.9000000000001
10364,2022-12-30,1345,Electronics,West,5,466.36,0.33,Card,5,3.6,1562.31,2022-12-30,1562.306
10365,2022-12-31,1623,Clothing,North,1,52.83,0.09,Card,7,4.3,48.08,2022-12-31,48.0753
10366,2023-01-01,1571,Home,West,6,378.36,0.03,Wallet,10,1.8,2202.06,2023-01-01,2202.0552
10367,2023-01-02,1880,Electronics,North,4,152.67,0.17,Card,9,3.1,506.86,2023-01-02,506.86439999999993
10368,2023-01-03,1001,Home,East,2,341.15,0.3,Wallet,2,2.8,477.61,2023-01-03,477.60999999999996
10369,2023-01-04,1896,Clothing,West,2,574.78,0.19,Cod,8,3.7,931.14,2023-01-04,931.1436
10370,2023-01-05,1303,Beauty,South,7,529.25,0.02,Card,7,1.3,3630.66,2023-01-05,3630.6549999999997
10371,2023-01-06,1253,Electronics,North,7,251.64,0.34,Cod,2,4.5,1162.58,2023-01-06,1162.5767999999998
10372,2023-01-07,1651,Electronics,South,1,185.54,0.29,Wallet,5,3.0,131.73,2023-01-07,131.7334
10373,2023-01-08,1452,Clothing,North,2,152.13,0.05,Card,7,4.5,289.05,2023-01-08,289.04699999999997
10374,2023-01-09,1036,Electronics,South,4,326.52,0.32,Wallet,3,2.4,888.13,2023-01-09,888.1343999999999
10375,2023-01-10,1159,Home,South,1,81.84,0.16,Card,2,3.6,68.75,2023-01-10,68.7456
10376,2023-01-11,1008,Home,North,5,336.33,0.13,Cod,6,4.8,1463.04,2023-01-11,1463.0355
10377,2023-01-12,1232,Electronics,North,1,15.78,0.16,Wallet,10,4.8,13.26,2023-01-12,13.255199999999999
10378,2023-01-13,1098,Clothing,South,1,204.45,0.29,Wallet,6,4.8,145.16,2023-01-13,145.15949999999998
10379,2023-01-14,1658,Clothing,South,5,143.66,0.23,Cod,11,1.2,553.09,2023-01-14,553.091
10380,2023-01-15,1815,Clothing,South,6,583.16,0.02,Cod,4,2.6,3428.98,2023-01-15,3428.9808
10381,2023-01-16,1207,Beauty,West,7,440.44,0.34,Card,1,1.2,2034.83,2023-01-16,2034.8327999999997
10382,2023-01-17,1130,Home,West,4,219.55,0.05,Card,5,2.2,834.29,2023-01-17,834.29
10383,2023-01-18,1403,Home,East,6,69.31,0.26,Card,1,1.7,307.74,2023-01-18,307.7364
10384,2023-01-19,1151,Home,West,6,317.33,0.22,Card,11,3.5,1485.1,2023-01-19,1485.1044000000002
10385,2023-01-20,1053,Clothing,West,6,139.87,0.07,Card,11,4.1,780.47,2023-01-20,780.4746
10386,2023-01-21,1119,Beauty,North,7,328.81,0.06,Card,8,3.1,2163.57,2023-01-21,2163.5697999999998
10387,2023-01-22,1672,Home,East,3,503.69,0.3,Wallet,2,4.2,1057.75,2023-01-22,1057.7489999999998
10388,2023-01-23,1919,Home,East,7,375.24,0.15,Cod,9,1.1,2232.68,2023-01-23,2232.6780000000003
10389,2023-01-24,1627,Beauty,West,6,385.77,0.23,Card,9,4.3,1782.26,2023-01-24,1782.2574
10390,2023-01-25,1586,Electronics,North,3,331.5,0.18,Wallet,3,1.7,815.49,2023-01-25,815.49
10391,2023-01-26,1624,Home,North,5,557.45,0.25,Card,6,2.8,2090.44,2023-01-26,2090.4375
10392,2023-01-27,1967,Electronics,East,7,560.16,0.17,Cod,9,2.8,3254.53,2023-01-27,3254.5296
10393,2023-01-28,1419,Electronics,North,4,314.94,0.1,Cod,7,4.5,1133.78,2023-01-28,1133.784
10394,2023-01-29,1421,Electronics,South,6,193.87,0.13,Card,4,4.9,1012.0,2023-01-29,1012.0014
10395,2023-01-30,1103,Beauty,West,2,283.86,0.3,Cod,3,2.0,397.4,2023-01-30,397.404
10396,2023-01-31,1851,Beauty,South,5,124.14,0.16,Card,2,1.3,521.39,2023-01-31,521.388
10397,2023-02-01,1253,Home,East,3,387.26,0.07,Card,10,3.6,1080.46,2023-02-01,1080.4553999999998
10398,2023-02-02,1226,Home,East,7,307.55,0.33,Card,10,3.0,1442.41,2023-02-02,1442.4094999999998
10399,2023-02-03,1111,Clothing,North,4,75.43,0.28,Wallet,1,3.3,217.24,2023-02-03,217.2384
10400,2023-02-04,1509,Beauty,North,1,130.62,0.02,Cod,11,1.2,128.01,2023-02-04,128.0076
10401,2023-02-05,1472,Clothing,East,4,295.58,0.35,Cod,10,4.1,768.51,2023-02-05,768.508
10402,2023-02-06,1098,Clothing,East,4,534.24,0.24,Cod,11,1.9,1624.09,2023-02-06,1624.0896
10403,2023-02-07,1152,Electronics,South,6,346.34,0.06,Card,1,2.3,1953.36,2023-02-07,1953.3575999999998
10404,2023-02-08,1860,Home,South,6,413.7,0.08,Cod,4,1.9,2283.62,2023-02-08,2283.624
10405,2023-02-09,1913,Home,North,7,213.33,0.24,Card,4,4.8,1134.92,2023-02-09,1134.9156
10406,2023-02-10,1895,Clothing,South,7,349.28,0.27,Card,9,1.7,1784.82,2023-02-10,1784.8208
10407,2023-02-11,1877,Electronics,North,3,276.72,0.08,Cod,10,3.9,763.75,2023-02-11,763.7472000000001
10408,2023-02-12,1337,Home,North,7,400.59,0.09,Card,1,2.0,2551.76,2023-02-12,2551.7583
10409,2023-02-13,1705,Electronics,West,3,44.59,0.11,Card,11,2.7,119.06,2023-02-13,119.05530000000002
10410,2023-02-14,1821,Home,North,6,303.58,0.21,Wallet,4,5.0,1438.97,2023-02-14,1438.9692
10411,2023-02-15,1162,Beauty,South,6,188.16,0.06,Cod,3,1.4,1061.22,2023-02-15,1061.2223999999999
10412,2023-02-16,1719,Clothing,East,2,205.82,0.04,Cod,9,4.5,395.17,2023-02-16,395.1744
10413,2023-02-17,1956,Electronics,East,2,577.14,0.24,Card,5,4.8,877.25,2023-02-17,877.2528
10414,2023-02-18,1680,Home,South,5,121.88,0.27,Card,9,3.8,444.86,2023-02-18,444.86199999999997
10415,2023-02-19,1995,Home,East,6,197.08,0.18,Cod,10,1.0,969.63,2023-02-19,969.6336000000001
10416,2023-02-20,1160,Clothing,North,1,313.29,0.13,Cod,6,4.3,272.56,2023-02-20,272.5623
10417,2023-02-21,1579,Beauty,East,2,519.87,0.15,Cod,11,4.5,883.78,2023-02-21,883.779
10418,2023-02-22,1800,Electronics,South,3,258.75,0.14,Wallet,9,4.9,667.58,2023-02-22,667.575
10419,2023-02-23,1397,Clothing,East,4,450.16,0.34,Wallet,1,4.4,1188.42,2023-02-23,1188.4224
10420,2023-02-24,1276,Home,North,7,515.98,0.27,Card,4,2.8,2636.66,2023-02-24,2636.6578
10421,2023-02-25,1815,Beauty,North,7,196.36,0.07,Wallet,4,3.8,1278.3,2023-02-25,1278.3036
10422,2023-02-26,1915,Electronics,South,5,244.76,0.13,Cod,10,2.9,1064.71,2023-02-26,1064.706
10423,2023-02-27,1503,Home,South,2,223.59,0.19,Cod,10,2.4,362.22,2023-02-27,362.2158
10424,2023-02-28,1895,Clothing,South,4,502.22,0.21,Card,6,3.5,1587.02,2023-02-28,1587.0152
10425,2023-03-01,1391,Clothing,West,4,40.94,0.16,Cod,10,4.1,137.56,2023-03-01,137.55839999999998
10426,2023-03-02,1134,Electronics,West,2,195.43,0.28,Wallet,1,3.5,281.42,2023-03-02,281.4192
10427,2023-03-03,1194,Beauty,North,1,412.45,0.27,Cod,10,4.3,301.09,2023-03-03,301.0885
10428,2023-03-04,1400,Electronics,West,1,345.78,0.18,Cod,5,1.7,283.54,2023-03-04,283.5396
10429,2023-03-05,1639,Electronics,West,5,270.23,0.3,Card,3,2.5,945.8,2023-03-05,945.805
10430,2023-03-06,1032,Electronics,East,1,330.87,0.26,Card,1,2.3,244.84,2023-03-06,244.8438
10431,2023-03-07,1687,Beauty,West,5,130.59,0.27,Card,6,1.8,476.65,2023-03-07,476.6535
10432,2023-03-08,1459,Home,East,3,266.97,0.33,Card,3,2.8,536.61,2023-03-08,536.6097
10433,2023-03-09,1954,Home,South,2,308.5,0.09,Cod,4,4.8,561.47,2023-03-09,561.47
10434,2023-03-10,1882,Electronics,East,4,542.2,0.09,Card,9,3.2,1973.61,2023-03-10,1973.6080000000002
10435,2023-03-11,1469,Clothing,East,5,167.59,0.31,Cod,2,2.1,578.19,2023-03-11,578.1854999999999
10436,2023-03-12,1374,Clothing,South,7,522.68,0.27,Card,1,2.4,2670.89,2023-03-12,2670.8947999999996
10437,2023-03-13,1021,Home,South,1,391.88,0.32,Card,10,3.5,266.48,2023-03-13,266.47839999999997
10438,2023-03-14,1749,Beauty,North,7,26.9,0.02,Card,6,2.4,184.53,2023-03-14,184.534
10439,2023-03-15,1669,Electronics,North,5,438.91,0.22,Wallet,1,3.2,1711.75,2023-03-15,1711.7490000000003
10440,2023-03-16,1037,Home,North,6,35.8,0.05,Card,1,2.1,204.06,2023-03-16,204.05999999999997
10441,2023-03-17,1229,Electronics,North,5,598.47,0.18,Card,7,2.4,2453.73,2023-03-17,2453.7270000000003
10442,2023-03-18,1364,Clothing,East,1,525.49,0.05,Wallet,2,3.8,499.22,2023-03-18,499.21549999999996
10443,2023-03-19,1562,Electronics,East,6,188.95,0.04,Wallet,4,3.3,1088.35,2023-03-19,1088.3519999999999
10444,2023-03-20,1437,Electronics,North,6,165.59,0.0,Cod,4,1.4,993.54,2023-03-20,993.54
10445,2023-03-21,1775,Clothing,West,1,238.14,0.22,Card,2,4.9,185.75,2023-03-21,185.7492
10446,2023-03-22,1282,Clothing,North,6,223.36,0.13,Card,6,1.2,1165.94,2023-03-22,1165.9392
10447,2023-03-23,1026,Electronics,West,2,232.82,0.04,Wallet,10,1.3,447.01,2023-03-23,447.01439999999997
10448,2023-03-24,1225,Home,South,4,201.19,0.11,Wallet,2,3.8,716.24,2023-03-24,716.2364
10449,2023-03-25,1276,Clothing,East,7,378.36,0.06,Cod,8,3.8,2489.61,2023-03-25,2489.6088
10450,2023-03-26,1797,Electronics,East,2,111.09,0.33,Card,4,1.1,148.86,2023-03-26,148.86059999999998
10451,2023-03-27,1608,Home,West,2,509.9,0.11,Card,1,3.6,907.62,2023-03-27,907.622
10452,2023-03-28,1283,Electronics,North,1,490.26,0.12,Card,7,1.1,431.43,2023-03-28,431.42879999999997
10453,2023-03-29,1878,Clothing,East,1,293.74,0.29,Cod,6,4.8,208.56,2023-03-29,208.5554
10454,2023-03-30,1959,Home,West,7,513.85,0.23,Card,6,3.8,2769.65,2023-03-30,2769.6515000000004
10455,2023-03-31,1480,Electronics,South,4,159.58,0.25,Wallet,11,1.7,478.74,2023-03-31,478.74
10456,2023-04-01,1452,Electronics,South,5,25.28,0.22,Card,3,1.6,98.59,2023-04-01,98.59200000000001
10457,2023-04-02,1828,Clothing,East,2,377.24,0.33,Cod,10,3.3,505.5,2023-04-02,505.50159999999994
10458,2023-04-03,1815,Beauty,North,6,282.88,0.07,Card,7,3.5,1578.47,2023-04-03,1578.4704
10459,2023-04-04,1658,Clothing,West,4,346.79,0.35,Cod,6,4.3,901.65,2023-04-04,901.6540000000001
10460,2023-04-05,1515,Home,East,2,541.11,0.29,Card,10,4.6,768.38,2023-04-05,768.3761999999999
10461,2023-04-06,1546,Clothing,South,5,582.41,0.21,Cod,10,2.6,2300.52,2023-04-06,2300.5195
10462,2023-04-07,1191,Electronics,North,6,386.16,0.23,Cod,9,4.4,1784.06,2023-04-07,1784.0592000000001
10463,2023-04-08,1048,Clothing,West,2,461.97,0.23,Card,3,3.2,711.43,2023-04-08,711.4338
10464,2023-04-09,1511,Home,East,3,64.03,0.02,Wallet,3,2.9,188.25,2023-04-09,188.2482
10465,2023-04-10,1016,Electronics,West,7,109.02,0.08,Cod,4,3.8,702.09,2023-04-10,702.0888
10466,2023-04-11,1171,Electronics,North,4,443.92,0.34,Wallet,3,1.4,1171.95,2023-04-11,1171.9488
10467,2023-04-12,1219,Electronics,North,7,267.35,0.19,Wallet,4,2.1,1515.87,2023-04-12,1515.8745000000004
10468,2023-04-13,1157,Clothing,South,1,275.89,0.13,Wallet,6,4.3,240.02,2023-04-13,240.02429999999998
10469,2023-04-14,1476,Beauty,North,2,195.54,0.27,Card,1,3.0,285.49,2023-04-14,285.48839999999996
10470,2023-04-15,1045,Electronics,East,6,370.3,0.18,Card,2,4.6,1821.88,2023-04-15,1821.8760000000002
10471,2023-04-16,1372,Clothing,West,6,123.32,0.0,Wallet,10,1.4,739.92,2023-04-16,739.92
10472,2023-04-17,1517,Electronics,North,4,381.75,0.26,Cod,6,2.3,1129.98,2023-04-17,1129.98
10473,2023-04-18,1098,Beauty,North,4,116.67,0.26,Card,6,2.4,345.34,2023-04-18,345.3432
10474,2023-04-19,1891,Electronics,East,7,52.34,0.06,Cod,1,2.7,344.4,2023-04-19,344.3972
10475,2023-04-20,1744,Clothing,West,6,208.26,0.33,Card,6,4.9,837.21,2023-04-20,837.2051999999999
10476,2023-04-21,1036,Home,West,6,150.22,0.08,Cod,11,2.2,829.21,2023-04-21,829.2144
10477,2023-04-22,1279,Home,South,6,535.06,0.16,Wallet,9,3.1,2696.7,2023-04-22,2696.7023999999997
10478,2023-04-23,1348,Clothing,South,2,47.15,0.04,Cod,8,3.1,90.53,2023-04-23,90.52799999999999
10479,2023-04-24,1496,Electronics,West,6,118.32,0.21,Card,10,4.1,560.84,2023-04-24,560.8368
10480,2023-04-25,1301,Clothing,East,1,336.0,0.13,Card,5,3.1,292.32,2023-04-25,292.32
10481,2023-04-26,1180,Electronics,East,6,296.42,0.12,Card,4,3.4,1565.1,2023-04-26,1565.0976
10482,2023-04-27,1606,Electronics,South,1,41.82,0.29,Cod,6,4.0,29.69,2023-04-27,29.6922
10483,2023-04-28,1098,Clothing,North,2,19.24,0.0,Card,11,1.4,38.48,2023-04-28,38.48
10484,2023-04-29,1699,Electronics,East,4,593.02,0.28,Cod,5,4.9,1707.9,2023-04-29,1707.8975999999998
10485,2023-04-30,1992,Electronics,North,1,400.42,0.2,Cod,6,4.4,320.34,2023-04-30,320.336
10486,2023-05-01,1115,Home,East,2,228.76,0.35,Cod,10,2.6,297.39,2023-05-01,297.388
10487,2023-05-02,1190,Beauty,West,6,290.2,0.21,Wallet,11,3.9,1375.55,2023-05-02,1375.548
10488,2023-05-03,1252,Clothing,South,2,170.93,0.02,Cod,3,4.0,335.02,2023-05-03,335.0228
10489,2023-05-04,1980,Electronics,North,6,216.75,0.02,Card,7,4.4,1274.49,2023-05-04,1274.49
10490,2023-05-05,1927,Electronics,North,7,394.69,0.31,Cod,8,1.8,1906.35,2023-05-05,1906.3527
10491,2023-05-06,1982,Beauty,West,2,531.44,0.29,Cod,5,3.8,754.64,2023-05-06,754.6448
10492,2023-05-07,1160,Electronics,East,4,122.72,0.12,Card,5,1.1,431.97,2023-05-07,431.9744
10493,2023-05-08,1255,Electronics,North,1,506.61,0.22,Cod,4,1.5,395.16,2023-05-08,395.1558
10494,2023-05-09,1322,Clothing,East,7,86.11,0.17,Card,10,4.1,500.3,2023-05-09,500.29909999999995
10495,2023-05-10,1127,Clothing,West,4,140.77,0.34,Card,5,4.3,371.63,2023-05-10,371.6328
10496,2023-05-11,1017,Clothing,South,3,36.75,0.33,Wallet,10,3.4,73.87,2023-05-11,73.86749999999999
10497,2023-05-12,1792,Electronics,North,6,97.37,0.34,Wallet,11,3.3,385.59,2023-05-12,385.5852
10498,2023-05-13,1734,Electronics,East,1,551.62,0.3,Cod,8,4.0,386.13,2023-05-13,386.13399999999996
10499,2023-05-14,1565,Beauty,North,4,283.77,0.32,Cod,5,4.6,771.85,2023-05-14,771.8543999999998
10500,2023-05-15,1569,Electronics,East,1,60.43,0.08,Wallet,9,2.7,55.6,2023-05-15,55.595600000000005
10501,2023-05-16,1322,Home,East,3,576.44,0.29,Wallet,1,1.5,1227.82,2023-05-16,1227.8172
10502,2023-05-17,1871,Home,East,5,529.21,0.25,Cod,7,4.4,1984.54,2023-05-17,1984.5375000000001
10503,2023-05-18,1685,Clothing,West,6,456.49,0.34,Cod,5,2.4,1807.7,2023-05-18,1807.7003999999997
10504,2023-05-19,1791,Electronics,South,6,561.08,0.2,Card,4,1.5,2693.18,2023-05-19,2693.1840000000007
10505,2023-05-20,1625,Electronics,North,2,143.78,0.03,Card,3,3.5,278.93,2023-05-20,278.9332
10506,2023-05-21,1287,Clothing,South,6,504.28,0.21,Card,10,3.3,2390.29,2023-05-21,2390.2871999999998
10507,2023-05-22,1942,Beauty,East,6,418.64,0.24,Cod,7,2.9,1909.0,2023-05-22,1908.9984000000002
10508,2023-05-23,1853,Beauty,East,4,523.81,0.08,Wallet,2,4.4,1927.62,2023-05-23,1927.6208
10509,2023-05-24,1662,Electronics,South,7,481.19,0.14,Wallet,5,2.1,2896.76,2023-05-24,2896.7637999999997
10510,2023-05-25,1961,Electronics,South,6,217.7,0.21,Card,2,1.1,1031.9,2023-05-25,1031.898
10511,2023-05-26,1638,Beauty,North,6,468.02,0.13,Cod,7,2.3,2443.06,2023-05-26,2443.0643999999998
10512,2023-05-27,1154,Home,East,3,168.54,0.13,Card,6,1.0,439.89,2023-05-27,439.8894
10513,2023-05-28,1489,Beauty,South,7,207.23,0.05,Card,10,3.2,1378.08,2023-05-28,1378.0794999999998
10514,2023-05-29,1385,Electronics,West,3,78.12,0.33,Wallet,7,2.5,157.02,2023-05-29,157.0212
10515,2023-05-30,1985,Clothing,East,1,562.02,0.26,Cod,9,4.3,415.89,2023-05-30,415.8948
10516,2023-05-31,1784,Home,East,1,185.24,0.0,Cod,2,4.2,185.24,2023-05-31,185.24
10517,2023-06-01,1103,Home,North,6,319.56,0.27,Card,9,2.7,1399.67,2023-06-01,1399.6728
10518,2023-06-02,1928,Clothing,West,6,243.93,0.26,Card,7,1.9,1083.05,2023-06-02,1083.0492
10519,2023-06-03,1392,Electronics,North,2,576.56,0.0,Cod,2,2.7,1153.12,2023-06-03,1153.12
10520,2023-06-04,1810,Clothing,West,1,211.0,0.13,Card,10,3.6,183.57,2023-06-04,183.57
10521,2023-06-05,1245,Electronics,North,4,470.45,0.21,Card,2,1.8,1486.62,2023-06-05,1486.622
10522,2023-06-06,1175,Clothing,West,6,515.42,0.16,Card,4,4.1,2597.72,2023-06-06,2597.7167999999997
10523,2023-06-07,1038,Beauty,West,4,269.83,0.27,Cod,2,2.3,787.9,2023-06-07,787.9036
10524,2023-06-08,1476,Clothing,West,6,236.23,0.15,Wallet,1,4.7,1204.77,2023-06-08,1204.773
10525,2023-06-09,1681,Home,South,4,452.43,0.05,Wallet,6,3.0,1719.23,2023-06-09,1719.234
10526,2023-06-10,1758,Electronics,East,5,549.04,0.34,Wallet,10,4.4,1811.83,2023-06-10,1811.8319999999997
10527,2023-06-11,1537,Home,West,4,456.64,0.08,Wallet,11,3.5,1680.44,2023-06-11,1680.4352000000001
10528,2023-06-12,1866,Beauty,South,7,147.87,0.25,Wallet,5,3.2,776.32,2023-06-12,776.3175000000001
10529,2023-06-13,1817,Electronics,South,1,534.66,0.05,Cod,3,3.7,507.93,2023-06-13,507.92699999999996
10530,2023-06-14,1920,Electronics,North,6,241.74,0.12,Cod,11,4.2,1276.39,2023-06-14,1276.3872000000001
10531,2023-06-15,1407,Clothing,East,1,352.09,0.15,Card,1,3.6,299.28,2023-06-15,299.2765
10532,2023-06-16,1524,Electronics,East,7,501.39,0.07,Wallet,9,4.2,3264.05,2023-06-16,3264.0489
10533,2023-06-17,1827,Home,North,7,125.21,0.16,Card,8,1.8,736.23,2023-06-17,736.2348
10534,2023-06-18,1505,Beauty,East,4,473.94,0.06,Card,6,2.1,1782.01,2023-06-18,1782.0143999999998
10535,2023-06-19,1902,Clothing,North,3,363.76,0.2,Wallet,6,1.9,873.02,2023-06-19,873.024
10536,2023-06-20,1824,Electronics,South,3,537.6,0.23,Card,4,4.2,1241.86,2023-06-20,1241.8560000000002
10537,2023-06-21,1035,Clothing,South,7,115.6,0.02,Wallet,2,1.3,793.02,2023-06-21,793.016
10538,2023-06-22,1684,Home,West,3,261.1,0.3,Cod,4,4.2,548.31,2023-06-22,548.3100000000001
10539,2023-06-23,1019,Electronics,North,6,502.21,0.06,Card,2,2.6,2832.46,2023-06-23,2832.4644
10540,2023-06-24,1320,Clothing,South,2,26.25,0.08,Cod,7,1.3,48.3,2023-06-24,48.300000000000004
10541,2023-06-25,1775,Clothing,South,5,80.64,0.23,Wallet,9,2.7,310.46,2023-06-25,310.464
10542,2023-06-26,1511,Clothing,North,4,594.48,0.16,Card,2,2.2,1997.45,2023-06-26,1997.4528
10543,2023-06-27,1399,Electronics,South,2,179.03,0.17,Cod,9,3.4,297.19,2023-06-27,297.1898
10544,2023-06-28,1653,Home,East,3,585.69,0.04,Wallet,9,2.9,1686.79,2023-06-28,1686.7872
10545,2023-06-29,1971,Electronics,South,4,121.78,0.28,Card,8,2.2,350.73,2023-06-29,350.7264
10546,2023-06-30,1882,Electronics,North,2,226.24,0.22,Card,1,4.4,352.93,2023-06-30,352.93440000000004
10547,2023-07-01,1470,Beauty,East,1,455.43,0.05,Card,5,2.6,432.66,2023-07-01,432.6585
10548,2023-07-02,1142,Home,East,3,399.8,0.13,Card,10,2.9,1043.48,2023-07-02,1043.478
10549,2023-07-03,1091,Electronics,South,2,354.96,0.28,Card,11,4.4,511.14,2023-07-03,511.14239999999995
10550,2023-07-04,1353,Electronics,West,6,324.99,0.2,Cod,4,1.4,1559.95,2023-07-04,1559.9520000000002
10551,2023-07-05,1833,Electronics,East,1,508.41,0.04,Card,7,2.6,488.07,2023-07-05,488.0736
10552,2023-07-06,1799,Electronics,North,3,152.44,0.13,Wallet,11,2.6,397.87,2023-07-06,397.8684
10553,2023-07-07,1726,Electronics,West,5,273.85,0.08,Card,8,3.0,1259.71,2023-07-07,1259.71
10554,2023-07-08,1958,Electronics,West,7,105.94,0.18,Cod,10,1.4,608.1,2023-07-08,608.0956
10555,2023-07-09,1853,Clothing,East,3,363.63,0.3,Cod,11,1.4,763.62,2023-07-09,763.6229999999998
10556,2023-07-10,1050,Home,South,6,161.57,0.15,Wallet,8,2.7,824.01,2023-07-10,824.007
10557,2023-07-11,1664,Clothing,West,5,210.3,0.15,Cod,2,1.1,893.78,2023-07-11,893.775
10558,2023-07-12,1697,Home,South,5,290.68,0.32,Card,3,2.0,988.31,2023-07-12,988.312
10559,2023-07-13,1574,Electronics,East,5,30.66,0.2,Wallet,10,1.8,122.64,2023-07-13,122.64000000000001
10560,2023-07-14,1189,Beauty,North,4,68.78,0.2,Card,10,3.0,220.1,2023-07-14,220.096
10561,2023-07-15,1124,Home,West,4,416.27,0.09,Card,7,1.0,1515.22,2023-07-15,1515.2228
10562,2023-07-16,1149,Home,North,7,265.95,0.21,Card,4,3.7,1470.7,2023-07-16,1470.7034999999998
10563,2023-07-17,1313,Home,South,5,520.9,0.2,Cod,6,4.4,2083.6,2023-07-17,2083.6
10564,2023-07-18,1569,Beauty,South,7,421.38,0.14,Card,8,3.8,2536.71,2023-07-18,2536.7075999999997
10565,2023-07-19,1341,Clothing,North,1,19.74,0.35,Cod,8,4.3,12.83,2023-07-19,12.831
10566,2023-07-20,1304,Electronics,East,5,375.78,0.31,Cod,7,3.6,1296.44,2023-07-20,1296.4409999999998
10567,2023-07-21,1691,Clothing,East,2,69.83,0.26,Wallet,2,3.0,103.35,2023-07-21,103.3484
10568,2023-07-22,1681,Home,West,5,471.85,0.19,Card,2,1.9,1910.99,2023-07-22,1910.9925
10569,2023-07-23,1837,Home,West,4,595.03,0.16,Card,3,2.1,1999.3,2023-07-23,1999.3007999999998
10570,2023-07-24,1782,Clothing,East,4,325.75,0.06,Card,4,2.3,1224.82,2023-07-24,1224.82
10571,2023-07-25,1053,Electronics,East,2,414.43,0.11,Card,1,1.2,737.69,2023-07-25,737.6854000000001
10572,2023-07-26,1443,Clothing,North,2,153.83,0.27,Cod,5,4.7,224.59,2023-07-26,224.5918
10573,2023-07-27,1612,Beauty,South,3,270.99,0.16,Cod,7,4.6,682.89,2023-07-27,682.8948
10574,2023-07-28,1992,Clothing,South,1,515.82,0.31,Cod,10,1.4,355.92,2023-07-28,355.9158
10575,2023-07-29,1263,Clothing,West,1,112.94,0.05,Wallet,11,3.2,107.29,2023-07-29,107.29299999999999
10576,2023-07-30,1052,Electronics,East,1,170.34,0.18,Wallet,5,2.9,139.68,2023-07-30,139.67880000000002
10577,2023-07-31,1571,Clothing,North,6,275.58,0.23,Card,7,3.7,1273.18,2023-07-31,1273.1796
10578,2023-08-01,1619,Beauty,West,4,431.67,0.18,Wallet,5,3.4,1415.88,2023-08-01,1415.8776000000003
10579,2023-08-02,1004,Home,North,1,234.89,0.31,Card,11,1.5,162.07,2023-08-02,162.0741
10580,2023-08-03,1102,Home,East,3,557.72,0.35,Cod,10,3.6,1087.55,2023-08-03,1087.554
10581,2023-08-04,1195,Clothing,East,3,70.26,0.04,Cod,8,3.4,202.35,2023-08-04,202.3488
10582,2023-08-05,1773,Clothing,East,1,231.92,0.05,Wallet,7,3.1,220.32,2023-08-05,220.32399999999998
10583,2023-08-06,1876,Electronics,South,2,429.74,0.05,Cod,1,2.6,816.51,2023-08-06,816.506
10584,2023-08-07,1991,Home,East,3,147.2,0.24,Cod,11,4.8,335.62,2023-08-07,335.616
10585,2023-08-08,1883,Clothing,West,7,399.0,0.13,Wallet,1,4.4,2429.91,2023-08-08,2429.91
10586,2023-08-09,1349,Clothing,South,2,111.07,0.26,Cod,5,3.3,164.38,2023-08-09,164.3836
10587,2023-08-10,1046,Clothing,North,7,47.75,0.14,Cod,2,1.0,287.46,2023-08-10,287.455
10588,2023-08-11,1866,Beauty,West,4,85.79,0.22,Card,9,2.7,267.66,2023-08-11,267.6648
10589,2023-08-12,1822,Electronics,West,6,559.04,0.27,Card,2,3.8,2448.6,2023-08-12,2448.5951999999997
10590,2023-08-13,1935,Home,North,3,337.77,0.19,Wallet,9,1.5,820.78,2023-08-13,820.7811
10591,2023-08-14,1819,Electronics,South,2,480.86,0.19,Cod,10,2.6,778.99,2023-08-14,778.9932000000001
10592,2023-08-15,1655,Clothing,West,7,209.6,0.03,Cod,2,1.8,1423.18,2023-08-15,1423.184
10593,2023-08-16,1268,Electronics,West,1,361.71,0.14,Card,4,2.4,311.07,2023-08-16,311.07059999999996
10594,2023-08-17,1369,Electronics,West,7,304.55,0.19,Card,3,1.1,1726.8,2023-08-17,1726.7985
10595,2023-08-18,1635,Clothing,South,7,568.26,0.16,Card,6,1.5,3341.37,2023-08-18,3341.3687999999997
10596,2023-08-19,1105,Electronics,South,4,452.33,0.32,Cod,4,2.8,1230.34,2023-08-19,1230.3375999999998
10597,2023-08-20,1669,Clothing,South,5,442.37,0.32,Card,9,4.6,1504.06,2023-08-20,1504.0579999999998
10598,2023-08-21,1658,Beauty,West,5,42.12,0.29,Card,9,3.0,149.53,2023-08-21,149.52599999999998
10599,2023-08-22,1656,Electronics,East,1,336.56,0.13,Cod,10,2.8,292.81,2023-08-22,292.8072
10600,2023-08-23,1119,Home,North,4,288.19,0.25,Cod,9,4.2,864.57,2023-08-23,864.5699999999999
10601,2023-08-24,1830,Clothing,East,4,557.79,0.14,Card,3,2.1,1918.8,2023-08-24,1918.7975999999999
10602,2023-08-25,1786,Home,South,4,165.55,0.08,Cod,3,1.4,609.22,2023-08-25,609.224
10603,2023-08-26,1603,Electronics,West,4,172.85,0.12,Wallet,4,1.8,608.43,2023-08-26,608.432
10604,2023-08-27,1057,Electronics,West,5,255.64,0.02,Cod,9,4.2,1252.64,2023-08-27,1252.6359999999997
10605,2023-08-28,1950,Electronics,East,2,157.37,0.12,Wallet,6,3.7,276.97,2023-08-28,276.9712
10606,2023-08-29,1345,Electronics,East,4,90.57,0.16,Wallet,9,1.4,304.32,2023-08-29,304.31519999999995
10607,2023-08-30,1740,Electronics,North,2,516.59,0.33,Card,8,3.7,692.23,2023-08-30,692.2306
10608,2023-08-31,1473,Home,West,7,341.59,0.11,Card,7,4.7,2128.11,2023-08-31,2128.1056999999996
10609,2023-09-01,1116,Beauty,East,7,518.9,0.32,Cod,5,1.2,2469.96,2023-09-01,2469.9639999999995
10610,2023-09-02,1829,Home,North,4,501.21,0.08,Cod,9,3.5,1844.45,2023-09-02,1844.4528
10611,2023-09-03,1790,Home,South,3,179.99,0.07,Card,4,2.5,502.17,2023-09-03,502.1721
10612,2023-09-04,1126,Electronics,East,6,335.43,0.18,Card,4,3.0,1650.32,2023-09-04,1650.3156000000001
10613,2023-09-05,1392,Electronics,South,3,63.68,0.24,Cod,8,3.1,145.19,2023-09-05,145.19039999999998
10614,2023-09-06,1907,Electronics,North,7,550.42,0.02,Card,4,4.1,3775.88,2023-09-06,3775.8811999999994
10615,2023-09-07,1640,Electronics,South,6,251.49,0.08,Wallet,7,3.2,1388.22,2023-09-07,1388.2248000000002
10616,2023-09-08,1057,Clothing,West,3,245.3,0.16,Card,4,3.4,618.16,2023-09-08,618.1560000000001
10617,2023-09-09,1633,Clothing,West,4,192.11,0.12,Wallet,11,2.3,676.23,2023-09-09,676.2272
10618,2023-09-10,1512,Clothing,South,2,284.49,0.25,Card,1,1.5,426.74,2023-09-10,426.735
10619,2023-09-11,1750,Clothing,West,6,162.28,0.18,Card,10,3.7,798.42,2023-09-11,798.4176000000001
10620,2023-09-12,1801,Home,North,5,234.29,0.06,Card,9,1.0,1101.16,2023-09-12,1101.163
10621,2023-09-13,1095,Home,West,1,482.97,0.31,Wallet,4,2.3,333.25,2023-09-13,333.2493
10622,2023-09-14,1637,Electronics,South,6,503.04,0.1,Card,3,1.9,2716.42,2023-09-14,2716.416
10623,2023-09-15,1117,Beauty,South,6,192.95,0.26,Cod,3,2.6,856.7,2023-09-15,856.6979999999999
10624,2023-09-16,1559,Beauty,South,5,289.37,0.27,Wallet,9,2.2,1056.2,2023-09-16,1056.2005
10625,2023-09-17,1600,Electronics,East,4,526.18,0.34,Cod,8,3.8,1389.12,2023-09-17,1389.1151999999997
10626,2023-09-18,1487,Clothing,South,3,45.81,0.17,Card,10,2.0,114.07,2023-09-18,114.0669
10627,2023-09-19,1236,Clothing,North,3,535.15,0.22,Wallet,7,3.2,1252.25,2023-09-19,1252.251
10628,2023-09-20,1884,Beauty,West,7,143.22,0.12,Wallet,7,2.8,882.24,2023-09-20,882.2352
10629,2023-09-21,1896,Beauty,West,2,411.95,0.24,Card,4,4.2,626.16,2023-09-21,626.164
10630,2023-09-22,1271,Electronics,East,4,355.79,0.16,Cod,3,2.7,1195.45,2023-09-22,1195.4544
10631,2023-09-23,1188,Clothing,East,5,338.47,0.15,Wallet,4,4.5,1438.5,2023-09-23,1438.4975000000002
10632,2023-09-24,1998,Clothing,North,4,517.73,0.3,Wallet,6,1.0,1449.64,2023-09-24,1449.644
10633,2023-09-25,1703,Clothing,South,4,74.42,0.02,Card,4,3.4,291.73,2023-09-25,291.7264
10634,2023-09-26,1446,Electronics,East,3,218.01,0.31,Wallet,4,1.0,451.28,2023-09-26,451.28069999999997
10635,2023-09-27,1580,Beauty,West,5,329.88,0.3,Card,2,3.9,1154.58,2023-09-27,1154.58
10636,2023-09-28,1789,Home,East,1,489.6,0.18,Card,7,1.9,401.47,2023-09-28,401.47200000000004
10637,2023-09-29,1860,Home,East,6,141.62,0.17,Card,6,2.5,705.27,2023-09-29,705.2676
10638,2023-09-30,1246,Beauty,South,3,484.71,0.13,Card,2,2.5,1265.09,2023-09-30,1265.0930999999998
10639,2023-10-01,1962,Home,East,5,248.79,0.35,Cod,5,4.4,808.57,2023-10-01,808.5675000000001
10640,2023-10-02,1075,Clothing,North,2,125.51,0.04,Cod,6,1.4,240.98,2023-10-02,240.9792
10641,2023-10-03,1153,Clothing,West,6,459.01,0.21,Card,5,3.7,2175.71,2023-10-03,2175.7074000000002
10642,2023-10-04,1655,Electronics,South,6,68.18,0.24,Card,4,4.9,310.9,2023-10-04,310.90080000000006
10643,2023-10-05,1434,Home,West,3,316.14,0.33,Card,11,1.1,635.44,2023-10-05,635.4413999999999
10644,2023-10-06,1996,Electronics,North,7,52.37,0.27,Wallet,11,4.9,267.61,2023-10-06,267.61069999999995
10645,2023-10-07,1085,Home,North,2,223.5,0.23,Wallet,9,1.1,344.19,2023-10-07,344.19
10646,2023-10-08,1696,Electronics,East,3,366.63,0.04,Card,3,4.4,1055.89,2023-10-08,1055.8944
10647,2023-10-09,1284,Electronics,East,4,340.33,0.13,Wallet,11,4.8,1184.35,2023-10-09,1184.3483999999999
10648,2023-10-10,1973,Electronics,East,7,251.72,0.05,Card,2,5.0,1673.94,2023-10-10,1673.9379999999999
10649,2023-10-11,1219,Electronics,West,5,265.99,0.31,Cod,9,2.8,917.67,2023-10-11,917.6655
10650,2023-10-12,1068,Home,North,2,147.66,0.26,Wallet,8,4.5,218.54,2023-10-12,218.5368
10651,2023-10-13,1046,Home,South,6,281.69,0.27,Card,9,1.5,1233.8,2023-10-13,1233.8021999999999
10652,2023-10-14,1093,Clothing,East,3,572.65,0.23,Cod,10,2.7,1322.82,2023-10-14,1322.8214999999998
10653,2023-10-15,1749,Electronics,West,6,512.51,0.18,Card,11,2.2,2521.55,2023-10-15,2521.5492
10654,2023-10-16,1957,Electronics,East,2,99.96,0.05,Card,3,2.6,189.92,2023-10-16,189.92399999999998
10655,2023-10-17,1452,Electronics,North,6,32.42,0.12,Cod,1,3.8,171.18,2023-10-17,171.1776
10656,2023-10-18,1203,Electronics,South,3,561.11,0.05,Wallet,11,1.3,1599.16,2023-10-18,1599.1634999999999
10657,2023-10-19,1911,Beauty,North,7,323.15,0.25,Cod,1,5.0,1696.54,2023-10-19,1696.5375
10658,2023-10-20,1217,Electronics,West,3,329.64,0.06,Wallet,3,3.5,929.58,2023-10-20,929.5847999999999
10659,2023-10-21,1473,Clothing,East,1,471.72,0.25,Wallet,4,4.5,353.79,2023-10-21,353.79
10660,2023-10-22,1431,Electronics,North,6,199.09,0.24,Card,2,4.3,907.85,2023-10-22,907.8504
10661,2023-10-23,1340,Electronics,West,1,296.92,0.16,Card,8,4.1,249.41,2023-10-23,249.4128
10662,2023-10-24,1550,Clothing,East,7,581.67,0.05,Cod,3,1.2,3868.11,2023-10-24,3868.1054999999997
10663,2023-10-25,1611,Clothing,South,1,408.21,0.11,Cod,4,3.1,363.31,2023-10-25,363.3069
10664,2023-10-26,1288,Electronics,North,6,104.94,0.11,Card,6,2.3,560.38,2023-10-26,560.3796
10665,2023-10-27,1253,Electronics,East,2,92.94,0.25,Wallet,10,1.5,139.41,2023-10-27,139.41
10666,2023-10-28,1733,Clothing,East,4,134.49,0.04,Cod,6,2.4,516.44,2023-10-28,516.4416
10667,2023-10-29,1356,Electronics,East,7,463.53,0.29,Card,2,3.6,2303.74,2023-10-29,2303.7441
10668,2023-10-30,1022,Electronics,East,3,187.8,0.27,Cod,6,1.9,411.28,2023-10-30,411.28200000000004
10669,2023-10-31,1761,Beauty,North,5,27.51,0.07,Card,4,2.8,127.92,2023-10-31,127.92150000000001
10670,2023-11-01,1521,Clothing,East,7,567.34,0.25,Cod,5,2.6,2978.54,2023-11-01,2978.535
10671,2023-11-02,1757,Clothing,West,1,114.28,0.23,Wallet,7,1.2,88.0,2023-11-02,87.9956
10672,2023-11-03,1836,Clothing,North,2,20.59,0.26,Wallet,7,3.5,30.47,2023-11-03,30.4732
10673,2023-11-04,1099,Clothing,East,6,153.72,0.07,Card,6,3.5,857.76,2023-11-04,857.7575999999999
10674,2023-11-05,1801,Clothing,North,2,152.49,0.06,Cod,10,4.9,286.68,2023-11-05,286.6812
10675,2023-11-06,1179,Home,West,2,261.87,0.08,Cod,6,2.2,481.84,2023-11-06,481.8408
10676,2023-11-07,1222,Home,West,6,553.43,0.13,Card,6,2.7,2888.9,2023-11-07,2888.9046
10677,2023-11-08,1905,Electronics,North,5,529.32,0.28,Card,4,2.6,1905.55,2023-11-08,1905.5520000000001
10678,2023-11-09,1761,Clothing,East,6,282.28,0.26,Cod,3,4.7,1253.32,2023-11-09,1253.3231999999998
10679,2023-11-10,1658,Clothing,East,5,255.38,0.32,Cod,1,2.6,868.29,2023-11-10,868.292
10680,2023-11-11,1441,Beauty,West,6,339.68,0.02,Card,3,2.8,1997.32,2023-11-11,1997.3183999999999
10681,2023-11-12,1607,Clothing,East,1,157.42,0.0,Card,3,2.0,157.42,2023-11-12,157.42
10682,2023-11-13,1768,Clothing,West,5,45.53,0.24,Card,9,1.0,173.01,2023-11-13,173.014
10683,2023-11-14,1324,Electronics,East,1,564.45,0.1,Card,3,1.4,508.01,2023-11-14,508.00500000000005
10684,2023-11-15,1515,Clothing,West,7,124.22,0.12,Cod,8,3.8,765.2,2023-11-15,765.1952
10685,2023-11-16,1015,Electronics,South,5,131.06,0.19,Card,8,3.7,530.79,2023-11-16,530.793
10686,2023-11-17,1791,Electronics,East,5,291.39,0.04,Card,3,2.3,1398.67,2023-11-17,1398.6719999999998
10687,2023-11-18,1335,Electronics,East,6,302.59,0.22,Wallet,10,2.9,1416.12,2023-11-18,1416.1212
10688,2023-11-19,1758,Home,East,5,25.78,0.11,Card,10,2.2,114.72,2023-11-19,114.721
10689,2023-11-20,1257,Electronics,North,1,101.55,0.22,Cod,6,3.9,79.21,2023-11-20,79.209
10690,2023-11-21,1496,Clothing,East,7,236.22,0.29,Wallet,8,4.4,1174.01,2023-11-21,1174.0133999999998
10691,2023-11-22,1987,Beauty,North,6,414.98,0.06,Cod,8,4.6,2340.49,2023-11-22,2340.4872
10692,2023-11-23,1895,Electronics,North,3,148.62,0.33,Cod,10,1.7,298.73,2023-11-23,298.7262
10693,2023-11-24,1159,Clothing,West,7,262.46,0.19,Card,10,3.8,1488.15,2023-11-24,1488.1481999999999
10694,2023-11-25,1474,Clothing,North,7,341.05,0.32,Card,9,4.9,1623.4,2023-11-25,1623.3979999999997
10695,2023-11-26,1851,Electronics,North,1,534.83,0.07,Cod,9,3.6,497.39,2023-11-26,497.3919
10696,2023-11-27,1663,Home,South,7,205.75,0.21,Cod,8,2.4,1137.8,2023-11-27,1137.7975000000001
10697,2023-11-28,1907,Electronics,East,3,93.13,0.14,Card,7,3.5,240.28,2023-11-28,240.2754
10698,2023-11-29,1689,Clothing,North,2,301.22,0.27,Cod,10,3.8,439.78,2023-11-29,439.7812
10699,2023-11-30,1674,Clothing,East,6,451.83,0.21,Wallet,3,2.6,2141.67,2023-11-30,2141.6742
10700,2023-12-01,1379,Clothing,North,2,79.27,0.17,Card,7,1.4,131.59,2023-12-01,131.5882
10701,2023-12-02,1544,Home,West,6,263.44,0.32,Cod,4,3.4,1074.84,2023-12-02,1074.8351999999998
10702,2023-12-03,1928,Electronics,South,7,25.4,0.13,Cod,2,4.2,154.69,2023-12-03,154.68599999999998
10703,2023-12-04,1956,Electronics,North,6,34.63,0.08,Wallet,8,5.0,191.16,2023-12-04,191.15760000000003
10704,2023-12-05,1690,Home,East,1,297.53,0.21,Wallet,2,1.9,235.05,2023-12-05,235.0487
10705,2023-12-06,1426,Clothing,West,3,189.45,0.22,Cod,1,3.8,443.31,2023-12-06,443.31299999999993
10706,2023-12-07,1612,Home,East,6,509.39,0.15,Card,5,1.1,2597.89,2023-12-07,2597.889
10707,2023-12-08,1267,Home,West,3,367.26,0.17,Card,10,4.9,914.48,2023-12-08,914.4774
10708,2023-12-09,1834,Home,South,6,280.55,0.34,Card,9,1.1,1110.98,2023-12-09,1110.978
10709,2023-12-10,1576,Clothing,West,3,253.64,0.26,Cod,5,2.4,563.08,2023-12-10,563.0808
10710,2023-12-11,1416,Electronics,East,2,305.89,0.04,Cod,11,1.3,587.31,2023-12-11,587.3087999999999
10711,2023-12-12,1167,Home,East,1,38.66,0.07,Wallet,2,3.5,35.95,2023-12-12,35.953799999999994
10712,2023-12-13,1841,Clothing,North,6,537.28,0.34,Cod,10,2.4,2127.63,2023-12-13,2127.6287999999995
10713,2023-12-14,1042,Electronics,West,4,599.01,0.25,Cod,4,3.9,1797.03,2023-12-14,1797.03
10714,2023-12-15,1555,Beauty,East,3,121.17,0.32,Cod,8,2.9,247.19,2023-12-15,247.18679999999998
10715,2023-12-16,1284,Beauty,North,3,85.42,0.11,Card,7,2.7,228.07,2023-12-16,228.07139999999998
10716,2023-12-17,1396,Clothing,South,4,98.99,0.26,Cod,5,2.4,293.01,2023-12-17,293.0104
10717,2023-12-18,1011,Electronics,East,1,401.7,0.25,Cod,4,1.3,301.27,2023-12-18,301.275
10718,2023-12-19,1606,Clothing,North,3,401.94,0.1,Wallet,5,1.8,1085.24,2023-12-19,1085.238
10719,2023-12-20,1301,Home,East,1,511.04,0.19,Card,7,3.6,413.94,2023-12-20,413.9424
10720,2023-12-21,1897,Beauty,West,3,454.82,0.22,Wallet,5,3.0,1064.28,2023-12-21,1064.2788
10721,2023-12-22,1252,Electronics,North,7,278.07,0.17,Cod,8,1.3,1615.59,2023-12-22,1615.5866999999998
10722,2023-12-23,1498,Electronics,West,5,373.52,0.29,Card,7,3.2,1326.0,2023-12-23,1325.9959999999999
10723,2023-12-24,1753,Beauty,South,7,417.65,0.29,Card,7,1.2,2075.72,2023-12-24,2075.7205
10724,2023-12-25,1034,Clothing,West,3,314.95,0.3,Card,9,3.0,661.39,2023-12-25,661.3949999999999
10725,2023-12-26,1726,Clothing,North,5,293.26,0.28,Cod,8,4.9,1055.74,2023-12-26,1055.7359999999999
10726,2023-12-27,1848,Beauty,East,6,392.38,0.17,Card,8,2.2,1954.05,2023-12-27,1954.0523999999998
10727,2023-12-28,1089,Electronics,North,1,341.12,0.13,Card,6,3.9,296.77,2023-12-28,296.7744
10728,2023-12-29,1775,Clothing,West,3,391.71,0.29,Wallet,7,4.0,834.34,2023-12-29,834.3422999999999
10729,2023-12-30,1604,Electronics,West,2,373.52,0.17,Cod,8,2.6,620.04,2023-12-30,620.0432
10730,2023-12-31,1921,Clothing,East,2,435.73,0.09,Cod,5,3.4,793.03,2023-12-31,793.0286000000001
10731,2024-01-01,1969,Home,South,4,391.04,0.18,Card,10,2.9,1282.61,2024-01-01,1282.6112
10732,2024-01-02,1601,Clothing,North,2,319.05,0.05,Cod,2,2.1,606.2,2024-01-02,606.195
10733,2024-01-03,1417,Beauty,East,5,413.85,0.24,Card,7,4.0,1572.63,2024-01-03,1572.63
10734,2024-01-04,1114,Clothing,East,2,277.95,0.12,Wallet,10,3.8,489.19,2024-01-04,489.192
10735,2024-01-05,1616,Electronics,East,2,156.38,0.09,Card,3,4.6,284.61,2024-01-05,284.6116
10736,2024-01-06,1902,Electronics,North,2,15.83,0.33,Cod,10,3.5,21.21,2024-01-06,21.2122
10737,2024-01-07,1195,Clothing,North,3,342.58,0.27,Cod,11,2.6,750.25,2024-01-07,750.2502
10738,2024-01-08,1825,Clothing,North,4,360.53,0.28,Cod,8,3.9,1038.33,2024-01-08,1038.3264
10739,2024-01-09,1500,Electronics,South,1,583.65,0.22,Wallet,6,3.5,455.25,2024-01-09,455.247
10740,2024-01-10,1625,Clothing,East,4,226.46,0.29,Card,11,3.5,643.15,2024-01-10,643.1464
10741,2024-01-11,1492,Clothing,West,5,245.57,0.27,Card,4,4.4,896.33,2024-01-11,896.3304999999999
10742,2024-01-12,1074,Home,West,3,133.05,0.21,Cod,2,4.6,315.33,2024-01-12,315.3285
10743,2024-01-13,1412,Home,East,6,56.26,0.34,Cod,7,1.7,222.79,2024-01-13,222.78959999999998
10744,2024-01-14,1375,Home,West,3,467.09,0.07,Card,1,2.3,1303.18,2024-01-14,1303.1810999999998
10745,2024-01-15,1419,Electronics,South,7,161.06,0.33,Card,7,3.6,755.37,2024-01-15,755.3714
10746,2024-01-16,1728,Electronics,South,2,371.21,0.14,Cod,10,3.2,638.48,2024-01-16,638.4812
10747,2024-01-17,1276,Home,North,2,417.35,0.18,Wallet,10,3.6,684.45,2024-01-17,684.4540000000001
10748,2024-01-18,1760,Clothing,North,5,290.67,0.04,Cod,7,2.7,1395.22,2024-01-18,1395.2160000000001
10749,2024-01-19,1675,Electronics,North,6,527.67,0.19,Wallet,10,2.6,2564.48,2024-01-19,2564.4761999999996
10750,2024-01-20,1393,Home,North,7,274.62,0.21,Cod,3,1.5,1518.65,2024-01-20,1518.6486000000002
10751,2024-01-21,1868,Home,North,3,181.67,0.35,Card,4,3.5,354.26,2024-01-21,354.2565
10752,2024-01-22,1456,Clothing,West,6,539.17,0.34,Card,4,1.7,2135.11,2024-01-22,2135.1131999999993
10753,2024-01-23,1919,Electronics,West,1,519.02,0.34,Cod,4,3.7,342.55,2024-01-23,342.55319999999995
10754,2024-01-24,1191,Home,North,4,110.96,0.12,Cod,9,4.9,390.58,2024-01-24,390.57919999999996
10755,2024-01-25,1738,Clothing,South,3,30.19,0.35,Cod,6,2.0,58.87,2024-01-25,58.87050000000001
10756,2024-01-26,1688,Home,West,6,67.64,0.16,Cod,10,1.6,340.91,2024-01-26,340.9056
10757,2024-01-27,1098,Home,South,1,182.63,0.3,Wallet,9,1.1,127.84,2024-01-27,127.841
10758,2024-01-28,1547,Home,South,1,583.77,0.08,Cod,4,2.5,537.07,2024-01-28,537.0684
10759,2024-01-29,1977,Clothing,East,7,341.73,0.18,Card,7,1.9,1961.53,2024-01-29,1961.5302000000001
10760,2024-01-30,1998,Electronics,East,7,233.36,0.34,Card,10,3.0,1078.12,2024-01-30,1078.1231999999998
10761,2024-01-31,1095,Home,North,4,534.9,0.33,Cod,9,3.1,1433.53,2024-01-31,1433.5319999999997
10762,2024-02-01,1663,Clothing,South,1,280.08,0.24,Wallet,10,2.4,212.86,2024-02-01,212.86079999999998
10763,2024-02-02,1662,Home,West,5,199.41,0.28,Card,3,4.0,717.88,2024-02-02,717.876
10764,2024-02-03,1189,Electronics,East,1,565.61,0.06,Wallet,3,4.6,531.67,2024-02-03,531.6734
10765,2024-02-04,1735,Electronics,East,6,511.97,0.25,Wallet,6,1.8,2303.87,2024-02-04,2303.8650000000002
10766,2024-02-05,1036,Beauty,South,7,508.55,0.22,Cod,8,4.3,2776.68,2024-02-05,2776.683
10767,2024-02-06,1779,Home,East,5,314.69,0.03,Card,1,1.5,1526.25,2024-02-06,1526.2465
10768,2024-02-07,1368,Beauty,East,7,476.82,0.04,Card,4,1.9,3204.23,2024-02-07,3204.2303999999995
10769,2024-02-08,1694,Home,West,7,119.92,0.04,Card,8,3.2,805.86,2024-02-08,805.8624
10770,2024-02-09,1524,Clothing,South,7,350.34,0.25,Card,6,2.2,1839.28,2024-02-09,1839.2849999999999
10771,2024-02-10,1278,Home,East,1,590.55,0.05,Cod,2,1.2,561.02,2024-02-10,561.0224999999999
10772,2024-02-11,1216,Beauty,South,2,185.21,0.16,Card,8,2.2,311.15,2024-02-11,311.1528
10773,2024-02-12,1866,Clothing,East,1,479.7,0.12,Cod,1,4.6,422.14,2024-02-12,422.13599999999997
10774,2024-02-13,1872,Clothing,West,7,301.93,0.19,Card,1,1.7,1711.94,2024-02-13,1711.9431000000002
10775,2024-02-14,1797,Electronics,South,5,38.29,0.25,Card,7,4.1,143.59,2024-02-14,143.58749999999998
10776,2024-02-15,1272,Clothing,East,1,461.37,0.24,Cod,10,3.9,350.64,2024-02-15,350.6412
10777,2024-02-16,1880,Home,West,7,113.61,0.18,Wallet,3,1.4,652.12,2024-02-16,652.1214
10778,2024-02-17,1061,Electronics,East,7,384.41,0.16,Cod,8,2.3,2260.33,2024-02-17,2260.3308
10779,2024-02-18,1595,Electronics,South,1,65.11,0.14,Cod,9,1.8,55.99,2024-02-18,55.9946
10780,2024-02-19,1879,Electronics,East,1,568.92,0.3,Cod,8,1.1,398.24,2024-02-19,398.24399999999997
10781,2024-02-20,1728,Electronics,South,5,185.66,0.12,Cod,1,1.7,816.9,2024-02-20,816.904
10782,2024-02-21,1341,Electronics,South,1,147.48,0.09,Wallet,1,1.8,134.21,2024-02-21,134.2068
10783,2024-02-22,1396,Clothing,East,4,90.54,0.26,Card,6,1.7,268.0,2024-02-22,267.9984
10784,2024-02-23,1698,Beauty,West,6,568.41,0.13,Wallet,1,1.4,2967.1,2024-02-23,2967.1002
10785,2024-02-24,1018,Clothing,North,4,431.46,0.3,Card,8,3.1,1208.09,2024-02-24,1208.088
10786,2024-02-25,1176,Electronics,West,5,448.87,0.11,Wallet,6,2.3,1997.47,2024-02-25,1997.4714999999999
10787,2024-02-26,1611,Electronics,West,2,307.15,0.25,Card,5,4.6,460.72,2024-02-26,460.72499999999997
10788,2024-02-27,1395,Home,East,4,292.72,0.02,Wallet,6,1.7,1147.46,2024-02-27,1147.4624000000001
10789,2024-02-28,1444,Clothing,West,7,79.36,0.13,Wallet,4,3.4,483.3,2024-02-28,483.3024
10790,2024-02-29,1232,Home,West,6,342.51,0.12,Card,1,4.6,1808.45,2024-02-29,1808.4528
10791,2024-03-01,1914,Home,North,3,159.45,0.29,Wallet,7,1.2,339.63,2024-03-01,339.6285
10792,2024-03-02,1075,Home,West,6,586.63,0.34,Card,10,3.1,2323.05,2024-03-02,2323.0547999999994
10793,2024-03-03,1264,Electronics,North,4,481.0,0.16,Card,9,2.8,1616.16,2024-03-03,1616.1599999999999
10794,2024-03-04,1454,Home,East,3,256.6,0.29,Card,4,4.7,546.56,2024-03-04,546.558
10795,2024-03-05,1795,Electronics,North,5,103.53,0.24,Wallet,4,3.7,393.41,2024-03-05,393.414
10796,2024-03-06,1717,Beauty,South,6,474.42,0.34,Cod,9,2.4,1878.7,2024-03-06,1878.7031999999997
10797,2024-03-07,1734,Clothing,South,2,86.4,0.28,Cod,4,3.8,124.42,2024-03-07,124.416
10798,2024-03-08,1383,Electronics,North,3,125.76,0.03,Cod,10,3.3,365.96,2024-03-08,365.96160000000003
10799,2024-03-09,1563,Electronics,South,3,138.74,0.25,Wallet,4,2.4,312.17,2024-03-09,312.165
10800,2024-03-10,1850,Electronics,East,6,340.78,0.19,Cod,8,4.1,1656.19,2024-03-10,1656.1908
10801,2024-03-11,1505,Home,South,4,475.43,0.01,Card,11,3.7,1882.7,2024-03-11,1882.7028
10802,2024-03-12,1366,Electronics,North,3,198.87,0.09,Card,4,1.0,542.92,2024-03-12,542.9151
10803,2024-03-13,1143,Clothing,East,5,64.53,0.32,Card,9,4.5,219.4,2024-03-13,219.40199999999996
10804,2024-03-14,1884,Electronics,South,6,286.76,0.32,Cod,11,2.6,1169.98,2024-03-14,1169.9807999999998
10805,2024-03-15,1068,Home,East,5,452.64,0.28,Card,8,3.6,1629.5,2024-03-15,1629.504
10806,2024-03-16,1098,Home,North,6,144.67,0.34,Card,5,2.6,572.89,2024-03-16,572.8931999999999
10807,2024-03-17,1395,Home,South,5,143.66,0.28,Wallet,9,4.5,517.18,2024-03-17,517.1759999999999
10808,2024-03-18,1024,Home,East,4,569.13,0.0,Card,8,3.6,2276.52,2024-03-18,2276.52
10809,2024-03-19,1947,Electronics,East,6,573.18,0.1,Cod,10,3.3,3095.17,2024-03-19,3095.172
10810,2024-03-20,1890,Electronics,South,7,594.42,0.01,Card,4,4.9,4119.33,2024-03-20,4119.330599999999
10811,2024-03-21,1468,Home,East,2,487.48,0.03,Card,4,2.1,945.71,2024-03-21,945.7112
10812,2024-03-22,1483,Clothing,East,4,125.09,0.08,Card,1,1.3,460.33,2024-03-22,460.3312
10813,2024-03-23,1564,Clothing,North,5,139.01,0.18,Card,4,3.1,569.94,2024-03-23,569.941
10814,2024-03-24,1150,Electronics,North,6,214.03,0.3,Wallet,8,2.7,898.93,2024-03-24,898.9259999999999
10815,2024-03-25,1143,Electronics,North,4,201.11,0.3,Card,5,2.8,563.11,2024-03-25,563.108
10816,2024-03-26,1568,Electronics,North,5,574.57,0.22,Card,6,3.5,2240.82,2024-03-26,2240.8230000000003
10817,2024-03-27,1038,Beauty,North,1,476.61,0.32,Cod,4,3.5,324.09,2024-03-27,324.09479999999996
10818,2024-03-28,1108,Electronics,North,1,438.55,0.18,Cod,5,2.6,359.61,2024-03-28,359.61100000000005
10819,2024-03-29,1692,Clothing,South,3,123.79,0.31,Cod,10,4.5,256.25,2024-03-29,256.2453
10820,2024-03-30,1041,Electronics,North,2,547.07,0.16,Wallet,8,3.6,919.08,2024-03-30,919.0776000000001
10821,2024-03-31,1185,Home,East,1,499.3,0.1,Cod,9,4.6,449.37,2024-03-31,449.37
10822,2024-04-01,1934,Electronics,South,7,110.73,0.32,Card,3,4.7,527.07,2024-04-01,527.0748
10823,2024-04-02,1397,Beauty,East,5,524.63,0.14,Wallet,10,1.7,2255.91,2024-04-02,2255.909
10824,2024-04-03,1222,Beauty,North,4,174.26,0.18,Cod,4,3.7,571.57,2024-04-03,571.5728
10825,2024-04-04,1633,Electronics,North,6,62.31,0.12,Card,1,2.3,329.0,2024-04-04,328.9968
10826,2024-04-05,1132,Beauty,East,4,399.24,0.23,Card,11,4.3,1229.66,2024-04-05,1229.6592
10827,2024-04-06,1162,Beauty,East,3,397.48,0.35,Card,5,3.9,775.09,2024-04-06,775.086
10828,2024-04-07,1214,Home,East,4,70.54,0.01,Card,4,1.8,279.34,2024-04-07,279.33840000000004
10829,2024-04-08,1732,Home,West,1,201.53,0.31,Card,6,4.8,139.06,2024-04-08,139.0557
10830,2024-04-09,1234,Electronics,West,4,595.8,0.0,Card,6,3.7,2383.2,2024-04-09,2383.2
10831,2024-04-10,1842,Clothing,West,1,411.88,0.13,Wallet,10,4.8,358.34,2024-04-10,358.3356
10832,2024-04-11,1657,Electronics,West,1,442.09,0.06,Wallet,6,1.8,415.56,2024-04-11,415.5645999999999
10833,2024-04-12,1750,Electronics,South,2,139.56,0.27,Cod,3,4.5,203.76,2024-04-12,203.7576
10834,2024-04-13,1587,Beauty,North,3,61.09,0.02,Wallet,7,3.7,179.6,2024-04-13,179.6046
10835,2024-04-14,1008,Electronics,East,7,176.99,0.19,Card,3,3.2,1003.53,2024-04-14,1003.5333000000002
10836,2024-04-15,1073,Home,North,7,160.61,0.1,Wallet,6,4.3,1011.84,2024-04-15,1011.843
10837,2024-04-16,1953,Home,East,5,152.21,0.05,Cod,10,3.5,723.0,2024-04-16,722.9975000000001
10838,2024-04-17,1491,Beauty,North,7,127.76,0.27,Card,1,3.7,652.85,2024-04-17,652.8536
10839,2024-04-18,1912,Beauty,South,1,351.23,0.08,Card,8,2.0,323.13,2024-04-18,323.13160000000005
10840,2024-04-19,1252,Electronics,West,6,206.94,0.08,Card,7,4.3,1142.31,2024-04-19,1142.3088
10841,2024-04-20,1229,Electronics,North,3,494.9,0.1,Card,9,3.6,1336.23,2024-04-20,1336.2299999999998
10842,2024-04-21,1518,Clothing,East,5,122.61,0.21,Card,3,4.4,484.31,2024-04-21,484.3095
10843,2024-04-22,1173,Electronics,North,7,286.81,0.23,Card,8,2.4,1545.91,2024-04-22,1545.9059000000002
10844,2024-04-23,1652,Electronics,South,7,22.99,0.01,Card,2,2.3,159.32,2024-04-23,159.3207
10845,2024-04-24,1167,Clothing,South,6,296.78,0.08,Card,9,1.1,1638.23,2024-04-24,1638.2256
10846,2024-04-25,1169,Home,North,4,47.67,0.15,Wallet,1,4.1,162.08,2024-04-25,162.078
10847,2024-04-26,1392,Clothing,West,3,586.97,0.12,Card,10,2.3,1549.6,2024-04-26,1549.6008000000002
10848,2024-04-27,1945,Electronics,East,6,477.5,0.31,Card,7,2.3,1976.85,2024-04-27,1976.85
10849,2024-04-28,1794,Home,South,7,301.72,0.28,Cod,10,3.8,1520.67,2024-04-28,1520.6688
10850,2024-04-29,1633,Electronics,South,3,65.65,0.22,Wallet,1,2.0,153.62,2024-04-29,153.621
10851,2024-04-30,1193,Electronics,North,3,361.58,0.12,Card,6,4.6,954.57,2024-04-30,954.5712
10852,2024-05-01,1516,Home,South,7,458.88,0.25,Wallet,1,3.2,2409.12,2024-05-01,2409.12
10853,2024-05-02,1028,Clothing,South,4,126.57,0.3,Card,4,4.9,354.4,2024-05-02,354.39599999999996
10854,2024-05-03,1164,Home,East,4,347.4,0.21,Card,7,1.3,1097.78,2024-05-03,1097.7839999999999
10855,2024-05-04,1421,Electronics,West,7,491.31,0.27,Card,2,2.3,2510.59,2024-05-04,2510.5941
10856,2024-05-05,1338,Home,East,3,464.42,0.26,Cod,3,2.5,1031.01,2024-05-05,1031.0124
10857,2024-05-06,1647,Clothing,West,6,484.75,0.2,Card,4,3.9,2326.8,2024-05-06,2326.8
10858,2024-05-07,1495,Clothing,East,2,529.4,0.11,Cod,6,1.9,942.33,2024-05-07,942.332
10859,2024-05-08,1364,Clothing,North,1,563.54,0.26,Card,9,2.5,417.02,2024-05-08,417.01959999999997
10860,2024-05-09,1832,Beauty,South,4,252.23,0.07,Cod,4,4.6,938.3,2024-05-09,938.2955999999999
10861,2024-05-10,1341,Clothing,West,7,347.73,0.27,Card,6,1.5,1776.9,2024-05-10,1776.9003
10862,2024-05-11,1499,Clothing,North,2,477.54,0.28,Cod,7,4.0,687.66,2024-05-11,687.6576
10863,2024-05-12,1656,Beauty,South,4,422.83,0.29,Cod,4,3.8,1200.84,2024-05-12,1200.8372
10864,2024-05-13,1510,Home,South,3,597.38,0.17,Cod,6,1.5,1487.48,2024-05-13,1487.4761999999998
10865,2024-05-14,1326,Clothing,South,7,23.0,0.07,Card,3,3.8,149.73,2024-05-14,149.73
10866,2024-05-15,1216,Home,East,2,222.75,0.03,Wallet,5,3.3,432.14,2024-05-15,432.135
10867,2024-05-16,1300,Clothing,North,7,179.4,0.26,Cod,11,2.2,929.29,2024-05-16,929.2919999999999
10868,2024-05-17,1131,Electronics,North,6,168.45,0.31,Card,10,2.2,697.38,2024-05-17,697.3829999999999
10869,2024-05-18,1803,Clothing,South,6,145.18,0.23,Wallet,4,4.3,670.73,2024-05-18,670.7316000000001
10870,2024-05-19,1069,Beauty,West,5,429.84,0.05,Cod,7,1.9,2041.74,2024-05-19,2041.7399999999998
10871,2024-05-20,1251,Beauty,North,1,64.58,0.33,Cod,6,3.1,43.27,2024-05-20,43.26859999999999
10872,2024-05-21,1414,Electronics,East,1,448.84,0.35,Card,7,3.7,291.75,2024-05-21,291.746
10873,2024-05-22,1786,Clothing,West,4,420.65,0.15,Cod,6,1.5,1430.21,2024-05-22,1430.2099999999998
10874,2024-05-23,1444,Electronics,West,1,161.72,0.21,Card,2,4.7,127.76,2024-05-23,127.75880000000001
10875,2024-05-24,1875,Beauty,West,7,162.91,0.27,Card,7,2.0,832.47,2024-05-24,832.4700999999999
10876,2024-05-25,1181,Beauty,West,7,382.88,0.26,Card,8,2.3,1983.32,2024-05-25,1983.3183999999999
10877,2024-05-26,1166,Clothing,North,5,460.87,0.34,Cod,7,3.7,1520.87,2024-05-26,1520.8709999999999
10878,2024-05-27,1090,Home,South,6,527.74,0.04,Card,4,1.3,3039.78,2024-05-27,3039.7824
10879,2024-05-28,1713,Home,West,2,513.5,0.2,Wallet,4,3.5,821.6,2024-05-28,821.6
10880,2024-05-29,1857,Clothing,East,2,579.46,0.24,Card,5,4.7,880.78,2024-05-29,880.7792000000001
10881,2024-05-30,1530,Electronics,East,6,355.11,0.31,Card,9,2.0,1470.16,2024-05-30,1470.1553999999999
10882,2024-05-31,1038,Clothing,South,3,546.56,0.31,Cod,5,2.4,1131.38,2024-05-31,1131.3791999999999
10883,2024-06-01,1125,Home,North,6,487.98,0.34,Cod,2,1.9,1932.4,2024-06-01,1932.4008
10884,2024-06-02,1450,Home,South,2,538.38,0.18,Card,5,4.3,882.94,2024-06-02,882.9432
10885,2024-06-03,1172,Clothing,West,4,21.8,0.29,Card,3,1.7,61.91,2024-06-03,61.912
10886,2024-06-04,1652,Beauty,North,5,580.05,0.15,Card,10,2.4,2465.21,2024-06-04,2465.2125
10887,2024-06-05,1753,Electronics,North,6,292.02,0.15,Cod,8,3.4,1489.3,2024-06-05,1489.302
10888,2024-06-06,1219,Clothing,West,3,481.94,0.09,Card,10,2.6,1315.7,2024-06-06,1315.6962
10889,2024-06-07,1637,Home,East,4,89.41,0.29,Cod,10,1.3,253.92,2024-06-07,253.9244
10890,2024-06-08,1057,Home,West,6,246.63,0.35,Cod,2,4.8,961.86,2024-06-08,961.857
10891,2024-06-09,1659,Clothing,South,4,173.8,0.09,Card,11,2.4,632.63,2024-06-09,632.6320000000001
10892,2024-06-10,1475,Electronics,West,6,185.62,0.02,Card,4,2.8,1091.45,2024-06-10,1091.4456
10893,2024-06-11,1455,Electronics,East,4,87.1,0.29,Card,5,1.7,247.36,2024-06-11,247.36399999999998
10894,2024-06-12,1828,Clothing,West,7,486.37,0.22,Card,4,4.5,2655.58,2024-06-12,2655.5802000000003
10895,2024-06-13,1894,Clothing,South,1,20.41,0.34,Cod,5,2.2,13.47,2024-06-13,13.4706
10896,2024-06-14,1360,Electronics,South,4,197.82,0.09,Cod,10,1.1,720.06,2024-06-14,720.0648
10897,2024-06-15,1934,Home,East,7,117.03,0.02,Cod,11,2.3,802.83,2024-06-15,802.8258000000001
10898,2024-06-16,1000,Clothing,South,1,359.59,0.17,Card,4,4.9,298.46,2024-06-16,298.45969999999994
10899,2024-06-17,1386,Home,South,2,163.74,0.03,Wallet,3,1.6,317.66,2024-06-17,317.6556
10900,2024-06-18,1972,Home,West,1,166.51,0.09,Card,1,1.1,151.52,2024-06-18,151.5241
10901,2024-06-19,1347,Electronics,North,4,300.68,0.04,Card,4,3.3,1154.61,2024-06-19,1154.6112
10902,2024-06-20,1189,Electronics,South,5,396.82,0.08,Cod,9,2.5,1825.37,2024-06-20,1825.372
10903,2024-06-21,1504,Home,South,5,85.96,0.04,Wallet,1,4.2,412.61,2024-06-21,412.60799999999995
10904,2024-06-22,1190,Clothing,East,2,117.67,0.33,Card,7,3.9,157.68,2024-06-22,157.6778
10905,2024-06-23,1507,Home,East,4,159.6,0.1,Cod,3,1.7,574.56,2024-06-23,574.56
10906,2024-06-24,1368,Home,West,1,584.64,0.16,Wallet,8,3.3,491.1,2024-06-24,491.09759999999994
10907,2024-06-25,1408,Home,West,5,247.33,0.31,Cod,6,1.1,853.29,2024-06-25,853.2885
10908,2024-06-26,1823,Beauty,South,6,365.41,0.24,Card,1,2.8,1666.27,2024-06-26,1666.2696
10909,2024-06-27,1928,Clothing,North,3,156.3,0.22,Wallet,10,3.9,365.74,2024-06-27,365.742
10910,2024-06-28,1933,Clothing,North,4,301.92,0.25,Cod,5,2.7,905.76,2024-06-28,905.76
10911,2024-06-29,1116,Clothing,West,7,58.36,0.29,Cod,8,1.5,290.05,2024-06-29,290.0492
10912,2024-06-30,1133,Electronics,East,7,35.32,0.31,Cod,11,1.2,170.6,2024-06-30,170.5956
10913,2024-07-01,1057,Clothing,South,6,289.21,0.22,Wallet,3,4.4,1353.5,2024-07-01,1353.5027999999998
10914,2024-07-02,1555,Electronics,South,6,248.22,0.31,Card,4,4.6,1027.63,2024-07-02,1027.6308
10915,2024-07-03,1684,Beauty,North,4,95.07,0.19,Card,7,2.4,308.03,2024-07-03,308.0268
10916,2024-07-04,1671,Clothing,West,3,417.25,0.1,Cod,11,1.7,1126.58,2024-07-04,1126.575
10917,2024-07-05,1172,Clothing,North,5,595.85,0.31,Card,6,4.9,2055.68,2024-07-05,2055.6825
10918,2024-07-06,1828,Clothing,North,3,246.45,0.19,Card,7,3.2,598.87,2024-07-06,598.8734999999999
10919,2024-07-07,1814,Electronics,West,2,380.37,0.32,Cod,9,2.9,517.3,2024-07-07,517.3032
10920,2024-07-08,1148,Electronics,East,1,578.34,0.01,Card,9,4.0,572.56,2024-07-08,572.5566
10921,2024-07-09,1079,Clothing,South,1,501.45,0.14,Cod,2,1.7,431.25,2024-07-09,431.24699999999996
10922,2024-07-10,1885,Electronics,East,6,286.18,0.33,Wallet,3,3.3,1150.44,2024-07-10,1150.4435999999998
10923,2024-07-11,1212,Clothing,West,5,446.43,0.09,Card,4,4.6,2031.26,2024-07-11,2031.2565000000002
10924,2024-07-12,1202,Beauty,West,3,89.96,0.33,Wallet,6,1.1,180.82,2024-07-12,180.81959999999998
10925,2024-07-13,1763,Beauty,South,6,314.58,0.33,Card,5,3.7,1264.61,2024-07-13,1264.6116
10926,2024-07-14,1228,Home,East,4,178.25,0.31,Wallet,6,3.2,491.97,2024-07-14,491.96999999999997
10927,2024-07-15,1675,Electronics,South,6,109.28,0.2,Wallet,11,4.8,524.54,2024-07-15,524.5440000000001
10928,2024-07-16,1226,Beauty,North,4,264.37,0.23,Card,8,2.0,814.26,2024-07-16,814.2596
10929,2024-07-17,1658,Beauty,North,4,91.64,0.3,Card,2,4.4,256.59,2024-07-17,256.592
10930,2024-07-18,1531,Electronics,North,2,423.91,0.27,Card,6,2.2,618.91,2024-07-18,618.9086
10931,2024-07-19,1440,Home,East,2,281.9,0.22,Wallet,9,2.7,439.76,2024-07-19,439.76399999999995
10932,2024-07-20,1401,Electronics,North,4,325.72,0.34,Wallet,5,1.9,859.9,2024-07-20,859.9008
10933,2024-07-21,1046,Home,South,5,100.63,0.24,Card,1,4.5,382.39,2024-07-21,382.394
10934,2024-07-22,1232,Beauty,East,2,96.77,0.34,Cod,8,1.8,127.74,2024-07-22,127.73639999999997
10935,2024-07-23,1304,Electronics,South,2,356.3,0.02,Card,4,4.4,698.35,2024-07-23,698.348
10936,2024-07-24,1525,Beauty,West,1,591.23,0.05,Cod,8,2.8,561.67,2024-07-24,561.6685
10937,2024-07-25,1142,Clothing,East,6,71.31,0.16,Wallet,4,4.3,359.4,2024-07-25,359.4024
10938,2024-07-26,1414,Beauty,South,1,182.15,0.13,Card,11,2.1,158.47,2024-07-26,158.47050000000002
10939,2024-07-27,1512,Clothing,South,5,523.63,0.27,Wallet,8,1.5,1911.25,2024-07-27,1911.2495000000001
10940,2024-07-28,1372,Home,East,2,57.28,0.06,Wallet,9,3.2,107.69,2024-07-28,107.68639999999999
10941,2024-07-29,1565,Electronics,West,7,527.39,0.34,Wallet,5,3.0,2436.54,2024-07-29,2436.5417999999995
10942,2024-07-30,1885,Electronics,East,2,321.71,0.11,Card,5,2.4,572.64,2024-07-30,572.6437999999999
10943,2024-07-31,1258,Electronics,North,3,253.84,0.15,Card,2,3.7,647.29,2024-07-31,647.2919999999999
10944,2024-08-01,1655,Beauty,North,5,196.16,0.1,Card,9,1.4,882.72,2024-08-01,882.72
10945,2024-08-02,1470,Home,West,7,188.81,0.2,Cod,11,3.5,1057.34,2024-08-02,1057.336
10946,2024-08-03,1952,Beauty,South,6,193.89,0.02,Cod,4,1.8,1140.07,2024-08-03,1140.0731999999998
10947,2024-08-04,1970,Beauty,South,6,532.61,0.05,Card,3,1.5,3035.88,2024-08-04,3035.8769999999995
10948,2024-08-05,1011,Electronics,South,7,438.42,0.26,Cod,2,4.6,2271.02,2024-08-05,2271.0156
10949,2024-08-06,1329,Clothing,East,6,406.79,0.07,Card,3,2.8,2269.89,2024-08-06,2269.8882
10950,2024-08-07,1735,Electronics,East,7,482.27,0.08,Card,4,4.1,3105.82,2024-08-07,3105.8188
10951,2024-08-08,1783,Electronics,West,5,165.41,0.28,Card,9,1.4,595.48,2024-08-08,595.476
10952,2024-08-09,1967,Electronics,North,7,376.56,0.03,Card,6,1.2,2556.84,2024-08-09,2556.8424
10953,2024-08-10,1357,Clothing,South,7,284.14,0.15,Card,10,3.0,1690.63,2024-08-10,1690.633
10954,2024-08-11,1971,Electronics,North,3,472.73,0.01,Card,5,2.3,1404.01,2024-08-11,1404.0081
10955,2024-08-12,1407,Electronics,East,3,195.91,0.12,Wallet,9,1.0,517.2,2024-08-12,517.2024
10956,2024-08-13,1667,Electronics,East,1,391.26,0.24,Cod,8,1.7,297.36,2024-08-13,297.3576
10957,2024-08-14,1372,Electronics,East,5,531.09,0.03,Card,6,1.9,2575.79,2024-08-14,2575.7865
10958,2024-08-15,1007,Beauty,North,5,250.26,0.31,Cod,3,2.2,863.4,2024-08-15,863.3969999999999
10959,2024-08-16,1121,Home,West,3,53.97,0.32,Cod,7,4.5,110.1,2024-08-16,110.09879999999998
10960,2024-08-17,1347,Beauty,West,4,316.89,0.04,Card,10,2.7,1216.86,2024-08-17,1216.8575999999998
10961,2024-08-18,1675,Clothing,East,4,217.39,0.35,Cod,6,3.7,565.21,2024-08-18,565.2139999999999
10962,2024-08-19,1089,Electronics,South,1,408.25,0.1,Cod,11,1.1,367.42,2024-08-19,367.425
10963,2024-08-20,1647,Home,North,4,571.35,0.03,Cod,8,4.3,2216.84,2024-08-20,2216.838
10964,2024-08-21,1697,Electronics,East,4,299.08,0.0,Cod,6,2.0,1196.32,2024-08-21,1196.32
10965,2024-08-22,1315,Electronics,North,4,287.72,0.14,Cod,11,2.2,989.76,2024-08-22,989.7568000000001
10966,2024-08-23,1177,Electronics,North,2,397.93,0.22,Card,10,1.2,620.77,2024-08-23,620.7708
10967,2024-08-24,1539,Electronics,West,1,75.55,0.12,Wallet,4,2.6,66.48,2024-08-24,66.484
10968,2024-08-25,1731,Electronics,East,3,163.3,0.29,Card,10,4.4,347.83,2024-08-25,347.829
10969,2024-08-26,1868,Clothing,West,4,552.6,0.25,Wallet,7,2.5,1657.8,2024-08-26,1657.8000000000002
10970,2024-08-27,1040,Home,East,6,406.92,0.12,Card,7,4.6,2148.54,2024-08-27,2148.5376
10971,2024-08-28,1739,Electronics,North,7,22.86,0.26,Card,11,4.5,118.41,2024-08-28,118.41479999999999
10972,2024-08-29,1703,Electronics,West,2,134.71,0.33,Cod,8,1.2,180.51,2024-08-29,180.51139999999998
10973,2024-08-30,1922,Home,North,4,414.46,0.03,Card,2,2.2,1608.1,2024-08-30,1608.1047999999998
10974,2024-08-31,1501,Electronics,East,7,462.17,0.11,Wallet,11,4.6,2879.32,2024-08-31,2879.3191
10975,2024-09-01,1958,Electronics,South,7,506.32,0.16,Card,6,1.1,2977.16,2024-09-01,2977.1616
10976,2024-09-02,1144,Beauty,West,2,185.92,0.17,Cod,3,4.1,308.63,2024-09-02,308.62719999999996
10977,2024-09-03,1200,Electronics,West,1,559.65,0.19,Card,8,4.6,453.32,2024-09-03,453.3165
10978,2024-09-04,1928,Electronics,North,6,338.47,0.11,Card,4,4.1,1807.43,2024-09-04,1807.4298000000001
10979,2024-09-05,1723,Clothing,North,6,422.48,0.23,Card,4,4.0,1951.86,2024-09-05,1951.8576
10980,2024-09-06,1460,Electronics,South,6,364.09,0.23,Cod,2,4.4,1682.1,2024-09-06,1682.0958
10981,2024-09-07,1731,Clothing,West,4,86.8,0.2,Cod,6,3.7,277.76,2024-09-07,277.76
10982,2024-09-08,1751,Home,East,2,578.42,0.04,Cod,6,2.7,1110.57,2024-09-08,1110.5664
10983,2024-09-09,1924,Electronics,East,6,86.88,0.17,Wallet,1,1.3,432.66,2024-09-09,432.66239999999993
10984,2024-09-10,1908,Clothing,West,7,164.11,0.12,Cod,8,4.2,1010.92,2024-09-10,1010.9176
10985,2024-09-11,1557,Clothing,West,7,490.97,0.17,Wallet,3,4.6,2852.54,2024-09-11,2852.5357
10986,2024-09-12,1546,Electronics,West,5,376.88,0.32,Card,1,3.0,1281.39,2024-09-12,1281.392
10987,2024-09-13,1252,Clothing,South,5,505.32,0.17,Card,10,3.1,2097.08,2024-09-13,2097.078
10988,2024-09-14,1389,Electronics,East,2,316.71,0.0,Card,1,2.6,633.42,2024-09-14,633.42
10989,2024-09-15,1593,Clothing,East,4,235.54,0.15,Card,1,4.4,800.84,2024-09-15,800.8359999999999
10990,2024-09-16,1882,Electronics,North,4,554.28,0.29,Cod,5,1.1,1574.16,2024-09-16,1574.1552
10991,2024-09-17,1255,Clothing,North,1,36.21,0.27,Cod,5,3.5,26.43,2024-09-17,26.4333
10992,2024-09-18,1708,Electronics,West,1,515.84,0.18,Cod,1,4.6,422.99,2024-09-18,422.9888000000001
10993,2024-09-19,1814,Home,North,6,150.03,0.09,Cod,5,1.4,819.16,2024-09-19,819.1638
10994,2024-09-20,1920,Electronics,South,3,511.51,0.16,Wallet,7,4.8,1289.01,2024-09-20,1289.0051999999998
10995,2024-09-21,1449,Clothing,East,7,96.43,0.2,Wallet,5,4.9,540.01,2024-09-21,540.008
10996,2024-09-22,1009,Clothing,East,1,354.43,0.35,Card,9,4.7,230.38,2024-09-22,230.3795
10997,2024-09-23,1823,Home,North,4,534.54,0.23,Card,4,2.9,1646.38,2024-09-23,1646.3832
10998,2024-09-24,1797,Clothing,West,7,292.02,0.24,Card,9,2.5,1553.55,2024-09-24,1553.5464
10999,2024-09-25,1241,Home,North,3,451.74,0.17,Card,8,3.8,1124.83,2024-09-25,1124.8326
11000,2024-09-26,1250,Home,West,1,485.73,0.12,Cod,1,2.3,427.44,2024-09-26,427.4424
11001,2024-09-27,1876,Beauty,South,2,445.85,0.28,Cod,4,1.3,642.02,2024-09-27,642.024
11002,2024-09-28,1004,Electronics,East,5,556.32,0.17,Card,7,4.6,2308.73,2024-09-28,2308.728
11003,2024-09-29,1118,Clothing,South,1,276.4,0.35,Cod,1,3.5,179.66,2024-09-29,179.66
11004,2024-09-30,1800,Home,East,1,116.28,0.16,Cod,8,1.8,97.68,2024-09-30,97.6752
11005,2024-10-01,1373,Beauty,South,2,42.97,0.02,Card,11,1.1,84.22,2024-10-01,84.2212
11006,2024-10-02,1064,Beauty,North,4,159.18,0.24,Card,2,3.9,483.91,2024-10-02,483.90720000000005
11007,2024-10-03,1145,Clothing,South,6,98.77,0.02,Wallet,8,4.4,580.77,2024-10-03,580.7676
11008,2024-10-04,1223,Electronics,South,2,341.4,0.09,Cod,11,2.6,621.35,2024-10-04,621.348
11009,2024-10-05,1238,Clothing,North,6,123.19,0.12,Card,4,1.3,650.44,2024-10-05,650.4432
11010,2024-10-06,1176,Home,East,1,37.78,0.26,Card,8,3.6,27.96,2024-10-06,27.9572
11011,2024-10-07,1778,Clothing,East,4,36.05,0.17,Card,1,2.2,119.69,2024-10-07,119.68599999999998
11012,2024-10-08,1852,Clothing,North,3,501.47,0.01,Card,5,1.6,1489.37,2024-10-08,1489.3659
11013,2024-10-09,1281,Home,South,1,361.0,0.22,Wallet,9,3.0,281.58,2024-10-09,281.58
11014,2024-10-10,1062,Clothing,South,2,224.48,0.14,Card,7,2.9,386.11,2024-10-10,386.1056
11015,2024-10-11,1216,Beauty,South,3,538.12,0.32,Card,3,3.1,1097.76,2024-10-11,1097.7648
11016,2024-10-12,1853,Clothing,West,5,56.07,0.17,Card,4,4.3,232.69,2024-10-12,232.69050000000001
11017,2024-10-13,1826,Electronics,East,3,588.49,0.25,Cod,10,2.9,1324.1,2024-10-13,1324.1025
11018,2024-10-14,1794,Clothing,South,2,375.53,0.08,Card,7,4.6,690.98,2024-10-14,690.9752
11019,2024-10-15,1688,Home,East,7,122.33,0.27,Card,6,4.4,625.11,2024-10-15,625.1062999999999
11020,2024-10-16,1460,Electronics,South,3,412.26,0.25,Cod,4,3.6,927.58,2024-10-16,927.585
11021,2024-10-17,1928,Electronics,North,2,461.58,0.32,Card,3,1.2,627.75,2024-10-17,627.7488
11022,2024-10-18,1609,Beauty,North,7,266.17,0.01,Card,11,4.5,1844.56,2024-10-18,1844.5581
11023,2024-10-19,1104,Electronics,East,1,519.06,0.16,Card,2,4.6,436.01,2024-10-19,436.01039999999995
11024,2024-10-20,1098,Clothing,East,7,103.18,0.24,Cod,10,2.5,548.92,2024-10-20,548.9176
11025,2024-10-21,1510,Clothing,North,4,178.12,0.03,Wallet,9,3.1,691.11,2024-10-21,691.1056
11026,2024-10-22,1384,Clothing,West,5,69.69,0.14,Card,3,2.1,299.67,2024-10-22,299.667
11027,2024-10-23,1404,Clothing,North,7,138.36,0.33,Card,7,1.1,648.91,2024-10-23,648.9084
11028,2024-10-24,1822,Electronics,South,4,154.66,0.15,Card,1,2.9,525.84,2024-10-24,525.8439999999999
11029,2024-10-25,1517,Clothing,West,4,551.82,0.34,Cod,8,1.5,1456.8,2024-10-25,1456.8048
11030,2024-10-26,1475,Clothing,North,4,60.69,0.02,Cod,1,1.7,237.9,2024-10-26,237.9048
11031,2024-10-27,1976,Home,West,7,265.04,0.25,Cod,2,2.9,1391.46,2024-10-27,1391.46
11032,2024-10-28,1708,Electronics,West,2,326.45,0.2,Cod,1,4.5,522.32,2024-10-28,522.32
11033,2024-10-29,1862,Clothing,West,2,540.74,0.18,Wallet,4,4.4,886.81,2024-10-29,886.8136000000001
11034,2024-10-30,1644,Electronics,East,5,598.65,0.34,Wallet,2,4.9,1975.54,2024-10-30,1975.5449999999998
11035,2024-10-31,1869,Electronics,North,2,455.73,0.05,Cod,1,2.9,865.89,2024-10-31,865.887
11036,2024-11-01,1770,Electronics,East,6,582.91,0.31,Cod,1,3.2,2413.25,2024-11-01,2413.2473999999997
11037,2024-11-02,1436,Electronics,East,2,475.45,0.24,Card,2,4.3,722.68,2024-11-02,722.684
11038,2024-11-03,1022,Home,South,2,578.47,0.09,Cod,6,3.8,1052.82,2024-11-03,1052.8154000000002
11039,2024-11-04,1996,Electronics,South,2,428.75,0.32,Cod,2,1.7,583.1,2024-11-04,583.0999999999999
11040,2024-11-05,1564,Beauty,West,1,61.66,0.15,Cod,11,2.6,52.41,2024-11-05,52.410999999999994
11041,2024-11-06,1676,Beauty,West,5,250.12,0.28,Card,2,4.7,900.43,2024-11-06,900.4319999999999
11042,2024-11-07,1713,Clothing,South,6,393.26,0.14,Cod,8,1.6,2029.22,2024-11-07,2029.2215999999999
11043,2024-11-08,1457,Electronics,South,2,220.17,0.3,Cod,5,1.8,308.24,2024-11-08,308.23799999999994
11044,2024-11-09,1082,Clothing,North,5,174.93,0.22,Cod,8,2.6,682.23,2024-11-09,682.2270000000001
11045,2024-11-10,1144,Home,West,3,352.78,0.05,Card,8,4.8,1005.42,2024-11-10,1005.4229999999999
11046,2024-11-11,1084,Clothing,West,1,561.1,0.23,Card,2,1.5,432.05,2024-11-11,432.047
11047,2024-11-12,1077,Electronics,South,7,35.46,0.07,Card,7,3.7,230.84,2024-11-12,230.84459999999999
11048,2024-11-13,1456,Clothing,North,2,465.0,0.14,Wallet,9,1.5,799.8,2024-11-13,799.8
11049,2024-11-14,1877,Home,South,6,437.8,0.06,Cod,8,3.1,2469.19,2024-11-14,2469.192
11050,2024-11-15,1000,Home,South,1,578.91,0.01,Card,9,3.1,573.12,2024-11-15,573.1209
11051,2024-11-16,1050,Electronics,East,6,559.47,0.07,Card,8,1.2,3121.84,2024-11-16,3121.8426
11052,2024-11-17,1684,Home,West,7,460.91,0.19,Cod,4,4.8,2613.36,2024-11-17,2613.3597000000004
11053,2024-11-18,1716,Electronics,North,7,319.44,0.17,Card,10,4.2,1855.95,2024-11-18,1855.9463999999998
11054,2024-11-19,1771,Electronics,East,1,134.5,0.18,Wallet,7,2.2,110.29,2024-11-19,110.29
11055,2024-11-20,1445,Beauty,West,3,333.96,0.09,Cod,9,1.5,911.71,2024-11-20,911.7108
11056,2024-11-21,1448,Electronics,South,5,462.73,0.24,Card,9,2.4,1758.37,2024-11-21,1758.374
11057,2024-11-22,1880,Electronics,North,1,538.97,0.25,Cod,4,4.6,404.23,2024-11-22,404.2275
11058,2024-11-23,1487,Electronics,West,4,476.98,0.13,Card,7,1.5,1659.89,2024-11-23,1659.8904
11059,2024-11-24,1799,Beauty,South,7,129.23,0.31,Wallet,6,2.4,624.18,2024-11-24,624.1808999999998
11060,2024-11-25,1033,Home,East,3,365.82,0.23,Card,3,3.0,845.04,2024-11-25,845.0442
11061,2024-11-26,1347,Clothing,North,7,209.32,0.25,Wallet,10,1.1,1098.93,2024-11-26,1098.93
11062,2024-11-27,1094,Home,West,4,20.39,0.1,Cod,6,2.1,73.4,2024-11-27,73.40400000000001
11063,2024-11-28,1071,Electronics,East,3,132.13,0.0,Wallet,8,3.4,396.39,2024-11-28,396.39
11064,2024-11-29,1550,Clothing,South,7,81.23,0.3,Card,2,2.3,398.03,2024-11-29,398.027
11065,2024-11-30,1153,Clothing,South,4,507.99,0.29,Card,3,4.5,1442.69,2024-11-30,1442.6915999999999
11066,2024-12-01,1249,Electronics,West,4,166.23,0.04,Cod,8,4.7,638.32,2024-12-01,638.3231999999999
11067,2024-12-02,1673,Clothing,South,7,181.55,0.13,Cod,4,2.8,1105.64,2024-12-02,1105.6395000000002
11068,2024-12-03,1437,Beauty,North,7,576.56,0.23,Card,4,3.1,3107.66,2024-12-03,3107.6584
11069,2024-12-04,1117,Electronics,West,6,236.77,0.23,Card,2,3.5,1093.88,2024-12-04,1093.8774
11070,2024-12-05,1770,Electronics,East,1,20.61,0.3,Card,11,3.7,14.43,2024-12-05,14.426999999999998
11071,2024-12-06,1890,Electronics,West,1,181.05,0.05,Cod,10,1.3,172.0,2024-12-06,171.9975
11072,2024-12-07,1305,Electronics,West,3,84.79,0.15,Card,1,1.2,216.21,2024-12-07,216.2145
11073,2024-12-08,1267,Beauty,East,5,75.14,0.03,Card,7,4.5,364.43,2024-12-08,364.429
11074,2024-12-09,1960,Clothing,South,7,60.33,0.14,Card,4,1.9,363.19,2024-12-09,363.1866
11075,2024-12-10,1053,Clothing,East,6,362.06,0.01,Card,6,3.3,2150.64,2024-12-10,2150.6364000000003
11076,2024-12-11,1235,Home,North,1,125.77,0.31,Card,8,3.5,86.78,2024-12-11,86.78129999999999
11077,2024-12-12,1388,Electronics,South,1,226.33,0.18,Wallet,11,1.7,185.59,2024-12-12,185.59060000000002
11078,2024-12-13,1989,Clothing,West,6,519.28,0.3,Card,7,4.0,2180.98,2024-12-13,2180.9759999999997
11079,2024-12-14,1733,Clothing,South,2,263.24,0.02,Wallet,7,4.5,515.95,2024-12-14,515.9504000000001
11080,2024-12-15,1762,Clothing,South,6,550.68,0.08,Card,6,2.1,3039.75,2024-12-15,3039.7536
11081,2024-12-16,1824,Beauty,North,1,306.29,0.09,Card,11,4.5,278.72,2024-12-16,278.7239
11082,2024-12-17,1400,Home,South,5,248.32,0.14,Card,4,1.3,1067.78,2024-12-17,1067.7759999999998
11083,2024-12-18,1623,Clothing,South,2,453.98,0.28,Cod,4,4.2,653.73,2024-12-18,653.7312000000001
11084,2024-12-19,1766,Home,South,4,57.81,0.14,Cod,9,3.6,198.87,2024-12-19,198.8664
11085,2024-12-20,1302,Electronics,West,6,67.34,0.07,Cod,11,3.3,375.76,2024-12-20,375.7572
11086,2024-12-21,1918,Electronics,South,4,396.4,0.02,Card,5,1.9,1553.89,2024-12-21,1553.888
11087,2024-12-22,1206,Electronics,East,2,299.86,0.03,Wallet,9,2.4,581.73,2024-12-22,581.7284
11088,2024-12-23,1228,Electronics,South,2,477.39,0.27,Wallet,11,4.6,696.99,2024-12-23,696.9893999999999
11089,2024-12-24,1852,Clothing,North,2,551.02,0.16,Card,9,2.9,925.71,2024-12-24,925.7135999999999
11090,2024-12-25,1909,Clothing,South,3,242.19,0.25,Cod,4,3.4,544.93,2024-12-25,544.9275
11091,2024-12-26,1577,Beauty,South,6,363.9,0.24,Cod,2,4.7,1659.38,2024-12-26,1659.3839999999998
11092,2024-12-27,1074,Clothing,West,7,307.91,0.05,Card,2,2.9,2047.6,2024-12-27,2047.6015000000002
11093,2024-12-28,1434,Clothing,East,5,589.24,0.05,Card,9,2.6,2798.89,2024-12-28,2798.89
11094,2024-12-29,1102,Electronics,South,5,501.18,0.26,Cod,9,4.6,1854.37,2024-12-29,1854.366
11095,2024-12-30,1421,Electronics,East,4,548.37,0.25,Wallet,3,4.6,1645.11,2024-12-30,1645.1100000000001
11096,2024-12-31,1703,Clothing,North,4,163.79,0.13,Card,5,2.4,569.99,2024-12-31,569.9892
11097,2025-01-01,1763,Clothing,West,7,466.93,0.03,Cod,5,3.4,3170.45,2025-01-01,3170.4547000000002
11098,2025-01-02,1737,Home,East,4,170.3,0.0,Wallet,2,4.9,681.2,2025-01-02,681.2
11099,2025-01-03,1805,Electronics,West,6,137.11,0.1,Card,2,1.2,740.39,2025-01-03,740.3940000000001
11100,2025-01-04,1305,Electronics,South,1,567.4,0.0,Card,10,1.2,567.4,2025-01-04,567.4
11101,2025-01-05,1097,Clothing,North,4,26.29,0.08,Cod,1,3.1,96.75,2025-01-05,96.7472
11102,2025-01-06,1849,Electronics,West,2,579.75,0.15,Card,2,2.2,985.58,2025-01-06,985.5749999999999
11103,2025-01-07,1797,Electronics,South,4,102.32,0.04,Card,11,3.3,392.91,2025-01-07,392.9088
11104,2025-01-08,1334,Home,East,2,494.37,0.04,Card,7,3.9,949.19,2025-01-08,949.1904
11105,2025-01-09,1858,Electronics,North,3,176.41,0.31,Card,1,1.3,365.17,2025-01-09,365.1687
11106,2025-01-10,1434,Clothing,North,1,220.16,0.2,Wallet,1,4.5,176.13,2025-01-10,176.12800000000001
11107,2025-01-11,1446,Electronics,East,1,141.8,0.33,Cod,9,2.1,95.01,2025-01-11,95.006
11108,2025-01-12,1993,Electronics,East,7,357.53,0.12,Card,2,2.5,2202.38,2025-01-12,2202.3848000000003
11109,2025-01-13,1307,Clothing,North,6,218.64,0.24,Cod,11,2.3,997.0,2025-01-13,996.9984
11110,2025-01-14,1248,Home,West,6,399.57,0.07,Wallet,4,4.4,2229.6,2025-01-14,2229.6005999999998
11111,2025-01-15,1165,Clothing,North,5,24.15,0.22,Card,11,1.7,94.18,2025-01-15,94.185
11112,2025-01-16,1480,Home,East,3,52.66,0.05,Card,3,1.1,150.08,2025-01-16,150.081
11113,2025-01-17,1983,Electronics,West,7,73.3,0.0,Wallet,11,4.9,513.1,2025-01-17,513.1
11114,2025-01-18,1334,Home,South,6,260.11,0.33,Wallet,4,4.9,1045.64,2025-01-18,1045.6422
11115,2025-01-19,1541,Electronics,North,2,491.66,0.19,Card,11,2.0,796.49,2025-01-19,796.4892000000001
11116,2025-01-20,1758,Home,East,3,534.58,0.32,Card,11,1.0,1090.54,2025-01-20,1090.5432
11117,2025-01-21,1105,Clothing,South,1,158.21,0.12,Card,7,3.6,139.22,2025-01-21,139.22480000000002
11118,2025-01-22,1562,Beauty,North,2,351.01,0.11,Card,10,3.6,624.8,2025-01-22,624.7977999999999
11119,2025-01-23,1080,Clothing,North,7,464.49,0.14,Cod,2,4.8,2796.23,2025-01-23,2796.2298
11120,2025-01-24,1132,Electronics,West,7,183.97,0.25,Card,2,2.2,965.84,2025-01-24,965.8425
11121,2025-01-25,1796,Electronics,East,3,254.27,0.2,Card,9,1.8,610.25,2025-01-25,610.248
11122,2025-01-26,1899,Home,South,1,321.52,0.32,Cod,6,3.5,218.63,2025-01-26,218.63359999999997
11123,2025-01-27,1137,Clothing,North,6,93.9,0.01,Wallet,11,3.3,557.77,2025-01-27,557.7660000000001
11124,2025-01-28,1183,Home,West,2,30.2,0.25,Card,7,3.9,45.3,2025-01-28,45.3
11125,2025-01-29,1400,Electronics,South,2,104.39,0.12,Card,5,4.5,183.73,2025-01-29,183.7264
11126,2025-01-30,1329,Electronics,South,1,381.71,0.06,Wallet,5,3.2,358.81,2025-01-30,358.8074
11127,2025-01-31,1784,Electronics,North,2,58.07,0.18,Cod,4,1.6,95.23,2025-01-31,95.2348
11128,2025-02-01,1507,Beauty,South,6,125.97,0.18,Card,8,3.4,619.77,2025-02-01,619.7724
11129,2025-02-02,1851,Home,North,6,212.64,0.05,Card,7,2.5,1212.05,2025-02-02,1212.0479999999998
11130,2025-02-03,1983,Beauty,West,6,60.55,0.07,Card,10,2.8,337.87,2025-02-03,337.8689999999999
11131,2025-02-04,1068,Electronics,West,1,127.14,0.14,Cod,2,4.8,109.34,2025-02-04,109.3404
11132,2025-02-05,1545,Clothing,South,4,548.09,0.14,Card,2,3.2,1885.43,2025-02-05,1885.4296000000002
11133,2025-02-06,1773,Home,North,4,26.29,0.11,Card,6,1.6,93.59,2025-02-06,93.5924
11134,2025-02-07,1052,Electronics,East,7,397.26,0.05,Card,11,2.8,2641.78,2025-02-07,2641.7789999999995
11135,2025-02-08,1449,Home,West,7,239.88,0.0,Card,1,1.9,1679.16,2025-02-08,1679.1599999999999
11136,2025-02-09,1204,Beauty,North,2,408.5,0.34,Cod,7,1.5,539.22,2025-02-09,539.2199999999999
11137,2025-02-10,1125,Beauty,North,6,359.38,0.33,Card,8,3.8,1444.71,2025-02-10,1444.7075999999997
11138,2025-02-11,1746,Home,North,2,145.75,0.17,Card,10,3.5,241.94,2025-02-11,241.945
11139,2025-02-12,1042,Electronics,South,1,510.62,0.35,Wallet,8,3.0,331.9,2025-02-12,331.903
11140,2025-02-13,1751,Electronics,East,2,302.79,0.24,Cod,3,2.7,460.24,2025-02-13,460.24080000000004
11141,2025-02-14,1970,Beauty,South,5,496.18,0.02,Card,7,2.3,2431.28,2025-02-14,2431.282
11142,2025-02-15,1882,Electronics,West,4,252.52,0.04,Cod,1,1.4,969.68,2025-02-15,969.6768
11143,2025-02-16,1110,Home,South,2,591.04,0.32,Card,11,2.2,803.81,2025-02-16,803.8143999999999
11144,2025-02-17,1760,Home,North,2,465.74,0.22,Cod,3,4.4,726.55,2025-02-17,726.5544
11145,2025-02-18,1662,Clothing,South,3,580.08,0.3,Cod,6,4.1,1218.17,2025-02-18,1218.1680000000001
11146,2025-02-19,1182,Beauty,North,2,315.88,0.31,Cod,9,4.9,435.91,2025-02-19,435.91439999999994
11147,2025-02-20,1847,Electronics,East,5,292.11,0.16,Cod,5,3.6,1226.86,2025-02-20,1226.862
11148,2025-02-21,1094,Electronics,South,4,456.94,0.02,Card,5,3.2,1791.2,2025-02-21,1791.2048
11149,2025-02-22,1970,Electronics,South,3,529.97,0.07,Cod,9,2.2,1478.62,2025-02-22,1478.6163
11150,2025-02-23,1373,Clothing,South,1,579.03,0.02,Card,9,1.3,567.45,2025-02-23,567.4494
11151,2025-02-24,1911,Electronics,North,7,204.86,0.07,Card,6,3.5,1333.64,2025-02-24,1333.6386
11152,2025-02-25,1519,Electronics,North,1,482.24,0.14,Wallet,5,3.0,414.73,2025-02-25,414.7264
11153,2025-02-26,1899,Home,South,4,138.23,0.04,Cod,10,4.0,530.8,2025-02-26,530.8032
11154,2025-02-27,1359,Beauty,South,7,334.16,0.06,Wallet,2,2.6,2198.77,2025-02-27,2198.7728
11155,2025-02-28,1899,Electronics,East,1,120.21,0.16,Card,11,4.9,100.98,2025-02-28,100.97639999999998
11156,2025-03-01,1695,Clothing,East,5,218.23,0.12,Cod,8,2.6,960.21,2025-03-01,960.2119999999999
11157,2025-03-02,1280,Beauty,West,2,559.84,0.16,Card,8,2.3,940.53,2025-03-02,940.5312
11158,2025-03-03,1194,Electronics,East,4,100.46,0.15,Cod,7,4.5,341.56,2025-03-03,341.56399999999996
11159,2025-03-04,1863,Electronics,East,7,384.95,0.23,Card,8,2.6,2074.88,2025-03-04,2074.8805
11160,2025-03-05,1194,Electronics,East,3,361.88,0.33,Card,3,4.5,727.38,2025-03-05,727.3787999999998
11161,2025-03-06,1666,Clothing,North,2,85.63,0.04,Card,3,1.1,164.41,2025-03-06,164.40959999999998
11162,2025-03-07,1092,Electronics,East,1,205.7,0.03,Cod,2,3.8,199.53,2025-03-07,199.529
11163,2025-03-08,1671,Beauty,East,1,344.34,0.3,Card,1,1.3,241.04,2025-03-08,241.03799999999995
11164,2025-03-09,1945,Clothing,South,3,124.5,0.18,Wallet,3,1.6,306.27,2025-03-09,306.27000000000004
11165,2025-03-10,1060,Clothing,North,5,483.36,0.27,Card,3,3.8,1764.26,2025-03-10,1764.2640000000001
11166,2025-03-11,1633,Electronics,West,3,583.71,0.08,Card,7,2.2,1611.04,2025-03-11,1611.0396
11167,2025-03-12,1050,Clothing,West,4,140.63,0.29,Card,10,1.8,399.39,2025-03-12,399.38919999999996
11168,2025-03-13,1402,Home,East,3,124.34,0.32,Wallet,9,4.2,253.65,2025-03-13,253.65359999999995
11169,2025-03-14,1788,Home,West,1,281.14,0.22,Card,1,4.8,219.29,2025-03-14,219.2892
11170,2025-03-15,1004,Home,West,5,452.44,0.04,Card,8,1.9,2171.71,2025-03-15,2171.7119999999995
11171,2025-03-16,1465,Clothing,West,5,179.74,0.31,Cod,1,2.3,620.1,2025-03-16,620.103
11172,2025-03-17,1603,Beauty,East,6,26.63,0.28,Card,3,3.9,115.04,2025-03-17,115.0416
11173,2025-03-18,1681,Home,West,3,331.61,0.26,Cod,4,4.3,736.17,2025-03-18,736.1742
11174,2025-03-19,1828,Home,East,4,574.61,0.01,Card,11,5.0,2275.46,2025-03-19,2275.4556000000002
11175,2025-03-20,1533,Electronics,South,1,243.9,0.28,Cod,8,2.1,175.61,2025-03-20,175.608
11176,2025-03-21,1404,Electronics,South,2,260.78,0.05,Card,1,3.2,495.48,2025-03-21,495.4819999999999
11177,2025-03-22,1837,Electronics,West,5,581.81,0.08,Cod,2,1.5,2676.33,2025-03-22,2676.326
11178,2025-03-23,1512,Home,South,3,421.35,0.2,Cod,11,2.3,1011.24,2025-03-23,1011.2400000000002
11179,2025-03-24,1644,Clothing,East,6,435.72,0.09,Cod,5,1.2,2379.03,2025-03-24,2379.0312000000004
11180,2025-03-25,1232,Clothing,South,4,344.18,0.23,Cod,6,1.8,1060.07,2025-03-25,1060.0744
11181,2025-03-26,1523,Beauty,West,4,585.15,0.21,Wallet,5,3.0,1849.07,2025-03-26,1849.074
11182,2025-03-27,1345,Beauty,East,7,417.99,0.04,Card,3,1.7,2808.89,2025-03-27,2808.8928
11183,2025-03-28,1045,Beauty,North,1,538.59,0.23,Card,10,4.6,414.71,2025-03-28,414.71430000000004
11184,2025-03-29,1545,Electronics,East,5,424.14,0.32,Cod,7,3.8,1442.08,2025-03-29,1442.0759999999998
11185,2025-03-30,1944,Home,South,1,445.04,0.06,Cod,1,1.1,418.34,2025-03-30,418.3376
11186,2025-03-31,1077,Electronics,North,6,184.89,0.21,Card,2,4.5,876.38,2025-03-31,876.3786
11187,2025-04-01,1729,Electronics,East,2,192.54,0.12,Cod,11,4.9,338.87,2025-04-01,338.87039999999996
11188,2025-04-02,1812,Electronics,North,2,473.05,0.16,Card,9,3.0,794.72,2025-04-02,794.724
11189,2025-04-03,1922,Electronics,North,2,188.57,0.1,Cod,4,2.3,339.43,2025-04-03,339.426
11190,2025-04-04,1072,Clothing,North,4,344.22,0.12,Wallet,8,2.1,1211.65,2025-04-04,1211.6544000000001
11191,2025-04-05,1793,Home,East,5,160.87,0.01,Cod,9,1.3,796.31,2025-04-05,796.3065
11192,2025-04-06,1248,Electronics,South,1,492.94,0.34,Card,7,3.0,325.34,2025-04-06,325.34039999999993
11193,2025-04-07,1046,Home,East,1,79.64,0.22,Cod,1,1.2,62.12,2025-04-07,62.1192
11194,2025-04-08,1120,Clothing,South,6,500.23,0.18,Cod,5,3.0,2461.13,2025-04-08,2461.1316
11195,2025-04-09,1213,Electronics,East,2,367.6,0.13,Card,6,2.0,639.62,2025-04-09,639.624
11196,2025-04-10,1238,Clothing,East,5,124.34,0.19,Cod,11,2.9,503.58,2025-04-10,503.57700000000006
11197,2025-04-11,1055,Electronics,East,5,332.09,0.13,Wallet,8,2.7,1444.59,2025-04-11,1444.5914999999998
11198,2025-04-12,1349,Clothing,South,6,180.26,0.13,Card,10,2.2,940.96,2025-04-12,940.9572
11199,2025-04-13,1106,Clothing,East,3,204.23,0.16,Card,8,2.8,514.66,2025-04-13,514.6596
11200,2025-04-14,1830,Electronics,North,5,220.64,0.1,Card,9,2.9,992.88,2025-04-14,992.8799999999999
11201,2025-04-15,1047,Electronics,East,5,52.04,0.06,Cod,9,4.3,244.59,2025-04-15,244.58799999999997
11202,2025-04-16,1572,Clothing,North,1,591.79,0.19,Wallet,4,3.7,479.35,2025-04-16,479.3499
11203,2025-04-17,1336,Beauty,West,6,33.45,0.29,Cod,6,2.7,142.5,2025-04-17,142.497
11204,2025-04-18,1025,Electronics,West,5,402.56,0.05,Card,3,4.6,1912.16,2025-04-18,1912.1599999999999
11205,2025-04-19,1803,Home,South,5,232.17,0.01,Cod,1,4.0,1149.24,2025-04-19,1149.2414999999999
11206,2025-04-20,1256,Home,South,1,392.92,0.09,Cod,6,1.3,357.56,2025-04-20,357.5572
11207,2025-04-21,1007,Beauty,West,5,223.41,0.34,Cod,1,1.6,737.25,2025-04-21,737.2529999999999
11208,2025-04-22,1624,Home,East,1,409.14,0.29,Card,9,1.3,290.49,2025-04-22,290.4894
11209,2025-04-23,1866,Clothing,East,3,441.6,0.21,Cod,11,2.3,1046.59,2025-04-23,1046.592
11210,2025-04-24,1252,Home,East,4,418.97,0.33,Card,6,2.7,1122.84,2025-04-24,1122.8396
11211,2025-04-25,1691,Beauty,West,7,81.67,0.16,Card,1,3.0,480.22,2025-04-25,480.2196
11212,2025-04-26,1718,Clothing,North,1,399.28,0.34,Cod,11,4.4,263.52,2025-04-26,263.52479999999997
11213,2025-04-27,1302,Electronics,South,1,178.79,0.1,Wallet,3,1.1,160.91,2025-04-27,160.911
11214,2025-04-28,1638,Electronics,North,5,31.85,0.08,Card,1,2.7,146.51,2025-04-28,146.51000000000002
11215,2025-04-29,1055,Home,West,1,257.68,0.22,Wallet,2,2.6,200.99,2025-04-29,200.99040000000002
11216,2025-04-30,1725,Home,North,6,268.62,0.13,Card,6,4.8,1402.2,2025-04-30,1402.1964
11217,2025-05-01,1525,Electronics,East,2,288.3,0.22,Cod,7,2.0,449.75,2025-05-01,449.74800000000005
11218,2025-05-02,1473,Clothing,East,2,427.32,0.11,Card,1,1.5,760.63,2025-05-02,760.6296
11219,2025-05-03,1027,Clothing,North,3,195.67,0.22,Card,10,1.6,457.87,2025-05-03,457.8678
11220,2025-05-04,1982,Electronics,West,1,199.44,0.1,Cod,5,3.1,179.5,2025-05-04,179.496
11221,2025-05-05,1077,Beauty,North,6,50.42,0.02,Cod,6,2.6,296.47,2025-05-05,296.46959999999996
11222,2025-05-06,1215,Electronics,East,5,416.79,0.32,Cod,4,4.0,1417.09,2025-05-06,1417.086
11223,2025-05-07,1385,Electronics,East,5,347.18,0.31,Cod,6,2.3,1197.77,2025-05-07,1197.771
11224,2025-05-08,1364,Clothing,West,7,219.41,0.34,Cod,5,1.5,1013.67,2025-05-08,1013.6741999999998
11225,2025-05-09,1665,Home,North,4,427.54,0.25,Wallet,11,2.5,1282.62,2025-05-09,1282.6200000000001
11226,2025-05-10,1525,Electronics,East,3,329.35,0.24,Cod,7,4.5,750.92,2025-05-10,750.918
11227,2025-05-11,1698,Home,East,6,289.51,0.2,Card,4,2.6,1389.65,2025-05-11,1389.6480000000001
11228,2025-05-12,1311,Clothing,North,6,314.12,0.04,Card,1,4.3,1809.33,2025-05-12,1809.3311999999999
11229,2025-05-13,1882,Electronics,North,7,387.26,0.07,Card,2,2.5,2521.06,2025-05-13,2521.0625999999997
11230,2025-05-14,1006,Electronics,South,7,401.1,0.1,Cod,6,2.1,2526.93,2025-05-14,2526.9300000000003
11231,2025-05-15,1002,Clothing,West,5,184.04,0.31,Card,10,4.1,634.94,2025-05-15,634.9379999999999
11232,2025-05-16,1622,Electronics,West,4,97.33,0.06,Card,11,1.8,365.96,2025-05-16,365.96079999999995
11233,2025-05-17,1918,Beauty,North,5,106.63,0.32,Card,2,1.9,362.54,2025-05-17,362.542
11234,2025-05-18,1749,Home,West,4,389.04,0.18,Cod,5,1.2,1276.05,2025-05-18,1276.0512
11235,2025-05-19,1362,Beauty,East,2,525.63,0.25,Card,4,1.8,788.44,2025-05-19,788.4449999999999
11236,2025-05-20,1750,Electronics,North,6,254.56,0.04,Card,7,2.5,1466.27,2025-05-20,1466.2656000000002
11237,2025-05-21,1507,Beauty,North,7,114.17,0.09,Cod,4,2.6,727.26,2025-05-21,727.2629000000001
11238,2025-05-22,1273,Clothing,North,2,457.61,0.34,Cod,7,2.7,604.05,2025-05-22,604.0451999999999
11239,2025-05-23,1505,Electronics,South,5,502.01,0.09,Card,11,2.9,2284.15,2025-05-23,2284.1455
11240,2025-05-24,1805,Electronics,West,3,530.14,0.1,Cod,8,3.3,1431.38,2025-05-24,1431.3780000000002
11241,2025-05-25,1738,Electronics,South,1,370.0,0.07,Card,7,1.8,344.1,2025-05-25,344.09999999999997
11242,2025-05-26,1882,Home,East,3,518.53,0.05,Wallet,2,3.5,1477.81,2025-05-26,1477.8104999999998
11243,2025-05-27,1014,Clothing,West,3,24.02,0.08,Card,11,2.3,66.3,2025-05-27,66.29520000000001
11244,2025-05-28,1191,Electronics,South,1,77.73,0.22,Wallet,1,3.9,60.63,2025-05-28,60.629400000000004
11245,2025-05-29,1984,Clothing,North,6,69.16,0.16,Wallet,5,3.2,348.57,2025-05-29,348.5664
11246,2025-05-30,1630,Electronics,South,2,431.87,0.19,Cod,7,3.2,699.63,2025-05-30,699.6294
11247,2025-05-31,1484,Clothing,North,2,55.71,0.04,Card,1,3.7,106.96,2025-05-31,106.9632
11248,2025-06-01,1027,Clothing,South,6,305.37,0.28,Cod,11,2.3,1319.2,2025-06-01,1319.1984
11249,2025-06-02,1713,Home,South,1,291.53,0.27,Card,8,2.7,212.82,2025-06-02,212.81689999999998
11250,2025-06-03,1038,Home,South,4,196.76,0.01,Wallet,3,3.3,779.17,2025-06-03,779.1696
11251,2025-06-04,1952,Clothing,North,3,524.19,0.13,Cod,7,2.7,1368.14,2025-06-04,1368.1359000000002
11252,2025-06-05,1272,Clothing,South,5,114.7,0.02,Wallet,3,2.8,562.03,2025-06-05,562.03
11253,2025-06-06,1230,Clothing,West,2,221.19,0.28,Cod,4,2.1,318.51,2025-06-06,318.5136
11254,2025-06-07,1085,Home,West,6,467.89,0.26,Cod,8,2.1,2077.43,2025-06-07,2077.4316
11255,2025-06-08,1473,Electronics,West,5,32.8,0.32,Cod,2,3.8,111.52,2025-06-08,111.52
11256,2025-06-09,1125,Electronics,North,7,408.68,0.08,Card,6,1.0,2631.9,2025-06-09,2631.8992000000003
11257,2025-06-10,1811,Electronics,North,1,492.59,0.16,Cod,10,1.4,413.78,2025-06-10,413.77559999999994
11258,2025-06-11,1536,Clothing,West,5,560.38,0.06,Cod,9,4.8,2633.79,2025-06-11,2633.786
11259,2025-06-12,1144,Clothing,West,5,527.63,0.13,Wallet,10,1.7,2295.19,2025-06-12,2295.1905
11260,2025-06-13,1524,Home,West,3,201.84,0.18,Cod,9,2.7,496.53,2025-06-13,496.5264
11261,2025-06-14,1211,Electronics,East,1,358.02,0.02,Wallet,5,4.4,350.86,2025-06-14,350.8596
11262,2025-06-15,1024,Clothing,West,5,60.22,0.25,Wallet,3,1.0,225.82,2025-06-15,225.82500000000002
11263,2025-06-16,1579,Home,South,2,165.85,0.19,Cod,6,4.7,268.68,2025-06-16,268.677
11264,2025-06-17,1393,Home,East,1,70.12,0.29,Card,9,1.2,49.79,2025-06-17,49.7852
11265,2025-06-18,1066,Clothing,East,2,199.38,0.1,Cod,6,1.7,358.88,2025-06-18,358.884
11266,2025-06-19,1232,Clothing,North,6,526.98,0.32,Card,4,1.1,2150.08,2025-06-19,2150.0784
11267,2025-06-20,1108,Electronics,South,6,218.09,0.35,Card,11,3.1,850.55,2025-06-20,850.551
11268,2025-06-21,1145,Beauty,North,7,343.71,0.32,Card,5,4.8,1636.06,2025-06-21,1636.0595999999998
11269,2025-06-22,1110,Electronics,North,4,268.53,0.27,Wallet,7,4.4,784.11,2025-06-22,784.1075999999999
11270,2025-06-23,1227,Beauty,South,6,283.47,0.28,Card,10,3.6,1224.59,2025-06-23,1224.5904
11271,2025-06-24,1110,Home,North,5,582.2,0.2,Cod,3,1.7,2328.8,2025-06-24,2328.8
11272,2025-06-25,1469,Clothing,South,1,188.25,0.07,Wallet,9,4.5,175.07,2025-06-25,175.0725
11273,2025-06-26,1033,Electronics,South,6,381.98,0.24,Cod,1,4.0,1741.83,2025-06-26,1741.8288
11274,2025-06-27,1622,Clothing,North,2,260.74,0.25,Cod,8,2.1,391.11,2025-06-27,391.11
11275,2025-06-28,1775,Clothing,West,5,50.77,0.34,Cod,5,4.2,167.54,2025-06-28,167.541
11276,2025-06-29,1935,Electronics,North,6,301.26,0.19,Card,10,4.5,1464.12,2025-06-29,1464.1236000000001
11277,2025-06-30,1368,Home,East,3,490.81,0.09,Card,9,3.8,1339.91,2025-06-30,1339.9113000000002
11278,2025-07-01,1747,Beauty,North,2,72.77,0.24,Wallet,2,1.4,110.61,2025-07-01,110.6104
11279,2025-07-02,1594,Clothing,South,7,55.71,0.34,Card,1,4.9,257.38,2025-07-02,257.3802
11280,2025-07-03,1553,Home,East,7,104.87,0.06,Cod,10,1.3,690.04,2025-07-03,690.0446
11281,2025-07-04,1424,Electronics,South,7,462.17,0.11,Cod,7,3.6,2879.32,2025-07-04,2879.3191
11282,2025-07-05,1612,Clothing,West,2,438.54,0.19,Card,10,1.4,710.43,2025-07-05,710.4348000000001
11283,2025-07-06,1517,Electronics,West,7,345.54,0.06,Wallet,11,4.6,2273.65,2025-07-06,2273.6532
11284,2025-07-07,1691,Clothing,East,4,288.91,0.01,Cod,9,2.4,1144.08,2025-07-07,1144.0836000000002
11285,2025-07-08,1281,Beauty,West,3,534.67,0.12,Card,5,3.0,1411.53,2025-07-08,1411.5287999999998
11286,2025-07-09,1319,Home,West,4,463.52,0.3,Wallet,11,1.7,1297.86,2025-07-09,1297.8559999999998
11287,2025-07-10,1737,Electronics,North,6,489.99,0.02,Cod,4,3.2,2881.14,2025-07-10,2881.1412
11288,2025-07-11,1442,Clothing,North,3,490.76,0.15,Cod,4,4.8,1251.44,2025-07-11,1251.4379999999999
11289,2025-07-12,1951,Clothing,West,2,390.99,0.27,Cod,8,4.6,570.85,2025-07-12,570.8454
11290,2025-07-13,1314,Clothing,West,4,282.94,0.33,Card,1,1.3,758.28,2025-07-13,758.2792
11291,2025-07-14,1876,Home,North,5,520.84,0.34,Cod,1,2.5,1718.77,2025-07-14,1718.772
11292,2025-07-15,1965,Home,West,3,556.71,0.15,Card,8,2.1,1419.61,2025-07-15,1419.6105
11293,2025-07-16,1740,Clothing,West,2,28.93,0.33,Cod,2,2.9,38.77,2025-07-16,38.7662
11294,2025-07-17,1376,Clothing,South,1,45.16,0.01,Cod,10,4.3,44.71,2025-07-17,44.7084
11295,2025-07-18,1288,Electronics,West,3,575.86,0.26,Wallet,6,4.0,1278.41,2025-07-18,1278.4091999999998
11296,2025-07-19,1436,Electronics,East,3,177.14,0.22,Cod,2,2.4,414.51,2025-07-19,414.50759999999997
11297,2025-07-20,1661,Clothing,South,6,525.92,0.09,Card,5,2.5,2871.52,2025-07-20,2871.5231999999996
11298,2025-07-21,1276,Clothing,East,5,242.45,0.18,Wallet,3,3.6,994.04,2025-07-21,994.0450000000001
11299,2025-07-22,1709,Home,West,6,84.67,0.05,Cod,7,1.8,482.62,2025-07-22,482.61899999999997
11300,2025-07-23,1581,Home,North,7,62.06,0.31,Cod,9,1.4,299.75,2025-07-23,299.7498
11301,2025-07-24,1502,Electronics,South,3,106.56,0.13,Card,2,2.0,278.12,2025-07-24,278.1216
11302,2025-07-25,1623,Clothing,North,3,161.19,0.22,Wallet,7,1.5,377.18,2025-07-25,377.1846
11303,2025-07-26,1515,Electronics,South,7,300.78,0.06,Wallet,8,2.4,1979.13,2025-07-26,1979.1324
11304,2025-07-27,1349,Electronics,North,5,425.38,0.07,Cod,10,4.8,1978.02,2025-07-27,1978.017
11305,2025-07-28,1842,Home,South,5,592.04,0.35,Wallet,8,1.5,1924.13,2025-07-28,1924.1299999999999
11306,2025-07-29,1445,Electronics,South,4,273.28,0.26,Card,7,4.3,808.91,2025-07-29,808.9087999999999
11307,2025-07-30,1829,Clothing,East,2,318.14,0.34,Wallet,4,3.1,419.94,2025-07-30,419.94479999999993
11308,2025-07-31,1349,Electronics,North,2,320.26,0.1,Cod,4,3.5,576.47,2025-07-31,576.468
11309,2025-08-01,1606,Beauty,East,4,330.57,0.06,Card,10,1.7,1242.94,2025-08-01,1242.9432
11310,2025-08-02,1663,Clothing,East,2,317.88,0.18,Cod,9,1.6,521.32,2025-08-02,521.3232
11311,2025-08-03,1822,Electronics,North,3,20.13,0.17,Cod,10,1.7,50.12,2025-08-03,50.1237
11312,2025-08-04,1136,Clothing,South,4,16.01,0.06,Card,9,3.7,60.2,2025-08-04,60.1976
11313,2025-08-05,1758,Home,East,4,72.13,0.26,Card,5,4.0,213.5,2025-08-05,213.5048
11314,2025-08-06,1898,Beauty,North,2,74.41,0.13,Card,7,4.7,129.47,2025-08-06,129.4734
11315,2025-08-07,1242,Electronics,South,1,427.36,0.07,Card,7,2.6,397.44,2025-08-07,397.4448
11316,2025-08-08,1542,Beauty,East,2,134.88,0.12,Card,9,2.8,237.39,2025-08-08,237.3888
11317,2025-08-09,1039,Beauty,East,6,538.41,0.2,Card,7,2.9,2584.37,2025-08-09,2584.3680000000004
11318,2025-08-10,1228,Beauty,East,1,558.23,0.25,Card,8,2.1,418.67,2025-08-10,418.6725
11319,2025-08-11,1547,Clothing,South,4,585.9,0.17,Wallet,7,2.3,1945.19,2025-08-11,1945.1879999999999
11320,2025-08-12,1919,Clothing,East,1,564.36,0.18,Cod,11,4.4,462.78,2025-08-12,462.77520000000004
11321,2025-08-13,1222,Clothing,South,3,174.05,0.05,Card,4,2.4,496.04,2025-08-13,496.0425000000001
11322,2025-08-14,1005,Home,West,5,313.22,0.32,Wallet,2,4.5,1064.95,2025-08-14,1064.948
11323,2025-08-15,1321,Clothing,East,1,117.64,0.33,Cod,3,2.2,78.82,2025-08-15,78.8188
11324,2025-08-16,1467,Home,West,6,486.63,0.24,Cod,7,2.4,2219.03,2025-08-16,2219.0328
11325,2025-08-17,1731,Clothing,North,5,534.73,0.01,Cod,11,3.2,2646.91,2025-08-17,2646.9135
11326,2025-08-18,1074,Home,East,3,513.0,0.19,Card,11,1.4,1246.59,2025-08-18,1246.5900000000001
11327,2025-08-19,1003,Home,North,6,268.52,0.22,Card,9,4.7,1256.67,2025-08-19,1256.6735999999999
11328,2025-08-20,1846,Electronics,North,7,458.82,0.35,Card,11,4.3,2087.63,2025-08-20,2087.631
11329,2025-08-21,1645,Home,North,5,72.08,0.35,Cod,2,3.7,234.26,2025-08-21,234.26
11330,2025-08-22,1117,Clothing,West,7,38.54,0.3,Cod,7,5.0,188.85,2025-08-22,188.84599999999998
11331,2025-08-23,1880,Home,South,3,455.64,0.02,Cod,4,1.1,1339.58,2025-08-23,1339.5816
11332,2025-08-24,1605,Clothing,West,5,263.83,0.33,Card,7,2.6,883.83,2025-08-24,883.8304999999998
11333,2025-08-25,1503,Clothing,West,5,597.4,0.21,Cod,5,4.4,2359.73,2025-08-25,2359.73
11334,2025-08-26,1997,Beauty,North,2,71.89,0.28,Cod,7,2.7,103.52,2025-08-26,103.52159999999999
11335,2025-08-27,1946,Electronics,East,6,515.54,0.14,Wallet,6,1.0,2660.19,2025-08-27,2660.1863999999996
11336,2025-08-28,1573,Home,South,6,295.79,0.11,Card,2,1.6,1579.52,2025-08-28,1579.5186000000003
11337,2025-08-29,1440,Clothing,North,1,498.88,0.16,Wallet,7,2.7,419.06,2025-08-29,419.0592
11338,2025-08-30,1193,Clothing,South,7,493.02,0.05,Wallet,5,3.7,3278.58,2025-08-30,3278.5829999999996
11339,2025-08-31,1846,Electronics,West,7,550.86,0.12,Cod,9,1.7,3393.3,2025-08-31,3393.2976
11340,2025-09-01,1714,Clothing,South,6,189.24,0.3,Cod,11,2.8,794.81,2025-09-01,794.808
11341,2025-09-02,1391,Electronics,South,6,570.63,0.01,Card,1,1.1,3389.54,2025-09-02,3389.5422
11342,2025-09-03,1025,Electronics,East,5,103.73,0.05,Wallet,1,2.9,492.72,2025-09-03,492.7175
11343,2025-09-04,1434,Electronics,North,7,62.95,0.04,Card,2,4.6,423.02,2025-09-04,423.024
11344,2025-09-05,1172,Electronics,South,4,267.5,0.14,Cod,8,3.4,920.2,2025-09-05,920.1999999999999
11345,2025-09-06,1299,Beauty,South,2,499.57,0.35,Card,11,2.8,649.44,2025-09-06,649.441
11346,2025-09-07,1644,Beauty,West,1,291.95,0.06,Card,9,1.6,274.43,2025-09-07,274.433
11347,2025-09-08,1325,Clothing,West,2,500.13,0.05,Cod,11,1.8,950.25,2025-09-08,950.247
11348,2025-09-09,1409,Home,South,1,441.87,0.32,Wallet,11,1.3,300.47,2025-09-09,300.47159999999997
11349,2025-09-10,1117,Electronics,North,3,137.52,0.31,Cod,7,4.0,284.67,2025-09-10,284.6664
11350,2025-09-11,1835,Home,South,5,570.1,0.01,Wallet,1,1.3,2822.0,2025-09-11,2821.995
11351,2025-09-12,1786,Home,South,6,50.56,0.26,Cod,7,2.5,224.49,2025-09-12,224.4864
11352,2025-09-13,1723,Beauty,East,6,540.49,0.23,Card,8,4.0,2497.06,2025-09-13,2497.0638
11353,2025-09-14,1224,Clothing,North,4,193.1,0.27,Card,7,3.9,563.85,2025-09-14,563.852
11354,2025-09-15,1531,Home,East,7,307.59,0.17,Cod,5,3.3,1787.1,2025-09-15,1787.0978999999995
11355,2025-09-16,1112,Electronics,North,7,262.08,0.35,Card,7,3.3,1192.46,2025-09-16,1192.464
11356,2025-09-17,1139,Beauty,North,2,115.52,0.02,Cod,10,1.4,226.42,2025-09-17,226.4192
11357,2025-09-18,1558,Electronics,North,2,224.52,0.08,Card,11,1.7,413.12,2025-09-18,413.1168
11358,2025-09-19,1000,Clothing,East,2,127.87,0.14,Card,2,3.1,219.94,2025-09-19,219.9364
11359,2025-09-20,1089,Home,East,7,134.27,0.16,Cod,9,2.4,789.51,2025-09-20,789.5076
11360,2025-09-21,1653,Home,East,6,124.43,0.32,Cod,2,1.1,507.67,2025-09-21,507.6744
11361,2025-09-22,1319,Electronics,West,7,301.08,0.2,Card,2,4.2,1686.05,2025-09-22,1686.048
11362,2025-09-23,1549,Beauty,East,2,481.79,0.02,Card,5,3.6,944.31,2025-09-23,944.3084
11363,2025-09-24,1804,Electronics,West,5,347.85,0.14,Card,8,2.3,1495.76,2025-09-24,1495.7549999999999
11364,2025-09-25,1893,Clothing,West,1,537.53,0.15,Card,6,1.4,456.9,2025-09-25,456.90049999999997
11365,2025-09-26,1138,Electronics,West,6,387.38,0.34,Cod,9,3.4,1534.02,2025-09-26,1534.0247999999997
11366,2025-09-27,1510,Electronics,South,5,418.26,0.21,Cod,6,2.4,1652.13,2025-09-27,1652.1270000000002
11367,2025-09-28,1867,Clothing,South,3,405.55,0.22,Card,5,2.0,948.99,2025-09-28,948.9870000000001
11368,2025-09-29,1844,Clothing,South,5,277.93,0.25,Card,1,3.9,1042.24,2025-09-29,1042.2375000000002
11369,2025-09-30,1258,Electronics,West,5,418.26,0.27,Card,8,2.3,1526.65,2025-09-30,1526.6490000000001
11370,2025-10-01,1672,Electronics,West,3,55.78,0.22,Card,3,1.5,130.53,2025-10-01,130.5252
11371,2025-10-02,1901,Clothing,North,5,518.01,0.08,Cod,2,2.9,2382.85,2025-10-02,2382.8460000000005
11372,2025-10-03,1689,Home,West,1,470.02,0.31,Card,7,4.3,324.31,2025-10-03,324.31379999999996
11373,2025-10-04,1009,Beauty,South,6,158.46,0.26,Card,11,4.4,703.56,2025-10-04,703.5624
11374,2025-10-05,1260,Electronics,West,4,464.3,0.26,Cod,2,4.4,1374.33,2025-10-05,1374.328
11375,2025-10-06,1918,Clothing,West,7,22.4,0.35,Card,1,2.7,101.92,2025-10-06,101.91999999999999
11376,2025-10-07,1649,Electronics,North,3,142.09,0.28,Cod,11,4.2,306.91,2025-10-07,306.9144
11377,2025-10-08,1171,Electronics,West,6,53.11,0.29,Cod,2,4.4,226.25,2025-10-08,226.24859999999995
11378,2025-10-09,1897,Home,East,2,471.43,0.33,Card,6,2.8,631.72,2025-10-09,631.7162
11379,2025-10-10,1012,Clothing,North,1,457.19,0.05,Cod,2,2.3,434.33,2025-10-10,434.3305
11380,2025-10-11,1167,Electronics,West,4,490.98,0.17,Cod,1,3.8,1630.05,2025-10-11,1630.0536
11381,2025-10-12,1641,Electronics,West,1,17.62,0.2,Cod,1,4.6,14.1,2025-10-12,14.096000000000002
11382,2025-10-13,1595,Electronics,North,1,308.22,0.12,Cod,4,4.9,271.23,2025-10-13,271.2336
11383,2025-10-14,1320,Home,West,2,427.33,0.29,Wallet,8,2.2,606.81,2025-10-14,606.8086
11384,2025-10-15,1318,Beauty,South,4,105.91,0.27,Wallet,6,4.8,309.26,2025-10-15,309.25719999999995
11385,2025-10-16,1612,Electronics,East,7,395.13,0.25,Cod,4,3.0,2074.43,2025-10-16,2074.4325
11386,2025-10-17,1328,Electronics,East,1,64.2,0.35,Wallet,6,2.2,41.73,2025-10-17,41.730000000000004
11387,2025-10-18,1784,Beauty,South,2,121.08,0.09,Card,6,5.0,220.37,2025-10-18,220.3656
11388,2025-10-19,1776,Beauty,West,3,293.34,0.26,Cod,9,4.5,651.21,2025-10-19,651.2148
11389,2025-10-20,1970,Clothing,West,2,397.34,0.19,Card,4,3.8,643.69,2025-10-20,643.6908
11390,2025-10-21,1910,Electronics,East,5,100.33,0.11,Card,6,4.6,446.47,2025-10-21,446.4685
11391,2025-10-22,1919,Electronics,West,6,123.36,0.06,Cod,10,3.7,695.75,2025-10-22,695.7503999999999
11392,2025-10-23,1549,Clothing,East,2,134.6,0.31,Cod,1,2.8,185.75,2025-10-23,185.748
11393,2025-10-24,1418,Clothing,East,2,154.64,0.21,Card,7,4.8,244.33,2025-10-24,244.3312
11394,2025-10-25,1605,Electronics,South,2,147.53,0.29,Cod,7,4.9,209.49,2025-10-25,209.49259999999998
11395,2025-10-26,1094,Clothing,East,7,246.16,0.19,Cod,11,2.3,1395.73,2025-10-26,1395.7272
11396,2025-10-27,1816,Electronics,West,1,397.47,0.08,Card,1,2.4,365.67,2025-10-27,365.67240000000004
11397,2025-10-28,1580,Home,West,7,271.25,0.12,Card,8,2.5,1670.9,2025-10-28,1670.9
11398,2025-10-29,1317,Electronics,North,4,468.94,0.13,Card,5,4.3,1631.91,2025-10-29,1631.9112
11399,2025-10-30,1955,Electronics,West,2,435.77,0.34,Card,9,4.2,575.22,2025-10-30,575.2163999999999
11400,2025-10-31,1235,Clothing,North,2,89.02,0.0,Cod,8,4.9,178.04,2025-10-31,178.04
11401,2025-11-01,1945,Clothing,East,5,43.57,0.34,Card,3,2.9,143.78,2025-11-01,143.78099999999998
11402,2025-11-02,1333,Beauty,West,5,528.6,0.34,Card,1,3.9,1744.38,2025-11-02,1744.3799999999999
11403,2025-11-03,1884,Clothing,South,3,61.7,0.35,Cod,3,4.4,120.32,2025-11-03,120.31500000000001
11404,2025-11-04,1375,Electronics,South,3,101.78,0.17,Cod,2,1.9,253.43,2025-11-04,253.43220000000002
11405,2025-11-05,1458,Home,South,5,27.95,0.34,Card,2,3.5,92.23,2025-11-05,92.23499999999999
11406,2025-11-06,1136,Electronics,East,4,382.58,0.14,Card,11,3.2,1316.08,2025-11-06,1316.0752
11407,2025-11-07,1929,Beauty,East,3,355.69,0.01,Card,4,4.0,1056.4,2025-11-07,1056.3993
11408,2025-11-08,1587,Clothing,North,6,592.34,0.08,Cod,2,3.8,3269.72,2025-11-08,3269.7168
11409,2025-11-09,1994,Clothing,South,6,533.86,0.33,Wallet,8,4.3,2146.12,2025-11-09,2146.1171999999997
11410,2025-11-10,1546,Electronics,North,4,255.34,0.0,Cod,5,2.2,1021.36,2025-11-10,1021.36
11411,2025-11-11,1512,Clothing,North,5,232.38,0.19,Card,1,1.9,941.14,2025-11-11,941.1390000000001
11412,2025-11-12,1295,Home,West,3,188.66,0.03,Cod,6,4.2,549.0,2025-11-12,549.0006
11413,2025-11-13,1319,Home,West,2,104.16,0.1,Card,7,2.4,187.49,2025-11-13,187.488
11414,2025-11-14,1917,Electronics,South,5,95.78,0.03,Card,1,2.2,464.53,2025-11-14,464.53299999999996
11415,2025-11-15,1571,Electronics,East,3,92.39,0.3,Card,3,2.3,194.02,2025-11-15,194.019
11416,2025-11-16,1831,Home,West,4,81.76,0.21,Cod,9,1.3,258.36,2025-11-16,258.3616
11417,2025-11-17,1348,Beauty,East,6,155.7,0.32,Cod,7,4.1,635.26,2025-11-17,635.2559999999999
11418,2025-11-18,1839,Electronics,North,4,194.4,0.24,Cod,4,3.9,590.98,2025-11-18,590.976
11419,2025-11-19,1778,Clothing,North,3,577.52,0.34,Cod,6,3.2,1143.49,2025-11-19,1143.4895999999999
11420,2025-11-20,1872,Electronics,North,4,353.41,0.18,Card,6,3.9,1159.18,2025-11-20,1159.1848000000002
11421,2025-11-21,1228,Beauty,North,3,592.74,0.22,Card,3,2.5,1387.01,2025-11-21,1387.0116
11422,2025-11-22,1269,Electronics,South,3,232.89,0.2,Cod,2,2.2,558.94,2025-11-22,558.936
11423,2025-11-23,1827,Electronics,North,4,282.71,0.17,Cod,5,4.4,938.6,2025-11-23,938.5971999999999
11424,2025-11-24,1797,Home,West,1,204.88,0.3,Cod,8,2.7,143.42,2025-11-24,143.416
11425,2025-11-25,1290,Electronics,North,2,121.99,0.23,Card,3,1.8,187.86,2025-11-25,187.8646
11426,2025-11-26,1724,Clothing,East,5,98.75,0.28,Cod,5,4.0,355.5,2025-11-26,355.5
11427,2025-11-27,1164,Clothing,West,6,567.87,0.28,Card,3,2.3,2453.2,2025-11-27,2453.1984
11428,2025-11-28,1004,Electronics,East,2,592.28,0.07,Cod,7,1.8,1101.64,2025-11-28,1101.6408
11429,2025-11-29,1850,Clothing,East,5,41.27,0.23,Cod,6,1.1,158.89,2025-11-29,158.88950000000003
11430,2025-11-30,1378,Clothing,South,5,102.95,0.07,Wallet,6,4.9,478.72,2025-11-30,478.7175
11431,2025-12-01,1077,Electronics,South,6,262.76,0.2,Card,1,2.9,1261.25,2025-12-01,1261.248
11432,2025-12-02,1409,Clothing,East,2,124.01,0.24,Cod,2,1.6,188.5,2025-12-02,188.4952
11433,2025-12-03,1573,Home,East,6,227.87,0.35,Cod,6,4.0,888.69,2025-12-03,888.6930000000001
11434,2025-12-04,1131,Home,North,3,90.52,0.01,Card,8,4.6,268.84,2025-12-04,268.8444
11435,2025-12-05,1600,Electronics,West,6,282.06,0.03,Card,5,3.1,1641.59,2025-12-05,1641.5892000000001
11436,2025-12-06,1748,Electronics,North,4,173.94,0.03,Cod,2,1.1,674.89,2025-12-06,674.8872
11437,2025-12-07,1041,Electronics,South,1,220.86,0.14,Card,5,2.5,189.94,2025-12-07,189.9396
11438,2025-12-08,1088,Clothing,South,1,70.17,0.29,Card,9,2.0,49.82,2025-12-08,49.8207
11439,2025-12-09,1401,Clothing,North,1,265.45,0.3,Wallet,6,3.5,185.81,2025-12-09,185.81499999999997
11440,2025-12-10,1295,Home,West,2,590.21,0.26,Cod,5,3.1,873.51,2025-12-10,873.5108
11441,2025-12-11,1839,Electronics,East,2,207.37,0.31,Card,10,2.4,286.17,2025-12-11,286.1706
11442,2025-12-12,1294,Electronics,North,3,527.71,0.11,Cod,6,3.6,1408.99,2025-12-12,1408.9857000000002
11443,2025-12-13,1615,Clothing,South,7,508.27,0.03,Cod,11,3.3,3451.15,2025-12-13,3451.1533
11444,2025-12-14,1525,Home,West,1,571.95,0.02,Wallet,9,4.6,560.51,2025-12-14,560.5110000000001
11445,2025-12-15,1799,Electronics,South,3,477.21,0.3,Cod,7,3.4,1002.14,2025-12-15,1002.1409999999998
11446,2025-12-16,1690,Clothing,West,7,400.86,0.26,Wallet,10,3.0,2076.45,2025-12-16,2076.4548
11447,2025-12-17,1636,Electronics,West,1,516.1,0.24,Card,3,4.3,392.24,2025-12-17,392.23600000000005
11448,2025-12-18,1421,Beauty,West,2,59.25,0.12,Cod,10,1.8,104.28,2025-12-18,104.28
11449,2025-12-19,1864,Beauty,North,7,285.76,0.13,Card,10,2.0,1740.28,2025-12-19,1740.2784
11450,2025-12-20,1022,Electronics,North,4,593.71,0.34,Card,5,4.1,1567.39,2025-12-20,1567.3944
11451,2025-12-21,1574,Electronics,North,4,465.22,0.02,Cod,4,2.8,1823.66,2025-12-21,1823.6624000000002
11452,2025-12-22,1142,Clothing,West,4,577.81,0.27,Card,11,2.6,1687.21,2025-12-22,1687.2051999999999
11453,2025-12-23,1992,Electronics,West,6,471.09,0.11,Cod,5,4.5,2515.62,2025-12-23,2515.6206
11454,2025-12-24,1664,Home,South,4,526.81,0.01,Wallet,8,3.4,2086.17,2025-12-24,2086.1675999999998
11455,2025-12-25,1144,Home,East,5,428.32,0.26,Card,11,4.2,1584.78,2025-12-25,1584.7839999999999
11456,2025-12-26,1224,Home,North,1,459.89,0.12,Card,6,4.2,404.7,2025-12-26,404.7032
11457,2025-12-27,1502,Home,West,4,321.06,0.25,Cod,4,1.5,963.18,2025-12-27,963.1800000000001
11458,2025-12-28,1961,Clothing,South,7,555.68,0.25,Wallet,5,3.6,2917.32,2025-12-28,2917.3199999999997
11459,2025-12-29,1973,Electronics,South,5,497.65,0.19,Cod,11,4.8,2015.48,2025-12-29,2015.4825
11460,2025-12-30,1820,Home,South,5,508.67,0.27,Cod,7,2.9,1856.65,2025-12-30,1856.6454999999999
11461,2025-12-31,1615,Clothing,North,5,408.71,0.2,Card,8,3.9,1634.84,2025-12-31,1634.8400000000001
11462,2026-01-01,1103,Home,North,3,193.18,0.1,Card,5,3.3,521.59,2026-01-01,521.586
11463,2026-01-02,1946,Electronics,East,7,35.84,0.26,Cod,2,1.8,185.65,2026-01-02,185.65120000000002
11464,2026-01-03,1038,Electronics,South,3,562.36,0.21,Card,6,1.8,1332.79,2026-01-03,1332.7932
11465,2026-01-04,1946,Beauty,North,5,357.88,0.0,Wallet,9,2.7,1789.4,2026-01-04,1789.4
11466,2026-01-05,1197,Electronics,South,6,189.41,0.32,Cod,3,2.9,772.79,2026-01-05,772.7927999999999
11467,2026-01-06,1645,Beauty,West,4,102.24,0.19,Cod,7,3.0,331.26,2026-01-06,331.2576
11468,2026-01-07,1578,Beauty,South,1,500.27,0.3,Cod,8,4.8,350.19,2026-01-07,350.18899999999996
11469,2026-01-08,1390,Home,East,7,504.36,0.31,Cod,6,1.4,2436.06,2026-01-08,2436.0588
11470,2026-01-09,1178,Home,North,6,491.49,0.16,Cod,3,2.5,2477.11,2026-01-09,2477.1096
11471,2026-01-10,1967,Clothing,West,2,392.37,0.18,Wallet,1,3.1,643.49,2026-01-10,643.4868
11472,2026-01-11,1553,Beauty,North,3,229.12,0.15,Wallet,3,4.9,584.26,2026-01-11,584.256
11473,2026-01-12,1447,Electronics,West,4,192.88,0.16,Wallet,11,3.0,648.08,2026-01-12,648.0767999999999
11474,2026-01-13,1499,Clothing,South,4,20.0,0.31,Wallet,6,4.1,55.2,2026-01-13,55.199999999999996
11475,2026-01-14,1014,Clothing,South,2,502.66,0.28,Cod,11,4.0,723.83,2026-01-14,723.8304
11476,2026-01-15,1622,Clothing,East,2,66.15,0.04,Cod,4,3.3,127.01,2026-01-15,127.00800000000001
11477,2026-01-16,1668,Clothing,East,7,383.99,0.21,Card,1,1.5,2123.46,2026-01-16,2123.4647000000004
11478,2026-01-17,1288,Electronics,West,4,309.88,0.35,Card,6,1.9,805.69,2026-01-17,805.688
11479,2026-01-18,1477,Clothing,East,2,323.11,0.21,Card,1,2.0,510.51,2026-01-18,510.51380000000006
11480,2026-01-19,1230,Beauty,East,4,557.13,0.28,Card,8,1.2,1604.53,2026-01-19,1604.5344
11481,2026-01-20,1922,Electronics,East,6,33.49,0.27,Card,3,2.5,146.69,2026-01-20,146.68619999999999
11482,2026-01-21,1419,Beauty,East,7,467.43,0.12,Card,3,3.4,2879.37,2026-01-21,2879.3688
11483,2026-01-22,1156,Home,South,2,45.45,0.13,Wallet,1,1.6,79.08,2026-01-22,79.083
11484,2026-01-23,1549,Home,East,6,37.32,0.25,Wallet,3,1.7,167.94,2026-01-23,167.94
11485,2026-01-24,1440,Clothing,South,6,266.44,0.17,Card,7,3.8,1326.87,2026-01-24,1326.8711999999998
11486,2026-01-25,1096,Home,South,2,51.9,0.2,Card,10,1.7,83.04,2026-01-25,83.04
11487,2026-01-26,1996,Electronics,North,7,476.65,0.25,Wallet,8,1.5,2502.41,2026-01-26,2502.4125
11488,2026-01-27,1410,Home,South,4,324.79,0.27,Wallet,11,4.9,948.39,2026-01-27,948.3868
11489,2026-01-28,1950,Electronics,South,5,31.99,0.1,Wallet,8,1.1,143.95,2026-01-28,143.95499999999998
11490,2026-01-29,1288,Beauty,East,4,38.69,0.05,Wallet,3,2.3,147.02,2026-01-29,147.022
11491,2026-01-30,1253,Beauty,South,1,373.41,0.1,Wallet,5,1.1,336.07,2026-01-30,336.069
11492,2026-01-31,1195,Electronics,West,2,486.58,0.18,Card,1,4.4,797.99,2026-01-31,797.9912
11493,2026-02-01,1597,Electronics,East,3,271.11,0.12,Card,9,3.3,715.73,2026-02-01,715.7304
11494,2026-02-02,1833,Home,East,7,339.43,0.2,Cod,8,1.2,1900.81,2026-02-02,1900.8080000000002
11495,2026-02-03,1521,Electronics,East,2,482.9,0.02,Card,10,3.5,946.48,2026-02-03,946.4839999999999
11496,2026-02-04,1516,Beauty,North,1,372.15,0.18,Wallet,2,1.5,305.16,2026-02-04,305.163
11497,2026-02-05,1634,Electronics,East,6,146.48,0.13,Cod,10,3.0,764.63,2026-02-05,764.6255999999998
11498,2026-02-06,1841,Electronics,South,3,373.64,0.19,Cod,1,3.7,907.95,2026-02-06,907.9452000000001
11499,2026-02-07,1864,Beauty,West,3,382.54,0.15,Card,4,1.6,975.48,2026-02-07,975.4770000000001
11500,2026-02-08,1117,Home,East,4,444.45,0.1,Cod,9,3.0,1600.02,2026-02-08,1600.02
11501,2026-02-09,1805,Home,East,5,378.21,0.32,Cod,8,2.8,1285.91,2026-02-09,1285.9139999999998
11502,2026-02-10,1908,Electronics,West,4,582.01,0.06,Wallet,3,4.7,2188.36,2026-02-10,2188.3576
11503,2026-02-11,1158,Home,East,7,130.41,0.24,Card,10,5.0,693.78,2026-02-11,693.7812
11504,2026-02-12,1814,Clothing,North,3,571.39,0.32,Wallet,6,3.6,1165.64,2026-02-12,1165.6355999999998
11505,2026-02-13,1227,Clothing,South,3,329.93,0.19,Wallet,9,4.4,801.73,2026-02-13,801.7299
11506,2026-02-14,1876,Home,West,5,408.09,0.31,Cod,10,3.6,1407.91,2026-02-14,1407.9104999999997
11507,2026-02-15,1215,Clothing,West,7,73.19,0.04,Cod,8,4.5,491.84,2026-02-15,491.8367999999999
11508,2026-02-16,1947,Clothing,North,2,237.64,0.17,Cod,10,2.7,394.48,2026-02-16,394.4824
11509,2026-02-17,1695,Electronics,South,5,465.09,0.16,Card,5,3.4,1953.38,2026-02-17,1953.3779999999997
11510,2026-02-18,1014,Home,North,6,428.54,0.0,Card,9,4.4,2571.24,2026-02-18,2571.2400000000002
11511,2026-02-19,1156,Electronics,South,4,38.48,0.16,Wallet,9,4.7,129.29,2026-02-19,129.29279999999997
11512,2026-02-20,1647,Home,North,2,334.76,0.13,Cod,3,1.1,582.48,2026-02-20,582.4824
11513,2026-02-21,1260,Electronics,East,4,66.64,0.23,Card,8,1.4,205.25,2026-02-21,205.2512
11514,2026-02-22,1156,Clothing,North,5,597.58,0.33,Cod,4,4.7,2001.89,2026-02-22,2001.8929999999998
11515,2026-02-23,1046,Home,West,2,539.92,0.03,Card,10,3.3,1047.44,2026-02-23,1047.4448
11516,2026-02-24,1323,Electronics,West,5,27.33,0.11,Card,7,5.0,121.62,2026-02-24,121.61849999999998
11517,2026-02-25,1843,Electronics,West,6,517.31,0.16,Cod,10,4.2,2607.24,2026-02-25,2607.2423999999996
11518,2026-02-26,1684,Electronics,North,1,552.87,0.16,Card,8,4.3,464.41,2026-02-26,464.4108
11519,2026-02-27,1129,Clothing,West,3,221.83,0.27,Card,7,2.5,485.81,2026-02-27,485.8077
11520,2026-02-28,1410,Home,West,7,435.91,0.16,Cod,5,2.0,2563.15,2026-02-28,2563.1508000000003
11521,2026-03-01,1094,Electronics,East,2,273.63,0.01,Cod,11,3.4,541.79,2026-03-01,541.7873999999999
11522,2026-03-02,1626,Home,East,3,398.31,0.25,Card,1,4.5,896.2,2026-03-02,896.1975
11523,2026-03-03,1754,Electronics,South,1,214.09,0.31,Card,8,3.9,147.72,2026-03-03,147.72209999999998
11524,2026-03-04,1931,Clothing,South,2,203.7,0.18,Card,5,2.9,334.07,2026-03-04,334.068
11525,2026-03-05,1291,Beauty,South,3,263.29,0.2,Card,3,4.0,631.9,2026-03-05,631.8960000000002
11526,2026-03-06,1793,Electronics,North,3,100.16,0.06,Card,2,3.8,282.45,2026-03-06,282.45120000000003
11527,2026-03-07,1810,Clothing,South,2,501.22,0.08,Card,3,4.7,922.24,2026-03-07,922.2448
11528,2026-03-08,1282,Electronics,North,3,218.99,0.08,Card,9,2.1,604.41,2026-03-08,604.4124
11529,2026-03-09,1068,Electronics,North,3,249.09,0.15,Wallet,2,1.5,635.18,2026-03-09,635.1795
11530,2026-03-10,1659,Electronics,South,2,538.02,0.32,Card,10,2.9,731.71,2026-03-10,731.7072
11531,2026-03-11,1010,Electronics,South,7,305.52,0.18,Card,1,2.4,1753.68,2026-03-11,1753.6848
11532,2026-03-12,1253,Clothing,North,3,333.39,0.07,Card,2,4.9,930.16,2026-03-12,930.1580999999999
11533,2026-03-13,1841,Clothing,East,3,574.55,0.09,Card,2,1.0,1568.52,2026-03-13,1568.5214999999998
11534,2026-03-14,1871,Clothing,West,7,533.73,0.13,Cod,11,4.7,3250.42,2026-03-14,3250.4157
11535,2026-03-15,1549,Electronics,West,4,114.14,0.22,Card,5,4.8,356.12,2026-03-15,356.1168
11536,2026-03-16,1133,Electronics,West,6,291.83,0.15,Card,1,1.2,1488.33,2026-03-16,1488.333
11537,2026-03-17,1711,Home,East,4,583.21,0.14,Card,10,4.6,2006.24,2026-03-17,2006.2424
11538,2026-03-18,1022,Beauty,North,1,232.83,0.2,Cod,8,2.9,186.26,2026-03-18,186.264
11539,2026-03-19,1814,Electronics,South,4,232.37,0.08,Card,2,4.1,855.12,2026-03-19,855.1216000000001
11540,2026-03-20,1345,Beauty,North,4,129.09,0.03,Cod,6,1.3,500.87,2026-03-20,500.8692
11541,2026-03-21,1301,Clothing,North,1,81.88,0.01,Card,5,4.8,81.06,2026-03-21,81.0612
11542,2026-03-22,1362,Clothing,South,3,448.08,0.09,Card,2,3.4,1223.26,2026-03-22,1223.2584
11543,2026-03-23,1395,Clothing,East,3,465.47,0.03,Cod,10,4.6,1354.52,2026-03-23,1354.5177
11544,2026-03-24,1217,Electronics,West,4,581.87,0.12,Cod,1,3.7,2048.18,2026-03-24,2048.1824
11545,2026-03-25,1140,Electronics,West,1,467.45,0.27,Cod,6,3.1,341.24,2026-03-25,341.2385
11546,2026-03-26,1615,Clothing,North,3,157.36,0.25,Card,6,1.7,354.06,2026-03-26,354.06000000000006
11547,2026-03-27,1957,Electronics,East,5,38.47,0.21,Cod,3,1.7,151.96,2026-03-27,151.9565
11548,2026-03-28,1209,Beauty,West,2,591.48,0.3,Card,8,2.9,828.07,2026-03-28,828.072
11549,2026-03-29,1984,Clothing,East,2,214.16,0.1,Cod,9,4.5,385.49,2026-03-29,385.488
11550,2026-03-30,1992,Electronics,South,6,197.5,0.31,Cod,3,1.5,817.65,2026-03-30,817.65
11551,2026-03-31,1622,Home,North,2,544.98,0.14,Card,9,5.0,937.37,2026-03-31,937.3656
11552,2026-04-01,1615,Electronics,North,4,357.28,0.14,Cod,8,4.5,1229.04,2026-04-01,1229.0431999999998
11553,2026-04-02,1827,Clothing,East,2,140.7,0.14,Cod,5,2.6,242.0,2026-04-02,242.004
11554,2026-04-03,1682,Home,West,2,535.12,0.03,Card,6,2.0,1038.13,2026-04-03,1038.1328
11555,2026-04-04,1459,Beauty,East,5,596.12,0.34,Wallet,1,4.7,1967.2,2026-04-04,1967.1959999999997
11556,2026-04-05,1355,Home,South,3,65.71,0.05,Wallet,5,1.5,187.27,2026-04-05,187.27349999999998
11557,2026-04-06,1323,Home,West,5,519.42,0.12,Card,10,2.4,2285.45,2026-04-06,2285.448
11558,2026-04-07,1132,Home,West,4,243.45,0.11,Wallet,10,1.3,866.68,2026-04-07,866.682
11559,2026-04-08,1887,Beauty,East,2,321.58,0.03,Card,7,4.8,623.87,2026-04-08,623.8652
11560,2026-04-09,1804,Electronics,South,7,550.17,0.05,Cod,1,3.5,3658.63,2026-04-09,3658.6304999999993
11561,2026-04-10,1839,Electronics,West,3,584.43,0.02,Wallet,10,2.3,1718.22,2026-04-10,1718.2241999999999
11562,2026-04-11,1126,Electronics,North,6,168.37,0.1,Cod,9,2.1,909.2,2026-04-11,909.1980000000001
11563,2026-04-12,1105,Electronics,South,6,139.52,0.3,Card,7,2.8,585.98,2026-04-12,585.984
11564,2026-04-13,1603,Home,West,2,62.1,0.12,Wallet,4,1.4,109.3,2026-04-13,109.296
11565,2026-04-14,1798,Clothing,East,2,343.65,0.04,Card,11,4.6,659.81,2026-04-14,659.8079999999999
11566,2026-04-15,1377,Clothing,West,6,22.96,0.23,Card,4,3.0,106.08,2026-04-15,106.0752
11567,2026-04-16,1904,Electronics,North,6,255.96,0.35,Card,11,3.9,998.24,2026-04-16,998.244
11568,2026-04-17,1050,Home,South,7,57.93,0.08,Wallet,10,1.9,373.07,2026-04-17,373.0692
11569,2026-04-18,1028,Electronics,West,4,252.06,0.1,Wallet,7,3.0,907.42,2026-04-18,907.416
11570,2026-04-19,1461,Home,North,2,38.36,0.34,Card,6,1.8,50.64,2026-04-19,50.63519999999999
11571,2026-04-20,1295,Clothing,West,6,503.6,0.06,Wallet,3,4.3,2840.3,2026-04-20,2840.304
11572,2026-04-21,1296,Electronics,West,7,137.7,0.18,Card,9,4.1,790.4,2026-04-21,790.3979999999999
11573,2026-04-22,1725,Electronics,South,1,207.06,0.08,Wallet,6,1.6,190.5,2026-04-22,190.4952
11574,2026-04-23,1778,Electronics,East,6,523.98,0.33,Cod,11,1.3,2106.4,2026-04-23,2106.3995999999997
11575,2026-04-24,1406,Home,East,3,451.57,0.34,Card,2,4.3,894.11,2026-04-24,894.1085999999999
11576,2026-04-25,1768,Beauty,North,3,143.14,0.29,Card,10,1.4,304.89,2026-04-25,304.8882
11577,2026-04-26,1813,Clothing,North,1,57.06,0.11,Card,2,3.2,50.78,2026-04-26,50.7834
11578,2026-04-27,1612,Electronics,North,4,433.67,0.14,Card,1,3.1,1491.82,2026-04-27,1491.8248
11579,2026-04-28,1404,Clothing,South,2,243.56,0.08,Cod,11,1.8,448.15,2026-04-28,448.15040000000005
11580,2026-04-29,1345,Home,East,2,463.16,0.31,Card,5,3.4,639.16,2026-04-29,639.1608
11581,2026-04-30,1621,Home,North,6,275.5,0.32,Wallet,10,3.0,1124.04,2026-04-30,1124.04
11582,2026-05-01,1419,Electronics,North,3,217.41,0.15,Cod,6,3.0,554.4,2026-05-01,554.3955
11583,2026-05-02,1181,Electronics,West,4,278.96,0.23,Cod,3,2.4,859.2,2026-05-02,859.1967999999999
11584,2026-05-03,1982,Home,West,4,452.91,0.06,Card,4,4.4,1702.94,2026-05-03,1702.9416
11585,2026-05-04,1824,Clothing,North,4,542.8,0.15,Wallet,5,1.3,1845.52,2026-05-04,1845.5199999999998
11586,2026-05-05,1000,Electronics,West,6,44.11,0.22,Cod,4,2.8,206.43,2026-05-05,206.4348
11587,2026-05-06,1830,Electronics,West,2,321.61,0.13,Wallet,9,2.0,559.6,2026-05-06,559.6014
11588,2026-05-07,1949,Clothing,West,4,34.21,0.13,Wallet,3,4.4,119.05,2026-05-07,119.0508
11589,2026-05-08,1566,Beauty,South,6,289.02,0.0,Card,5,1.9,1734.12,2026-05-08,1734.12
11590,2026-05-09,1370,Beauty,North,6,532.89,0.28,Card,7,4.1,2302.08,2026-05-09,2302.0848
11591,2026-05-10,1935,Clothing,North,1,226.53,0.31,Wallet,7,3.4,156.31,2026-05-10,156.3057
11592,2026-05-11,1910,Clothing,West,5,560.48,0.34,Wallet,6,4.5,1849.58,2026-05-11,1849.5839999999998
11593,2026-05-12,1660,Electronics,South,4,383.91,0.25,Cod,9,3.4,1151.73,2026-05-12,1151.73
11594,2026-05-13,1430,Clothing,West,5,561.48,0.19,Card,7,3.2,2273.99,2026-05-13,2273.994
11595,2026-05-14,1968,Clothing,South,2,457.94,0.09,Cod,11,4.2,833.45,2026-05-14,833.4508000000001
11596,2026-05-15,1308,Clothing,North,6,75.51,0.35,Card,4,3.2,294.49,2026-05-15,294.48900000000003
11597,2026-05-16,1136,Clothing,West,7,150.22,0.21,Card,11,4.4,830.72,2026-05-16,830.7166
11598,2026-05-17,1201,Electronics,North,4,245.59,0.24,Cod,10,1.2,746.59,2026-05-17,746.5936
11599,2026-05-18,1435,Electronics,South,7,114.51,0.24,Card,9,3.0,609.19,2026-05-18,609.1932
11600,2026-05-19,1312,Electronics,East,3,304.52,0.3,Cod,6,4.3,639.49,2026-05-19,639.492
11601,2026-05-20,1116,Electronics,South,2,290.75,0.0,Wallet,1,4.4,581.5,2026-05-20,581.5
11602,2026-05-21,1665,Electronics,East,1,574.41,0.08,Wallet,9,4.3,528.46,2026-05-21,528.4572
11603,2026-05-22,1936,Beauty,North,1,268.73,0.23,Wallet,11,3.4,206.92,2026-05-22,206.92210000000003
11604,2026-05-23,1802,Clothing,North,5,474.59,0.31,Wallet,7,5.0,1637.34,2026-05-23,1637.3354999999997
11605,2026-05-24,1574,Clothing,West,6,566.02,0.24,Card,6,1.7,2581.05,2026-05-24,2581.0512
11606,2026-05-25,1243,Beauty,East,5,528.04,0.14,Wallet,6,1.7,2270.57,2026-05-25,2270.5719999999997
11607,2026-05-26,1536,Beauty,South,3,137.07,0.13,Wallet,4,1.1,357.75,2026-05-26,357.7527
11608,2026-05-27,1601,Clothing,North,3,305.18,0.26,Wallet,4,5.0,677.5,2026-05-27,677.4996
11609,2026-05-28,1074,Home,East,1,218.43,0.26,Cod,11,2.4,161.64,2026-05-28,161.6382
11610,2026-05-29,1805,Electronics,South,7,248.92,0.21,Card,3,4.0,1376.53,2026-05-29,1376.5276
11611,2026-05-30,1385,Electronics,East,4,226.07,0.1,Card,8,1.2,813.85,2026-05-30,813.852
11612,2026-05-31,1902,Clothing,South,1,498.42,0.32,Card,8,2.2,338.93,2026-05-31,338.9256
11613,2026-06-01,1209,Home,South,1,279.5,0.19,Wallet,2,3.5,226.4,2026-06-01,226.395
11614,2026-06-02,1474,Home,South,7,321.36,0.28,Cod,5,3.1,1619.65,2026-06-02,1619.6544
11615,2026-06-03,1417,Electronics,South,7,589.73,0.08,Wallet,9,1.8,3797.86,2026-06-03,3797.8612000000007
11616,2026-06-04,1346,Electronics,East,3,50.09,0.12,Cod,9,2.8,132.24,2026-06-04,132.23760000000001
11617,2026-06-05,1528,Clothing,East,7,300.46,0.31,Cod,7,1.4,1451.22,2026-06-05,1451.2217999999998
11618,2026-06-06,1639,Electronics,West,5,467.83,0.02,Card,4,3.2,2292.37,2026-06-06,2292.367
11619,2026-06-07,1938,Clothing,East,3,103.43,0.18,Card,4,1.4,254.44,2026-06-07,254.43780000000004
11620,2026-06-08,1954,Home,East,7,372.75,0.17,Card,10,3.5,2165.68,2026-06-08,2165.6775
11621,2026-06-09,1875,Home,West,6,155.09,0.26,Cod,11,1.6,688.6,2026-06-09,688.5996
11622,2026-06-10,1762,Home,East,3,522.43,0.1,Card,7,3.2,1410.56,2026-06-10,1410.561
11623,2026-06-11,1178,Beauty,South,3,206.35,0.08,Cod,3,1.5,569.53,2026-06-11,569.526
11624,2026-06-12,1181,Clothing,North,1,207.5,0.32,Card,3,2.6,141.1,2026-06-12,141.1
11625,2026-06-13,1663,Home,North,4,364.94,0.2,Wallet,5,2.4,1167.81,2026-06-13,1167.808
11626,2026-06-14,1024,Clothing,West,1,122.38,0.04,Card,11,4.0,117.48,2026-06-14,117.48479999999999
11627,2026-06-15,1966,Electronics,East,2,181.66,0.07,Cod,6,3.6,337.89,2026-06-15,337.88759999999996
11628,2026-06-16,1179,Electronics,East,3,258.73,0.35,Card,8,4.7,504.52,2026-06-16,504.52350000000007
11629,2026-06-17,1709,Electronics,West,7,221.88,0.07,Cod,1,4.7,1444.44,2026-06-17,1444.4387999999997
11630,2026-06-18,1500,Clothing,North,7,322.05,0.21,Card,7,3.9,1780.94,2026-06-18,1780.9365
11631,2026-06-19,1855,Clothing,South,7,365.79,0.15,Cod,8,4.1,2176.45,2026-06-19,2176.4505
11632,2026-06-20,1160,Home,East,3,346.5,0.31,Wallet,5,3.5,717.26,2026-06-20,717.255
11633,2026-06-21,1176,Electronics,West,7,397.69,0.26,Card,10,3.8,2060.03,2026-06-21,2060.0342
11634,2026-06-22,1284,Electronics,South,2,195.03,0.21,Card,2,3.5,308.15,2026-06-22,308.1474
11635,2026-06-23,1062,Beauty,West,3,88.96,0.0,Cod,4,2.2,266.88,2026-06-23,266.88
11636,2026-06-24,1661,Electronics,West,7,460.07,0.31,Cod,6,2.4,2222.14,2026-06-24,2222.1380999999997
11637,2026-06-25,1665,Clothing,West,3,512.71,0.16,Card,9,3.3,1292.03,2026-06-25,1292.0292
11638,2026-06-26,1155,Clothing,North,6,165.35,0.33,Cod,2,3.9,664.71,2026-06-26,664.7069999999999
11639,2026-06-27,1881,Clothing,North,3,253.15,0.17,Card,4,2.6,630.34,2026-06-27,630.3435000000001
11640,2026-06-28,1468,Electronics,West,2,306.66,0.24,Card,10,1.6,466.12,2026-06-28,466.12320000000005
11641,2026-06-29,1048,Electronics,East,1,327.0,0.02,Card,5,2.8,320.46,2026-06-29,320.46
11642,2026-06-30,1966,Electronics,South,3,400.8,0.26,Wallet,8,4.9,889.78,2026-06-30,889.7760000000001
11643,2026-07-01,1848,Clothing,East,4,39.34,0.12,Cod,8,1.9,138.48,2026-07-01,138.47680000000003
11644,2026-07-02,1083,Clothing,North,2,437.06,0.12,Cod,2,3.6,769.23,2026-07-02,769.2256
11645,2026-07-03,1360,Electronics,South,5,51.25,0.04,Wallet,6,4.9,246.0,2026-07-03,246.0
11646,2026-07-04,1688,Clothing,West,6,288.95,0.05,Card,6,2.5,1647.01,2026-07-04,1647.0149999999996
11647,2026-07-05,1147,Home,East,2,499.19,0.07,Cod,5,4.6,928.49,2026-07-05,928.4934
11648,2026-07-06,1629,Electronics,East,1,278.96,0.11,Wallet,8,4.5,248.27,2026-07-06,248.27439999999999
11649,2026-07-07,1341,Clothing,West,7,102.22,0.31,Card,10,2.4,493.72,2026-07-07,493.72259999999994
11650,2026-07-08,1475,Home,East,7,591.24,0.13,Card,2,1.4,3600.65,2026-07-08,3600.6516
11651,2026-07-09,1062,Electronics,North,2,535.23,0.25,Wallet,2,1.7,802.84,2026-07-09,802.845
11652,2026-07-10,1700,Electronics,West,5,466.22,0.03,Wallet,7,2.5,2261.17,2026-07-10,2261.1670000000004
11653,2026-07-11,1359,Clothing,East,7,255.73,0.21,Card,9,4.8,1414.19,2026-07-11,1414.1869
11654,2026-07-12,1560,Beauty,West,6,122.55,0.17,Card,3,2.1,610.3,2026-07-12,610.299
11655,2026-07-13,1326,Home,South,4,565.73,0.34,Card,7,4.7,1493.53,2026-07-13,1493.5271999999998
11656,2026-07-14,1768,Clothing,West,5,326.43,0.3,Card,3,1.7,1142.5,2026-07-14,1142.5049999999999
11657,2026-07-15,1735,Home,East,2,513.63,0.16,Card,6,4.9,862.9,2026-07-15,862.8983999999999
11658,2026-07-16,1140,Clothing,North,5,215.13,0.27,Cod,3,2.2,785.22,2026-07-16,785.2245
11659,2026-07-17,1989,Clothing,West,7,211.14,0.07,Wallet,1,3.5,1374.52,2026-07-17,1374.5213999999999
11660,2026-07-18,1214,Clothing,West,7,591.54,0.2,Card,6,1.3,3312.62,2026-07-18,3312.624
11661,2026-07-19,1434,Electronics,East,2,320.27,0.03,Wallet,11,2.2,621.32,2026-07-19,621.3237999999999
11662,2026-07-20,1890,Home,North,7,97.31,0.12,Card,3,1.8,599.43,2026-07-20,599.4296
11663,2026-07-21,1951,Clothing,North,7,143.51,0.08,Card,1,1.0,924.2,2026-07-21,924.2044
11664,2026-07-22,1722,Clothing,South,4,296.94,0.25,Cod,5,1.6,890.82,2026-07-22,890.8199999999999
11665,2026-07-23,1317,Beauty,South,4,39.85,0.17,Card,8,3.4,132.3,2026-07-23,132.302
11666,2026-07-24,1031,Electronics,East,1,285.58,0.26,Card,8,2.6,211.33,2026-07-24,211.3292
11667,2026-07-25,1669,Electronics,North,4,260.08,0.18,Wallet,8,3.9,853.06,2026-07-25,853.0624
11668,2026-07-26,1284,Electronics,North,3,470.91,0.03,Card,3,3.7,1370.35,2026-07-26,1370.3481
11669,2026-07-27,1304,Home,South,5,222.64,0.26,Cod,8,4.2,823.77,2026-07-27,823.7679999999998
11670,2026-07-28,1428,Home,South,5,589.79,0.29,Card,4,4.5,2093.75,2026-07-28,2093.7544999999996
11671,2026-07-29,1476,Electronics,East,2,120.75,0.32,Card,8,4.3,164.22,2026-07-29,164.22
11672,2026-07-30,1285,Home,North,4,360.73,0.2,Cod,3,2.8,1154.34,2026-07-30,1154.336
11673,2026-07-31,1143,Clothing,West,1,67.47,0.26,Wallet,3,2.2,49.93,2026-07-31,49.9278
11674,2026-08-01,1423,Home,South,7,444.31,0.26,Card,1,3.0,2301.53,2026-08-01,2301.5258
11675,2026-08-02,1018,Clothing,East,1,596.93,0.05,Cod,8,3.1,567.08,2026-08-02,567.0835
11676,2026-08-03,1017,Clothing,North,1,494.2,0.06,Wallet,8,2.3,464.55,2026-08-03,464.54799999999994
11677,2026-08-04,1768,Beauty,North,6,340.09,0.02,Cod,9,3.2,1999.73,2026-08-04,1999.7292
11678,2026-08-05,1589,Electronics,South,7,298.57,0.11,Card,6,1.4,1860.09,2026-08-05,1860.0910999999999
11679,2026-08-06,1370,Electronics,East,3,503.49,0.17,Cod,2,1.9,1253.69,2026-08-06,1253.6901
11680,2026-08-07,1174,Clothing,West,4,562.54,0.35,Cod,1,4.0,1462.6,2026-08-07,1462.604
11681,2026-08-08,1193,Beauty,South,7,593.69,0.15,Cod,8,1.7,3532.46,2026-08-08,3532.4555
11682,2026-08-09,1501,Clothing,East,1,246.98,0.25,Cod,10,1.6,185.24,2026-08-09,185.23499999999999
11683,2026-08-10,1987,Electronics,North,7,594.69,0.24,Card,4,2.1,3163.75,2026-08-10,3163.7508
11684,2026-08-11,1112,Electronics,West,3,106.22,0.07,Cod,11,2.5,296.35,2026-08-11,296.3538
11685,2026-08-12,1113,Clothing,East,5,163.33,0.02,Cod,11,2.3,800.32,2026-08-12,800.3170000000001
11686,2026-08-13,1221,Electronics,West,2,67.07,0.19,Cod,7,2.5,108.65,2026-08-13,108.65339999999999
11687,2026-08-14,1677,Home,East,4,173.97,0.25,Wallet,10,1.6,521.91,2026-08-14,521.91
11688,2026-08-15,1946,Beauty,East,4,464.24,0.35,Wallet,4,1.7,1207.02,2026-08-15,1207.0240000000001
11689,2026-08-16,1830,Clothing,East,6,513.96,0.13,Cod,1,1.9,2682.87,2026-08-16,2682.8712
11690,2026-08-17,1643,Clothing,East,5,470.65,0.31,Cod,8,2.6,1623.74,2026-08-17,1623.7424999999998
11691,2026-08-18,1896,Clothing,West,4,384.17,0.13,Cod,10,2.3,1336.91,2026-08-18,1336.9116000000001
11692,2026-08-19,1263,Electronics,South,6,315.67,0.24,Cod,9,4.2,1439.46,2026-08-19,1439.4552
11693,2026-08-20,1924,Beauty,West,6,429.59,0.21,Wallet,10,3.1,2036.26,2026-08-20,2036.2566000000002
11694,2026-08-21,1054,Clothing,East,6,243.64,0.02,Cod,9,3.3,1432.6,2026-08-21,1432.6031999999998
11695,2026-08-22,1870,Clothing,West,4,507.17,0.03,Card,9,3.2,1967.82,2026-08-22,1967.8196
11696,2026-08-23,1642,Home,West,4,411.16,0.01,Cod,11,2.6,1628.19,2026-08-23,1628.1936
11697,2026-08-24,1799,Clothing,West,4,423.22,0.13,Cod,11,4.9,1472.81,2026-08-24,1472.8056000000001
11698,2026-08-25,1777,Clothing,East,3,328.52,0.26,Cod,4,1.1,729.31,2026-08-25,729.3144
11699,2026-08-26,1457,Electronics,West,6,532.86,0.06,Cod,9,1.9,3005.33,2026-08-26,3005.3304
11700,2026-08-27,1978,Home,North,3,162.43,0.21,Card,11,2.1,384.96,2026-08-27,384.95910000000003
11701,2026-08-28,1877,Beauty,East,2,237.97,0.1,Card,4,4.5,428.35,2026-08-28,428.346
11702,2026-08-29,1161,Clothing,West,4,469.92,0.28,Card,2,4.7,1353.37,2026-08-29,1353.3696
11703,2026-08-30,1379,Beauty,North,7,303.26,0.28,Card,10,4.4,1528.43,2026-08-30,1528.4303999999997
11704,2026-08-31,1992,Electronics,West,5,535.19,0.27,Card,3,2.7,1953.44,2026-08-31,1953.4435
11705,2026-09-01,1086,Clothing,South,1,217.64,0.18,Wallet,2,4.7,178.46,2026-09-01,178.4648
11706,2026-09-02,1054,Clothing,West,2,231.06,0.1,Card,1,1.4,415.91,2026-09-02,415.908
11707,2026-09-03,1475,Clothing,West,7,534.91,0.28,Wallet,11,3.6,2695.95,2026-09-03,2695.9464
11708,2026-09-04,1799,Clothing,South,1,286.66,0.07,Card,6,4.7,266.59,2026-09-04,266.5938
11709,2026-09-05,1177,Electronics,East,1,316.93,0.1,Card,4,4.0,285.24,2026-09-05,285.237
11710,2026-09-06,1390,Electronics,South,4,209.67,0.06,Cod,7,2.1,788.36,2026-09-06,788.3591999999999
11711,2026-09-07,1348,Clothing,East,5,176.85,0.24,Card,7,3.9,672.03,2026-09-07,672.03
11712,2026-09-08,1007,Electronics,South,1,398.73,0.24,Wallet,10,2.2,303.03,2026-09-08,303.0348
11713,2026-09-09,1832,Home,West,6,85.11,0.23,Card,1,1.4,393.21,2026-09-09,393.2082
11714,2026-09-10,1312,Electronics,West,7,529.37,0.15,Card,9,3.9,3149.75,2026-09-10,3149.7515
11715,2026-09-11,1758,Electronics,East,1,470.83,0.04,Wallet,8,1.7,452.0,2026-09-11,451.99679999999995
11716,2026-09-12,1834,Clothing,East,2,126.59,0.32,Card,10,1.4,172.16,2026-09-12,172.1624
11717,2026-09-13,1983,Clothing,North,5,421.0,0.18,Card,1,3.2,1726.1,2026-09-13,1726.1000000000001
11718,2026-09-14,1982,Beauty,North,5,367.54,0.14,Card,8,3.5,1580.42,2026-09-14,1580.422
11719,2026-09-15,1442,Clothing,West,1,122.95,0.21,Cod,5,1.2,97.13,2026-09-15,97.13050000000001
11720,2026-09-16,1766,Electronics,West,5,174.82,0.07,Card,1,1.0,812.91,2026-09-16,812.9129999999999
11721,2026-09-17,1327,Home,North,2,254.26,0.05,Cod,4,4.5,483.09,2026-09-17,483.09399999999994
11722,2026-09-18,1053,Clothing,North,7,424.06,0.14,Wallet,7,1.5,2552.84,2026-09-18,2552.8412
11723,2026-09-19,1760,Electronics,East,2,388.65,0.08,Wallet,5,3.3,715.12,2026-09-19,715.116
11724,2026-09-20,1238,Clothing,South,2,326.36,0.09,Card,11,4.8,593.98,2026-09-20,593.9752000000001
11725,2026-09-21,1228,Beauty,East,6,464.52,0.31,Card,3,3.0,1923.11,2026-09-21,1923.1127999999999
11726,2026-09-22,1578,Clothing,North,4,458.39,0.19,Card,11,1.6,1485.18,2026-09-22,1485.1836
11727,2026-09-23,1050,Electronics,West,1,376.45,0.17,Cod,4,2.6,312.45,2026-09-23,312.45349999999996
11728,2026-09-24,1608,Electronics,North,7,475.39,0.24,Card,2,3.5,2529.07,2026-09-24,2529.0748
11729,2026-09-25,1603,Electronics,West,5,210.54,0.33,Wallet,8,4.1,705.31,2026-09-25,705.309
11730,2026-09-26,1263,Clothing,West,2,530.53,0.04,Cod,2,3.4,1018.62,2026-09-26,1018.6175999999999
11731,2026-09-27,1417,Clothing,West,1,374.72,0.29,Card,11,1.1,266.05,2026-09-27,266.0512
11732,2026-09-28,1802,Electronics,West,7,496.08,0.2,Cod,6,1.6,2778.05,2026-09-28,2778.0480000000002
11733,2026-09-29,1095,Beauty,South,7,334.57,0.05,Card,7,2.5,2224.89,2026-09-29,2224.8904999999995
11734,2026-09-30,1087,Home,North,1,142.79,0.1,Card,7,3.8,128.51,2026-09-30,128.511
11735,2026-10-01,1077,Clothing,East,4,332.31,0.17,Card,1,3.3,1103.27,2026-10-01,1103.2692
11736,2026-10-02,1287,Home,West,6,232.1,0.24,Card,8,1.2,1058.38,2026-10-02,1058.376
11737,2026-10-03,1119,Electronics,West,5,423.04,0.08,Cod,9,4.2,1945.98,2026-10-03,1945.9840000000004
11738,2026-10-04,1813,Clothing,East,6,293.34,0.19,Cod,7,3.4,1425.63,2026-10-04,1425.6324
11739,2026-10-05,1490,Clothing,East,7,504.13,0.24,Card,8,4.5,2681.97,2026-10-05,2681.9716
11740,2026-10-06,1911,Home,West,5,411.67,0.16,Wallet,4,2.7,1729.01,2026-10-06,1729.014
11741,2026-10-07,1451,Home,East,7,415.46,0.3,Card,8,3.0,2035.75,2026-10-07,2035.7539999999997
11742,2026-10-08,1499,Electronics,East,2,142.04,0.3,Card,3,2.6,198.86,2026-10-08,198.85599999999997
11743,2026-10-09,1164,Beauty,South,2,590.79,0.16,Card,1,3.9,992.53,2026-10-09,992.5271999999999
11744,2026-10-10,1181,Electronics,East,1,507.38,0.34,Cod,8,4.0,334.87,2026-10-10,334.8708
11745,2026-10-11,1468,Beauty,North,5,476.57,0.03,Wallet,11,3.9,2311.36,2026-10-11,2311.3644999999997
11746,2026-10-12,1909,Beauty,North,5,208.18,0.0,Cod,6,2.2,1040.9,2026-10-12,1040.9
11747,2026-10-13,1734,Electronics,North,7,328.34,0.13,Wallet,9,3.5,1999.59,2026-10-13,1999.5905999999998
11748,2026-10-14,1822,Home,West,6,95.21,0.21,Card,3,2.4,451.3,2026-10-14,451.29540000000003
11749,2026-10-15,1943,Electronics,North,2,330.01,0.22,Card,8,4.3,514.82,2026-10-15,514.8156
11750,2026-10-16,1977,Clothing,South,3,100.35,0.17,Cod,9,1.2,249.87,2026-10-16,249.87149999999994
11751,2026-10-17,1006,Clothing,North,1,338.53,0.04,Cod,9,1.2,324.99,2026-10-17,324.98879999999997
11752,2026-10-18,1329,Clothing,West,5,394.5,0.06,Card,7,1.4,1854.15,2026-10-18,1854.1499999999999
11753,2026-10-19,1774,Beauty,South,4,243.26,0.3,Wallet,11,1.8,681.13,2026-10-19,681.1279999999999
11754,2026-10-20,1672,Home,North,4,306.65,0.3,Card,10,1.2,858.62,2026-10-20,858.6199999999999
11755,2026-10-21,1150,Clothing,South,3,527.26,0.24,Card,3,1.3,1202.15,2026-10-21,1202.1528
11756,2026-10-22,1084,Home,South,2,78.51,0.23,Cod,3,2.2,120.91,2026-10-22,120.90540000000001
11757,2026-10-23,1146,Beauty,West,2,478.16,0.21,Cod,2,1.4,755.49,2026-10-23,755.4928000000001
11758,2026-10-24,1623,Electronics,West,2,114.89,0.07,Card,1,4.2,213.7,2026-10-24,213.69539999999998
11759,2026-10-25,1380,Beauty,South,6,36.47,0.15,Card,2,1.2,186.0,2026-10-25,185.99699999999999
11760,2026-10-26,1914,Electronics,North,7,123.56,0.24,Cod,5,4.6,657.34,2026-10-26,657.3392000000001
11761,2026-10-27,1547,Home,West,4,462.55,0.19,Cod,1,4.5,1498.66,2026-10-27,1498.662
11762,2026-10-28,1284,Electronics,South,2,252.0,0.01,Cod,10,1.8,498.96,2026-10-28,498.96
11763,2026-10-29,1699,Electronics,East,4,525.42,0.33,Cod,4,1.3,1408.13,2026-10-29,1408.1255999999998
11764,2026-10-30,1081,Clothing,East,3,321.95,0.3,Card,11,1.4,676.09,2026-10-30,676.0949999999999
11765,2026-10-31,1513,Clothing,West,1,28.02,0.09,Wallet,10,3.2,25.5,2026-10-31,25.4982
11766,2026-11-01,1896,Clothing,North,7,434.28,0.22,Wallet,10,3.4,2371.17,2026-11-01,2371.1688
11767,2026-11-02,1814,Electronics,East,6,79.49,0.32,Card,1,2.3,324.32,2026-11-02,324.3191999999999
11768,2026-11-03,1708,Clothing,East,5,476.79,0.03,Card,10,2.2,2312.43,2026-11-03,2312.4315
11769,2026-11-04,1915,Beauty,East,3,113.34,0.18,Card,8,3.1,278.82,2026-11-04,278.8164
11770,2026-11-05,1522,Clothing,North,7,217.09,0.16,Cod,5,2.2,1276.49,2026-11-05,1276.4892
11771,2026-11-06,1745,Electronics,North,4,460.34,0.14,Wallet,10,4.7,1583.57,2026-11-06,1583.5695999999998
11772,2026-11-07,1385,Clothing,West,3,573.23,0.29,Cod,4,2.5,1220.98,2026-11-07,1220.9799
11773,2026-11-08,1706,Electronics,West,5,232.29,0.13,Wallet,3,1.9,1010.46,2026-11-08,1010.4615
11774,2026-11-09,1470,Home,East,7,500.2,0.02,Card,9,1.6,3431.37,2026-11-09,3431.372
11775,2026-11-10,1118,Home,North,6,126.61,0.02,Cod,6,3.5,744.47,2026-11-10,744.4667999999999
11776,2026-11-11,1395,Clothing,South,1,487.2,0.01,Card,1,2.3,482.33,2026-11-11,482.328
11777,2026-11-12,1531,Clothing,East,5,399.63,0.14,Card,8,1.8,1718.41,2026-11-12,1718.409
11778,2026-11-13,1260,Home,West,7,127.75,0.25,Cod,10,2.1,670.69,2026-11-13,670.6875
11779,2026-11-14,1804,Clothing,North,6,191.96,0.07,Card,2,2.2,1071.14,2026-11-14,1071.1368
11780,2026-11-15,1933,Home,West,4,92.09,0.23,Cod,9,3.5,283.64,2026-11-15,283.6372
11781,2026-11-16,1255,Clothing,West,5,239.04,0.24,Cod,11,1.7,908.35,2026-11-16,908.3520000000001
11782,2026-11-17,1733,Home,North,3,134.13,0.09,Wallet,7,3.9,366.17,2026-11-17,366.1749
11783,2026-11-18,1904,Clothing,East,2,391.74,0.21,Card,3,2.2,618.95,2026-11-18,618.9492
11784,2026-11-19,1225,Clothing,North,3,596.79,0.24,Cod,4,3.0,1360.68,2026-11-19,1360.6812
11785,2026-11-20,1052,Beauty,East,4,22.03,0.16,Wallet,3,3.6,74.02,2026-11-20,74.0208
11786,2026-11-21,1939,Clothing,West,7,331.44,0.12,Wallet,6,3.2,2041.67,2026-11-21,2041.6704
11787,2026-11-22,1866,Clothing,North,1,350.59,0.22,Cod,9,3.6,273.46,2026-11-22,273.4602
11788,2026-11-23,1499,Electronics,South,5,549.81,0.34,Cod,10,2.3,1814.37,2026-11-23,1814.3729999999996
11789,2026-11-24,1505,Clothing,East,7,311.01,0.15,Card,9,4.9,1850.51,2026-11-24,1850.5094999999997
11790,2026-11-25,1853,Clothing,South,1,333.07,0.14,Cod,1,2.8,286.44,2026-11-25,286.4402
11791,2026-11-26,1363,Electronics,East,4,290.92,0.16,Cod,10,2.3,977.49,2026-11-26,977.4912
11792,2026-11-27,1279,Electronics,North,5,172.31,0.03,Cod,6,2.2,835.7,2026-11-27,835.7035
11793,2026-11-28,1592,Clothing,South,6,47.78,0.19,Cod,1,1.2,232.21,2026-11-28,232.21080000000003
11794,2026-11-29,1713,Home,North,6,254.06,0.12,Card,11,3.7,1341.44,2026-11-29,1341.4368000000002
11795,2026-11-30,1157,Clothing,East,7,45.77,0.04,Card,4,2.1,307.57,2026-11-30,307.5744
11796,2026-12-01,1631,Electronics,East,3,337.04,0.16,Cod,7,4.8,849.34,2026-12-01,849.3408000000001
11797,2026-12-02,1058,Home,East,7,194.77,0.0,Card,4,1.8,1363.39,2026-12-02,1363.39
11798,2026-12-03,1726,Electronics,East,3,327.16,0.14,Card,9,3.1,844.07,2026-12-03,844.0728
11799,2026-12-04,1127,Clothing,West,4,93.56,0.04,Card,10,3.9,359.27,2026-12-04,359.2704
11800,2026-12-05,1735,Electronics,East,6,560.59,0.01,Card,5,4.5,3329.9,2026-12-05,3329.9046
11801,2026-12-06,1720,Electronics,South,5,538.29,0.29,Wallet,9,1.6,1910.93,2026-12-06,1910.9294999999997
11802,2026-12-07,1881,Electronics,East,6,126.15,0.32,Cod,1,4.9,514.69,2026-12-07,514.692
11803,2026-12-08,1114,Clothing,North,3,215.91,0.07,Card,4,4.6,602.39,2026-12-08,602.3888999999999
11804,2026-12-09,1208,Electronics,West,7,373.89,0.19,Cod,7,4.9,2119.96,2026-12-09,2119.9563000000003
11805,2026-12-10,1525,Clothing,South,4,70.98,0.1,Card,2,4.4,255.53,2026-12-10,255.52800000000002
11806,2026-12-11,1520,Clothing,West,6,222.42,0.17,Cod,9,4.5,1107.65,2026-12-11,1107.6516
11807,2026-12-12,1551,Clothing,West,4,161.9,0.15,Card,3,3.4,550.46,2026-12-12,550.46
11808,2026-12-13,1961,Clothing,West,6,550.58,0.09,Wallet,4,4.4,3006.17,2026-12-13,3006.1668000000004
11809,2026-12-14,1236,Home,North,7,513.72,0.25,Card,4,3.1,2697.03,2026-12-14,2697.0299999999997
11810,2026-12-15,1280,Electronics,West,1,354.2,0.04,Cod,8,3.2,340.03,2026-12-15,340.032
11811,2026-12-16,1358,Clothing,West,7,319.4,0.02,Wallet,2,3.3,2191.08,2026-12-16,2191.084
11812,2026-12-17,1200,Electronics,East,6,559.47,0.27,Wallet,5,5.0,2450.48,2026-12-17,2450.4786
11813,2026-12-18,1757,Electronics,North,3,560.47,0.23,Card,2,1.4,1294.69,2026-12-18,1294.6857
11814,2026-12-19,1277,Clothing,South,7,582.06,0.17,Cod,6,4.2,3381.77,2026-12-19,3381.7685999999994
11815,2026-12-20,1234,Clothing,South,5,88.35,0.16,Card,9,2.1,371.07,2026-12-20,371.07
11816,2026-12-21,1493,Beauty,South,3,108.93,0.17,Cod,9,2.4,271.24,2026-12-21,271.2357
11817,2026-12-22,1003,Clothing,North,3,410.89,0.15,Card,1,1.3,1047.77,2026-12-22,1047.7695
11818,2026-12-23,1665,Beauty,South,3,331.74,0.14,Wallet,4,2.4,855.89,2026-12-23,855.8892
11819,2026-12-24,1441,Electronics,North,4,25.8,0.17,Card,4,5.0,85.66,2026-12-24,85.65599999999999
11820,2026-12-25,1028,Electronics,East,2,51.26,0.18,Cod,1,2.6,84.07,2026-12-25,84.0664
11821,2026-12-26,1108,Electronics,East,2,534.53,0.24,Cod,10,3.7,812.49,2026-12-26,812.4856
11822,2026-12-27,1609,Electronics,North,1,523.29,0.25,Wallet,2,1.5,392.47,2026-12-27,392.4675
11823,2026-12-28,1726,Clothing,South,3,224.0,0.13,Cod,6,4.7,584.64,2026-12-28,584.64
11824,2026-12-29,1804,Clothing,North,2,536.26,0.14,Card,10,4.3,922.37,2026-12-29,922.3672
11825,2026-12-30,1074,Electronics,North,1,362.3,0.13,Card,3,2.5,315.2,2026-12-30,315.201
11826,2026-12-31,1837,Beauty,West,4,486.45,0.19,Card,9,2.4,1576.1,2026-12-31,1576.098
11827,2027-01-01,1145,Home,North,3,265.05,0.16,Cod,3,2.7,667.93,2027-01-01,667.926
11828,2027-01-02,1127,Electronics,West,5,81.34,0.31,Cod,3,2.6,280.62,2027-01-02,280.623
11829,2027-01-03,1852,Electronics,East,4,268.73,0.24,Cod,9,2.0,816.94,2027-01-03,816.9392
11830,2027-01-04,1041,Electronics,West,1,282.52,0.31,Card,3,5.0,194.94,2027-01-04,194.9388
11831,2027-01-05,1355,Electronics,North,4,337.3,0.25,Cod,6,4.2,1011.9,2027-01-05,1011.9000000000001
11832,2027-01-06,1040,Electronics,East,5,76.77,0.34,Cod,6,2.1,253.34,2027-01-06,253.34099999999995
11833,2027-01-07,1933,Clothing,West,4,594.97,0.22,Wallet,1,4.9,1856.31,2027-01-07,1856.3064000000002
11834,2027-01-08,1033,Electronics,North,1,157.82,0.34,Cod,7,1.1,104.16,2027-01-08,104.16119999999998
11835,2027-01-09,1016,Clothing,East,5,131.15,0.06,Card,9,2.8,616.4,2027-01-09,616.405
11836,2027-01-10,1676,Beauty,West,5,323.18,0.02,Card,9,3.3,1583.58,2027-01-10,1583.582
11837,2027-01-11,1152,Home,North,4,329.27,0.2,Card,9,1.2,1053.66,2027-01-11,1053.664
11838,2027-01-12,1997,Beauty,North,5,272.3,0.34,Cod,2,1.6,898.59,2027-01-12,898.5899999999999
11839,2027-01-13,1377,Electronics,South,7,466.56,0.15,Cod,1,2.0,2776.03,2027-01-13,2776.032
11840,2027-01-14,1587,Clothing,South,4,317.24,0.07,Card,6,3.9,1180.13,2027-01-14,1180.1327999999999
11841,2027-01-15,1598,Clothing,West,3,371.67,0.18,Card,6,4.8,914.31,2027-01-15,914.3082
11842,2027-01-16,1628,Electronics,West,5,438.39,0.23,Card,4,3.5,1687.8,2027-01-16,1687.8014999999998
11843,2027-01-17,1873,Electronics,West,4,29.64,0.11,Wallet,8,3.3,105.52,2027-01-17,105.5184
11844,2027-01-18,1341,Home,North,3,348.83,0.25,Card,5,3.1,784.87,2027-01-18,784.8675000000001
11845,2027-01-19,1980,Clothing,West,5,532.25,0.34,Card,7,2.4,1756.42,2027-01-19,1756.4249999999997
11846,2027-01-20,1026,Clothing,North,3,25.17,0.31,Card,9,4.3,52.1,2027-01-20,52.1019
11847,2027-01-21,1824,Clothing,West,6,252.03,0.1,Card,1,3.2,1360.96,2027-01-21,1360.962
11848,2027-01-22,1286,Clothing,North,5,556.84,0.11,Cod,9,1.9,2477.94,2027-01-22,2477.938
11849,2027-01-23,1645,Electronics,North,6,221.6,0.13,Wallet,4,1.5,1156.75,2027-01-23,1156.752
11850,2027-01-24,1730,Electronics,South,1,283.36,0.14,Card,7,4.9,243.69,2027-01-24,243.6896
11851,2027-01-25,1167,Electronics,East,1,589.2,0.04,Cod,11,1.1,565.63,2027-01-25,565.6320000000001
11852,2027-01-26,1609,Electronics,North,4,131.6,0.27,Card,4,4.7,384.27,2027-01-26,384.272
11853,2027-01-27,1267,Beauty,West,2,53.17,0.13,Wallet,4,1.9,92.52,2027-01-27,92.5158
11854,2027-01-28,1748,Clothing,South,6,517.76,0.31,Card,4,3.6,2143.53,2027-01-28,2143.5263999999997
11855,2027-01-29,1820,Home,West,6,523.05,0.32,Card,6,2.2,2134.04,2027-01-29,2134.0439999999994
11856,2027-01-30,1454,Electronics,West,1,291.17,0.01,Cod,5,4.4,288.26,2027-01-30,288.2583
11857,2027-01-31,1905,Clothing,North,6,315.81,0.35,Card,2,3.2,1231.66,2027-01-31,1231.659
11858,2027-02-01,1684,Electronics,North,2,503.95,0.25,Card,9,1.6,755.92,2027-02-01,755.925
11859,2027-02-02,1400,Electronics,East,3,447.06,0.18,Cod,11,2.1,1099.77,2027-02-02,1099.7676000000001
11860,2027-02-03,1921,Electronics,North,3,170.11,0.14,Cod,6,2.3,438.88,2027-02-03,438.8838
11861,2027-02-04,1980,Home,North,2,24.88,0.18,Cod,10,4.5,40.8,2027-02-04,40.803200000000004
11862,2027-02-05,1475,Home,East,6,295.62,0.11,Cod,6,4.1,1578.61,2027-02-05,1578.6108000000002
11863,2027-02-06,1701,Clothing,West,6,517.46,0.22,Cod,9,4.3,2421.71,2027-02-06,2421.7128000000002
11864,2027-02-07,1633,Clothing,East,6,539.06,0.03,Cod,1,1.2,3137.33,2027-02-07,3137.3291999999997
11865,2027-02-08,1557,Beauty,East,7,574.39,0.22,Cod,7,3.3,3136.17,2027-02-08,3136.1694
11866,2027-02-09,1575,Electronics,East,4,529.54,0.1,Cod,3,5.0,1906.34,2027-02-09,1906.3439999999998
11867,2027-02-10,1129,Electronics,South,5,354.33,0.01,Card,4,4.1,1753.93,2027-02-10,1753.9334999999999
11868,2027-02-11,1821,Electronics,West,2,275.09,0.19,Card,1,1.5,445.65,2027-02-11,445.6458
11869,2027-02-12,1362,Home,South,2,468.29,0.2,Card,3,3.7,749.26,2027-02-12,749.2640000000001
11870,2027-02-13,1704,Beauty,South,7,447.8,0.15,Card,7,4.0,2664.41,2027-02-13,2664.41
11871,2027-02-14,1818,Electronics,North,2,329.81,0.03,Cod,6,3.1,639.83,2027-02-14,639.8314
11872,2027-02-15,1692,Beauty,East,2,66.09,0.31,Card,1,1.3,91.2,2027-02-15,91.2042
11873,2027-02-16,1291,Home,East,7,556.76,0.21,Card,9,1.1,3078.88,2027-02-16,3078.8828
11874,2027-02-17,1370,Electronics,South,2,281.53,0.04,Card,4,4.8,540.54,2027-02-17,540.5375999999999
11875,2027-02-18,1793,Clothing,North,6,227.55,0.18,Card,7,2.0,1119.55,2027-02-18,1119.5460000000003
11876,2027-02-19,1028,Clothing,North,7,383.3,0.17,Cod,4,2.5,2226.97,2027-02-19,2226.973
11877,2027-02-20,1148,Beauty,North,4,409.2,0.02,Cod,7,4.2,1604.06,2027-02-20,1604.0639999999999
11878,2027-02-21,1778,Electronics,West,1,138.25,0.21,Cod,5,3.8,109.22,2027-02-21,109.2175
11879,2027-02-22,1295,Home,South,6,504.61,0.28,Card,1,4.9,2179.92,2027-02-22,2179.9152
11880,2027-02-23,1010,Electronics,West,6,184.61,0.26,Wallet,4,1.4,819.67,2027-02-23,819.6684
11881,2027-02-24,1511,Home,North,5,124.21,0.07,Wallet,3,3.8,577.58,2027-02-24,577.5764999999999
11882,2027-02-25,1675,Clothing,North,7,252.74,0.3,Cod,6,1.3,1238.43,2027-02-25,1238.426
11883,2027-02-26,1112,Clothing,North,1,442.38,0.12,Wallet,6,1.0,389.29,2027-02-26,389.2944
11884,2027-02-27,1186,Home,East,2,579.79,0.33,Cod,1,1.5,776.92,2027-02-27,776.9185999999999
11885,2027-02-28,1806,Home,South,1,488.43,0.03,Wallet,11,3.5,473.78,2027-02-28,473.7771
11886,2027-03-01,1743,Beauty,East,4,565.1,0.17,Wallet,2,3.7,1876.13,2027-03-01,1876.132
11887,2027-03-02,1226,Electronics,West,3,97.25,0.21,Wallet,2,2.8,230.48,2027-03-02,230.48250000000002
11888,2027-03-03,1309,Home,East,6,56.64,0.09,Cod,10,1.2,309.25,2027-03-03,309.25440000000003
11889,2027-03-04,1097,Electronics,South,7,341.26,0.27,Cod,4,3.5,1743.84,2027-03-04,1743.8385999999998
11890,2027-03-05,1054,Clothing,East,7,184.82,0.22,Cod,9,1.3,1009.12,2027-03-05,1009.1172
11891,2027-03-06,1622,Clothing,North,1,499.41,0.01,Card,11,1.6,494.42,2027-03-06,494.4159
11892,2027-03-07,1663,Clothing,West,5,408.11,0.21,Card,2,3.1,1612.03,2027-03-07,1612.0345000000002
11893,2027-03-08,1757,Clothing,West,4,582.88,0.17,Wallet,11,2.4,1935.16,2027-03-08,1935.1616
11894,2027-03-09,1405,Beauty,North,3,164.05,0.07,Card,8,2.9,457.7,2027-03-09,457.6995
11895,2027-03-10,1068,Electronics,North,4,299.18,0.35,Cod,11,3.5,777.87,2027-03-10,777.868
11896,2027-03-11,1311,Home,North,7,308.23,0.31,Card,1,1.6,1488.75,2027-03-11,1488.7509
11897,2027-03-12,1288,Clothing,South,2,154.92,0.1,Card,8,4.6,278.86,2027-03-12,278.856
11898,2027-03-13,1761,Electronics,East,3,360.2,0.19,Wallet,3,3.2,875.29,2027-03-13,875.286
11899,2027-03-14,1547,Electronics,West,7,274.32,0.11,Wallet,5,1.1,1709.01,2027-03-14,1709.0136
11900,2027-03-15,1750,Beauty,East,5,276.33,0.27,Cod,1,3.5,1008.6,2027-03-15,1008.6044999999999
11901,2027-03-16,1147,Beauty,North,3,227.2,0.33,Card,1,2.9,456.67,2027-03-16,456.6719999999999
11902,2027-03-17,1466,Beauty,North,7,24.9,0.13,Cod,6,3.8,151.64,2027-03-17,151.641
11903,2027-03-18,1738,Beauty,East,5,320.43,0.28,Card,3,4.1,1153.55,2027-03-18,1153.548
11904,2027-03-19,1243,Electronics,West,2,211.12,0.17,Card,8,4.8,350.46,2027-03-19,350.4592
11905,2027-03-20,1490,Clothing,South,5,15.77,0.14,Card,4,5.0,67.81,2027-03-20,67.81099999999999
11906,2027-03-21,1848,Home,East,4,195.15,0.33,Cod,6,3.2,523.0,2027-03-21,523.002
11907,2027-03-22,1957,Clothing,North,1,178.0,0.18,Card,10,3.2,145.96,2027-03-22,145.96
11908,2027-03-23,1506,Clothing,North,4,245.17,0.16,Cod,9,1.1,823.77,2027-03-23,823.7711999999999
11909,2027-03-24,1364,Clothing,South,7,92.13,0.24,Card,8,4.5,490.13,2027-03-24,490.1316
11910,2027-03-25,1481,Clothing,East,7,312.0,0.09,Card,4,1.1,1987.44,2027-03-25,1987.44
11911,2027-03-26,1200,Clothing,South,6,420.08,0.11,Card,10,3.5,2243.23,2027-03-26,2243.2272000000003
11912,2027-03-27,1153,Electronics,South,4,383.66,0.33,Wallet,8,1.4,1028.21,2027-03-27,1028.2087999999999
11913,2027-03-28,1449,Clothing,West,3,485.2,0.24,Cod,7,2.1,1106.26,2027-03-28,1106.2559999999999
11914,2027-03-29,1500,Clothing,West,2,279.42,0.29,Card,5,1.6,396.78,2027-03-29,396.7764
11915,2027-03-30,1072,Clothing,North,6,318.67,0.09,Cod,7,1.5,1739.94,2027-03-30,1739.9382
11916,2027-03-31,1712,Electronics,East,6,489.09,0.19,Wallet,7,1.3,2376.98,2027-03-31,2376.9774
11917,2027-04-01,1295,Home,West,6,265.21,0.34,Cod,10,2.3,1050.23,2027-04-01,1050.2315999999996
11918,2027-04-02,1016,Electronics,North,7,425.44,0.11,Cod,2,2.7,2650.49,2027-04-02,2650.4912
11919,2027-04-03,1640,Clothing,East,1,269.24,0.06,Card,7,2.9,253.09,2027-04-03,253.0856
11920,2027-04-04,1216,Home,North,5,259.38,0.18,Cod,3,2.8,1063.46,2027-04-04,1063.458
11921,2027-04-05,1060,Clothing,West,3,459.72,0.14,Cod,8,3.1,1186.08,2027-04-05,1186.0776
11922,2027-04-06,1938,Electronics,North,7,117.28,0.06,Cod,8,4.4,771.7,2027-04-06,771.7024
11923,2027-04-07,1615,Home,East,2,213.07,0.31,Wallet,9,3.5,294.04,2027-04-07,294.03659999999996
11924,2027-04-08,1041,Clothing,East,7,146.14,0.35,Card,11,1.1,664.94,2027-04-08,664.937
11925,2027-04-09,1024,Home,North,1,225.08,0.2,Card,4,1.7,180.06,2027-04-09,180.06400000000002
11926,2027-04-10,1038,Home,East,7,149.77,0.27,Wallet,10,2.4,765.32,2027-04-10,765.3247
11927,2027-04-11,1802,Clothing,North,7,353.95,0.3,Cod,3,4.8,1734.36,2027-04-11,1734.355
11928,2027-04-12,1130,Clothing,East,4,481.93,0.25,Card,9,1.3,1445.79,2027-04-12,1445.79
11929,2027-04-13,1497,Electronics,North,2,475.17,0.02,Card,9,3.8,931.33,2027-04-13,931.3332
11930,2027-04-14,1228,Electronics,North,6,228.23,0.06,Wallet,2,1.1,1287.22,2027-04-14,1287.2171999999998
11931,2027-04-15,1107,Clothing,North,2,593.42,0.02,Card,6,2.5,1163.1,2027-04-15,1163.1031999999998
11932,2027-04-16,1171,Clothing,South,2,362.4,0.0,Card,3,4.1,724.8,2027-04-16,724.8
11933,2027-04-17,1434,Clothing,East,4,248.65,0.11,Card,5,2.4,885.19,2027-04-17,885.1940000000001
11934,2027-04-18,1477,Electronics,West,5,503.79,0.14,Wallet,2,2.7,2166.3,2027-04-18,2166.297
11935,2027-04-19,1101,Electronics,North,7,441.98,0.08,Wallet,4,4.6,2846.35,2027-04-19,2846.3512
11936,2027-04-20,1865,Clothing,South,3,453.33,0.02,Cod,11,1.3,1332.79,2027-04-20,1332.7902
11937,2027-04-21,1523,Electronics,West,6,129.74,0.19,Cod,3,3.1,630.54,2027-04-21,630.5364000000001
11938,2027-04-22,1274,Home,North,5,288.97,0.1,Card,2,2.5,1300.37,2027-04-22,1300.3650000000002
11939,2027-04-23,1612,Electronics,West,1,519.17,0.28,Card,6,4.9,373.8,2027-04-23,373.8024
11940,2027-04-24,1043,Clothing,South,7,309.86,0.0,Wallet,11,4.2,2169.02,2027-04-24,2169.02
11941,2027-04-25,1954,Beauty,West,6,414.82,0.29,Card,3,1.5,1767.13,2027-04-25,1767.1332
11942,2027-04-26,1816,Electronics,North,3,358.94,0.33,Cod,4,4.7,721.47,2027-04-26,721.4693999999998
11943,2027-04-27,1956,Clothing,West,7,507.78,0.25,Cod,6,1.8,2665.84,2027-04-27,2665.8450000000003
11944,2027-04-28,1016,Electronics,West,1,181.47,0.26,Card,5,1.3,134.29,2027-04-28,134.2878
11945,2027-04-29,1329,Clothing,North,4,351.65,0.33,Cod,4,3.2,942.42,2027-04-29,942.4219999999998
11946,2027-04-30,1568,Clothing,South,5,87.09,0.07,Cod,4,3.9,404.97,2027-04-30,404.9685
11947,2027-05-01,1822,Clothing,South,7,418.77,0.35,Cod,2,3.9,1905.4,2027-05-01,1905.4035
11948,2027-05-02,1496,Clothing,West,6,443.2,0.27,Card,10,3.1,1941.22,2027-05-02,1941.216
11949,2027-05-03,1814,Beauty,East,2,40.06,0.25,Card,4,3.0,60.09,2027-05-03,60.09
11950,2027-05-04,1011,Electronics,West,3,410.34,0.13,Cod,8,4.9,1070.99,2027-05-04,1070.9874
11951,2027-05-05,1317,Electronics,East,7,257.59,0.19,Wallet,5,4.3,1460.54,2027-05-05,1460.5353
11952,2027-05-06,1591,Beauty,West,6,87.6,0.23,Card,11,3.8,404.71,2027-05-06,404.71199999999993
11953,2027-05-07,1215,Clothing,South,2,260.65,0.22,Wallet,10,1.8,406.61,2027-05-07,406.614
11954,2027-05-08,1338,Beauty,West,6,128.63,0.25,Cod,10,4.3,578.84,2027-05-08,578.835
11955,2027-05-09,1775,Clothing,West,7,258.1,0.03,Wallet,8,4.0,1752.5,2027-05-09,1752.4990000000003
11956,2027-05-10,1990,Home,East,1,239.84,0.12,Card,6,5.0,211.06,2027-05-10,211.0592
11957,2027-05-11,1660,Clothing,South,2,446.96,0.15,Card,10,1.5,759.83,2027-05-11,759.832
11958,2027-05-12,1080,Home,East,2,467.92,0.09,Card,5,3.9,851.61,2027-05-12,851.6144
11959,2027-05-13,1726,Beauty,West,6,370.11,0.06,Card,4,4.9,2087.42,2027-05-13,2087.4203999999995
11960,2027-05-14,1484,Clothing,North,4,28.27,0.05,Wallet,10,2.9,107.43,2027-05-14,107.42599999999999
11961,2027-05-15,1373,Electronics,West,7,559.65,0.13,Card,9,3.9,3408.27,2027-05-15,3408.2684999999997
11962,2027-05-16,1975,Electronics,West,4,416.45,0.17,Cod,10,4.9,1382.61,2027-05-16,1382.6139999999998
11963,2027-05-17,1709,Electronics,East,5,35.0,0.02,Card,5,3.2,171.5,2027-05-17,171.5
11964,2027-05-18,1199,Electronics,North,1,494.02,0.33,Cod,10,3.8,330.99,2027-05-18,330.99339999999995
11965,2027-05-19,1536,Electronics,North,4,132.16,0.27,Card,11,1.1,385.91,2027-05-19,385.9072
11966,2027-05-20,1465,Clothing,East,6,353.84,0.26,Card,6,3.1,1571.05,2027-05-20,1571.0496
11967,2027-05-21,1088,Clothing,South,7,287.98,0.06,Card,7,2.0,1894.91,2027-05-21,1894.9084
11968,2027-05-22,1267,Clothing,North,4,260.61,0.21,Cod,11,1.5,823.53,2027-05-22,823.5276000000001
11969,2027-05-23,1654,Clothing,North,5,535.48,0.19,Card,11,3.8,2168.69,2027-05-23,2168.6940000000004
11970,2027-05-24,1570,Electronics,East,3,270.86,0.34,Card,1,1.2,536.3,2027-05-24,536.3027999999999
11971,2027-05-25,1921,Electronics,South,5,59.08,0.26,Card,9,4.6,218.6,2027-05-25,218.59599999999998
11972,2027-05-26,1488,Electronics,South,2,568.78,0.2,Wallet,8,3.1,910.05,2027-05-26,910.048
11973,2027-05-27,1876,Clothing,West,7,553.51,0.3,Cod,11,3.6,2712.2,2027-05-27,2712.1989999999996
11974,2027-05-28,1537,Electronics,West,2,415.39,0.05,Cod,5,2.0,789.24,2027-05-28,789.241
11975,2027-05-29,1046,Electronics,East,4,288.72,0.01,Cod,3,1.7,1143.33,2027-05-29,1143.3312
11976,2027-05-30,1287,Clothing,South,4,69.32,0.24,Card,5,2.0,210.73,2027-05-30,210.73279999999997
11977,2027-05-31,1777,Home,East,5,477.59,0.03,Cod,5,1.9,2316.31,2027-05-31,2316.3115
11978,2027-06-01,1015,Electronics,West,5,59.15,0.04,Card,9,4.5,283.92,2027-06-01,283.92
11979,2027-06-02,1710,Clothing,East,6,55.13,0.26,Card,7,4.1,244.78,2027-06-02,244.77720000000002
11980,2027-06-03,1400,Home,East,1,329.37,0.09,Cod,2,4.4,299.73,2027-06-03,299.7267
11981,2027-06-04,1918,Home,North,6,108.68,0.22,Cod,5,3.9,508.62,2027-06-04,508.6224
11982,2027-06-05,1793,Beauty,North,2,19.52,0.32,Card,9,3.6,26.55,2027-06-05,26.547199999999997
11983,2027-06-06,1980,Electronics,North,6,262.52,0.11,Card,11,3.1,1401.86,2027-06-06,1401.8568
11984,2027-06-07,1085,Electronics,West,5,95.27,0.08,Cod,2,2.1,438.24,2027-06-07,438.24199999999996
11985,2027-06-08,1249,Beauty,East,7,108.9,0.04,Cod,8,3.8,731.81,2027-06-08,731.808
11986,2027-06-09,1390,Clothing,North,6,59.99,0.05,Card,3,1.5,341.94,2027-06-09,341.943
11987,2027-06-10,1781,Clothing,North,3,134.98,0.02,Card,4,3.0,396.84,2027-06-10,396.84119999999996
11988,2027-06-11,1334,Home,North,1,433.56,0.03,Wallet,2,1.8,420.55,2027-06-11,420.5532
11989,2027-06-12,1628,Home,West,5,488.22,0.15,Cod,9,3.0,2074.94,2027-06-12,2074.9350000000004
11990,2027-06-13,1518,Beauty,West,7,279.73,0.11,Wallet,6,2.2,1742.72,2027-06-13,1742.7179
11991,2027-06-14,1136,Beauty,East,4,311.33,0.25,Card,9,1.2,933.99,2027-06-14,933.99
11992,2027-06-15,1882,Home,East,6,34.1,0.3,Cod,11,3.0,143.22,2027-06-15,143.22
11993,2027-06-16,1687,Electronics,East,5,55.55,0.27,Card,8,1.7,202.76,2027-06-16,202.7575
11994,2027-06-17,1839,Beauty,North,4,165.68,0.19,Cod,9,1.6,536.8,2027-06-17,536.8032000000001
11995,2027-06-18,1497,Electronics,South,4,333.18,0.04,Card,5,2.5,1279.41,2027-06-18,1279.4112
11996,2027-06-19,1826,Electronics,West,2,447.64,0.25,Card,6,2.4,671.46,2027-06-19,671.46
11997,2027-06-20,1726,Beauty,North,2,368.93,0.13,Card,7,4.5,641.94,2027-06-20,641.9382
11998,2027-06-21,1476,Electronics,North,7,244.39,0.03,Cod,5,3.3,1659.41,2027-06-21,1659.4080999999999
11999,2027-06-22,1593,Electronics,East,5,84.22,0.29,Cod,1,4.4,298.98,2027-06-22,298.981
12000,2027-06-23,1222,Electronics,East,7,471.75,0.12,Cod,9,1.6,2905.98,2027-06-23,2905.98
12001,2027-06-24,1989,Beauty,North,5,227.81,0.08,Wallet,2,2.4,1047.93,2027-06-24,1047.926
12002,2027-06-25,1371,Clothing,West,3,445.59,0.31,Cod,7,3.2,922.37,2027-06-25,922.3712999999999
12003,2027-06-26,1934,Home,West,1,315.09,0.32,Cod,8,1.6,214.26,2027-06-26,214.26119999999997
12004,2027-06-27,1994,Electronics,North,1,447.12,0.12,Wallet,8,1.5,393.47,2027-06-27,393.4656
12005,2027-06-28,1401,Home,South,5,545.76,0.12,Cod,1,3.6,2401.34,2027-06-28,2401.344
12006,2027-06-29,1442,Home,South,2,553.8,0.2,Card,10,3.6,886.08,2027-06-29,886.0799999999999
12007,2027-06-30,1489,Electronics,West,6,328.04,0.26,Wallet,7,1.9,1456.5,2027-06-30,1456.4976000000001
12008,2027-07-01,1614,Clothing,East,7,314.23,0.02,Card,9,1.9,2155.62,2027-07-01,2155.6178
12009,2027-07-02,1272,Electronics,South,3,170.42,0.21,Cod,11,4.0,403.9,2027-07-02,403.8954
12010,2027-07-03,1525,Beauty,South,1,562.44,0.33,Card,11,1.5,376.83,2027-07-03,376.8348
12011,2027-07-04,1158,Clothing,East,5,282.88,0.09,Cod,3,4.7,1287.1,2027-07-04,1287.104
12012,2027-07-05,1151,Beauty,South,2,89.64,0.32,Cod,8,4.8,121.91,2027-07-05,121.9104
12013,2027-07-06,1994,Electronics,North,2,268.13,0.33,Card,8,4.5,359.29,2027-07-06,359.29419999999993
12014,2027-07-07,1619,Home,South,2,89.33,0.09,Cod,9,1.8,162.58,2027-07-07,162.5806
12015,2027-07-08,1187,Home,East,7,308.98,0.26,Cod,8,1.1,1600.52,2027-07-08,1600.5164
12016,2027-07-09,1812,Home,North,6,343.35,0.08,Card,5,4.7,1895.29,2027-07-09,1895.2920000000004
12017,2027-07-10,1097,Beauty,South,4,212.59,0.26,Card,5,2.4,629.27,2027-07-10,629.2664
12018,2027-07-11,1130,Clothing,West,7,56.92,0.28,Card,3,2.2,286.88,2027-07-11,286.8768
12019,2027-07-12,1804,Electronics,North,6,566.95,0.09,Wallet,6,2.0,3095.55,2027-07-12,3095.5470000000005
12020,2027-07-13,1170,Home,North,2,467.41,0.25,Cod,10,2.0,701.12,2027-07-13,701.115
12021,2027-07-14,1935,Home,West,5,505.75,0.28,Wallet,3,3.9,1820.7,2027-07-14,1820.7
12022,2027-07-15,1985,Clothing,West,3,229.62,0.13,Card,2,4.6,599.31,2027-07-15,599.3082
12023,2027-07-16,1182,Electronics,South,6,460.09,0.06,Card,7,4.1,2594.91,2027-07-16,2594.9076
12024,2027-07-17,1982,Clothing,South,5,298.94,0.03,Card,10,3.7,1449.86,2027-07-17,1449.859
12025,2027-07-18,1363,Electronics,East,7,132.63,0.2,Card,3,2.2,742.73,2027-07-18,742.7280000000001
12026,2027-07-19,1038,Clothing,East,7,87.79,0.34,Cod,4,3.2,405.59,2027-07-19,405.5898
12027,2027-07-20,1526,Clothing,North,2,216.85,0.29,Wallet,11,1.9,307.93,2027-07-20,307.92699999999996
12028,2027-07-21,1887,Home,West,3,95.47,0.15,Card,10,1.4,243.45,2027-07-21,243.44849999999997
12029,2027-07-22,1496,Electronics,West,1,598.99,0.19,Wallet,8,1.5,485.18,2027-07-22,485.18190000000004
12030,2027-07-23,1515,Clothing,East,1,43.78,0.1,Card,1,3.4,39.4,2027-07-23,39.402
12031,2027-07-24,1348,Electronics,North,7,273.07,0.06,Wallet,9,1.2,1796.8,2027-07-24,1796.8005999999998
12032,2027-07-25,1981,Electronics,North,5,279.47,0.17,Card,6,4.9,1159.8,2027-07-25,1159.8005
12033,2027-07-26,1920,Home,East,3,190.87,0.16,Wallet,2,5.0,480.99,2027-07-26,480.9924
12034,2027-07-27,1396,Beauty,East,5,349.24,0.18,Card,3,1.6,1431.88,2027-07-27,1431.8840000000002
12035,2027-07-28,1721,Clothing,East,3,102.74,0.33,Wallet,5,2.7,206.51,2027-07-28,206.50739999999996
12036,2027-07-29,1160,Home,South,3,473.59,0.21,Card,11,4.1,1122.41,2027-07-29,1122.4083
12037,2027-07-30,1015,Beauty,North,7,209.48,0.21,Card,6,4.8,1158.42,2027-07-30,1158.4243999999999
12038,2027-07-31,1492,Home,North,5,360.94,0.04,Cod,9,4.6,1732.51,2027-07-31,1732.512
12039,2027-08-01,1425,Electronics,North,7,433.65,0.35,Card,2,2.0,1973.11,2027-08-01,1973.1074999999998
12040,2027-08-02,1107,Beauty,East,3,535.09,0.27,Cod,5,1.3,1171.85,2027-08-02,1171.8471
12041,2027-08-03,1893,Clothing,East,6,503.94,0.31,Wallet,7,2.2,2086.31,2027-08-03,2086.3115999999995
12042,2027-08-04,1449,Electronics,East,2,370.86,0.15,Cod,11,2.7,630.46,2027-08-04,630.462
12043,2027-08-05,1310,Electronics,East,3,242.21,0.18,Cod,11,2.4,595.84,2027-08-05,595.8366000000001
12044,2027-08-06,1738,Clothing,West,6,309.37,0.18,Card,7,4.1,1522.1,2027-08-06,1522.1004
12045,2027-08-07,1169,Electronics,East,3,464.71,0.07,Cod,4,2.0,1296.54,2027-08-07,1296.5408999999997
12046,2027-08-08,1545,Electronics,South,6,528.36,0.24,Cod,3,4.4,2409.32,2027-08-08,2409.3215999999998
12047,2027-08-09,1413,Electronics,West,5,75.71,0.32,Wallet,8,1.9,257.41,2027-08-09,257.41399999999993
12048,2027-08-10,1250,Home,West,1,240.14,0.06,Card,2,2.4,225.73,2027-08-10,225.7316
12049,2027-08-11,1758,Beauty,East,4,469.03,0.03,Cod,5,2.8,1819.84,2027-08-11,1819.8364
12050,2027-08-12,1780,Electronics,North,3,267.52,0.26,Card,10,2.2,593.89,2027-08-12,593.8943999999999
12051,2027-08-13,1140,Beauty,East,4,209.35,0.1,Card,5,4.1,753.66,2027-08-13,753.66
12052,2027-08-14,1273,Beauty,North,3,255.62,0.22,Card,1,2.6,598.15,2027-08-14,598.1508
12053,2027-08-15,1415,Home,East,5,367.66,0.24,Card,7,4.5,1397.11,2027-08-15,1397.1080000000002
12054,2027-08-16,1607,Electronics,East,5,599.89,0.11,Card,4,4.9,2669.51,2027-08-16,2669.5105
12055,2027-08-17,1738,Home,North,6,303.4,0.29,Card,10,4.4,1292.48,2027-08-17,1292.484
12056,2027-08-18,1890,Beauty,North,3,136.97,0.19,Wallet,2,3.1,332.84,2027-08-18,332.8371
12057,2027-08-19,1038,Home,North,5,110.27,0.3,Card,8,3.0,385.94,2027-08-19,385.945
12058,2027-08-20,1813,Electronics,North,5,39.77,0.27,Wallet,4,1.9,145.16,2027-08-20,145.1605
12059,2027-08-21,1028,Clothing,South,3,341.91,0.3,Card,1,3.4,718.01,2027-08-21,718.011
12060,2027-08-22,1957,Clothing,North,6,333.57,0.01,Card,8,4.8,1981.41,2027-08-22,1981.4058
12061,2027-08-23,1476,Clothing,East,6,135.06,0.09,Cod,11,1.3,737.43,2027-08-23,737.4276
12062,2027-08-24,1317,Electronics,East,6,421.77,0.03,Cod,7,4.0,2454.7,2027-08-24,2454.7014
12063,2027-08-25,1244,Electronics,South,6,448.55,0.15,Cod,3,4.5,2287.6,2027-08-25,2287.605
12064,2027-08-26,1747,Home,North,1,166.57,0.31,Cod,3,4.9,114.93,2027-08-26,114.93329999999999
12065,2027-08-27,1696,Beauty,East,3,216.3,0.16,Card,7,2.3,545.08,2027-08-27,545.076
12066,2027-08-28,1271,Electronics,South,7,594.43,0.3,Cod,2,2.4,2912.71,2027-08-28,2912.7069999999994
12067,2027-08-29,1439,Beauty,East,1,233.94,0.11,Cod,5,1.9,208.21,2027-08-29,208.2066
12068,2027-08-30,1747,Electronics,South,5,460.07,0.12,Card,7,4.2,2024.31,2027-08-30,2024.308
12069,2027-08-31,1238,Home,South,1,279.84,0.31,Wallet,6,1.6,193.09,2027-08-31,193.08959999999996
12070,2027-09-01,1376,Home,West,7,479.11,0.15,Cod,10,2.1,2850.7,2027-09-01,2850.7045
12071,2027-09-02,1265,Home,West,7,464.88,0.28,Card,7,2.2,2343.0,2027-09-02,2342.9952
12072,2027-09-03,1925,Beauty,North,7,405.64,0.08,Wallet,2,2.5,2612.32,2027-09-03,2612.3216
12073,2027-09-04,1920,Electronics,West,6,515.05,0.33,Wallet,7,2.7,2070.5,2027-09-04,2070.5009999999997
12074,2027-09-05,1358,Beauty,South,5,564.44,0.2,Cod,2,3.2,2257.76,2027-09-05,2257.76
12075,2027-09-06,1339,Electronics,East,1,354.29,0.27,Card,7,4.8,258.63,2027-09-06,258.6317
12076,2027-09-07,1388,Home,East,1,153.92,0.03,Wallet,8,2.0,149.3,2027-09-07,149.30239999999998
12077,2027-09-08,1576,Home,North,3,248.2,0.17,Card,10,4.1,618.02,2027-09-08,618.0179999999999
12078,2027-09-09,1989,Home,West,1,458.61,0.32,Card,8,3.7,311.85,2027-09-09,311.85479999999995
12079,2027-09-10,1688,Electronics,North,5,395.77,0.31,Card,5,1.5,1365.41,2027-09-10,1365.4064999999998
12080,2027-09-11,1002,Beauty,South,6,119.01,0.02,Cod,7,4.2,699.78,2027-09-11,699.7788
12081,2027-09-12,1428,Electronics,West,3,44.98,0.11,Wallet,11,1.4,120.1,2027-09-12,120.0966
12082,2027-09-13,1141,Electronics,North,1,414.53,0.16,Cod,8,4.0,348.21,2027-09-13,348.2052
12083,2027-09-14,1375,Home,East,3,161.88,0.06,Wallet,4,3.9,456.5,2027-09-14,456.50159999999994
12084,2027-09-15,1669,Clothing,East,4,307.31,0.26,Card,2,3.8,909.64,2027-09-15,909.6376
12085,2027-09-16,1323,Home,North,3,451.85,0.06,Card,7,2.1,1274.22,2027-09-16,1274.217
12086,2027-09-17,1145,Clothing,North,7,344.16,0.12,Cod,1,3.3,2120.03,2027-09-17,2120.0256000000004
12087,2027-09-18,1957,Electronics,North,6,63.73,0.23,Wallet,2,4.0,294.43,2027-09-18,294.4326
12088,2027-09-19,1292,Home,South,7,123.56,0.17,Cod,10,3.6,717.88,2027-09-19,717.8836
12089,2027-09-20,1664,Clothing,South,4,143.31,0.26,Card,7,4.2,424.2,2027-09-20,424.1976
12090,2027-09-21,1431,Electronics,East,7,165.85,0.34,Card,10,3.8,766.23,2027-09-21,766.227
12091,2027-09-22,1704,Home,South,4,345.76,0.04,Card,1,2.1,1327.72,2027-09-22,1327.7184
12092,2027-09-23,1948,Clothing,South,3,309.82,0.25,Card,7,1.6,697.1,2027-09-23,697.095
12093,2027-09-24,1974,Clothing,West,5,133.85,0.08,Card,5,3.5,615.71,2027-09-24,615.71
12094,2027-09-25,1584,Clothing,South,6,54.52,0.15,Wallet,11,4.0,278.05,2027-09-25,278.052
12095,2027-09-26,1398,Home,West,5,115.29,0.01,Cod,3,1.6,570.69,2027-09-26,570.6855
12096,2027-09-27,1816,Home,South,6,590.86,0.05,Cod,11,1.7,3367.9,2027-09-27,3367.9019999999996
12097,2027-09-28,1888,Home,East,6,289.1,0.11,Card,2,1.0,1543.79,2027-09-28,1543.794
12098,2027-09-29,1343,Electronics,North,7,522.4,0.12,Card,7,3.1,3217.98,2027-09-29,3217.984
12099,2027-09-30,1963,Home,East,7,511.52,0.31,Cod,9,3.2,2470.64,2027-09-30,2470.6416
12100,2027-10-01,1139,Home,South,5,314.24,0.26,Wallet,9,3.0,1162.69,2027-10-01,1162.688
12101,2027-10-02,1186,Home,North,2,428.41,0.34,Cod,10,2.3,565.5,2027-10-02,565.5011999999999
12102,2027-10-03,1804,Clothing,North,4,127.76,0.21,Wallet,10,2.7,403.72,2027-10-03,403.7216
12103,2027-10-04,1060,Beauty,North,7,417.71,0.08,Wallet,8,4.1,2690.05,2027-10-04,2690.0524
12104,2027-10-05,1996,Home,West,7,174.34,0.11,Card,2,1.7,1086.14,2027-10-05,1086.1382
12105,2027-10-06,1938,Electronics,East,7,501.76,0.11,Card,1,1.8,3125.96,2027-10-06,3125.9647999999997
12106,2027-10-07,1379,Clothing,West,3,63.98,0.11,Cod,8,3.7,170.83,2027-10-07,170.8266
12107,2027-10-08,1709,Beauty,North,5,467.29,0.24,Card,2,4.5,1775.7,2027-10-08,1775.7020000000002
12108,2027-10-09,1806,Electronics,East,5,73.46,0.19,Card,4,2.4,297.51,2027-10-09,297.513
12109,2027-10-10,1439,Beauty,East,7,530.5,0.13,Card,4,4.7,3230.74,2027-10-10,3230.745
12110,2027-10-11,1318,Home,South,3,192.96,0.05,Card,2,1.2,549.94,2027-10-11,549.9359999999999
12111,2027-10-12,1301,Clothing,West,7,397.82,0.01,Wallet,4,1.5,2756.89,2027-10-12,2756.8925999999997
12112,2027-10-13,1343,Electronics,West,4,300.19,0.08,Card,7,2.8,1104.7,2027-10-13,1104.6992
12113,2027-10-14,1010,Electronics,South,3,229.29,0.04,Card,6,3.9,660.36,2027-10-14,660.3552
12114,2027-10-15,1061,Beauty,West,7,392.58,0.27,Cod,10,2.5,2006.08,2027-10-15,2006.0837999999999
12115,2027-10-16,1844,Electronics,North,6,569.3,0.04,Cod,6,3.2,3279.17,2027-10-16,3279.1679999999997
12116,2027-10-17,1225,Home,North,2,39.14,0.25,Cod,4,1.1,58.71,2027-10-17,58.71
12117,2027-10-18,1152,Clothing,West,6,552.53,0.13,Wallet,2,2.8,2884.21,2027-10-18,2884.2066
12118,2027-10-19,1710,Electronics,South,2,371.31,0.03,Cod,5,2.0,720.34,2027-10-19,720.3414
12119,2027-10-20,1563,Electronics,East,3,487.28,0.28,Cod,11,3.1,1052.52,2027-10-20,1052.5248
12120,2027-10-21,1771,Clothing,West,6,239.57,0.2,Card,3,3.1,1149.94,2027-10-21,1149.9360000000001
12121,2027-10-22,1570,Beauty,East,4,291.03,0.08,Cod,3,4.0,1070.99,2027-10-22,1070.9904
12122,2027-10-23,1583,Clothing,South,6,523.28,0.31,Cod,4,3.2,2166.38,2027-10-23,2166.3792
12123,2027-10-24,1659,Clothing,East,5,257.69,0.02,Wallet,11,3.5,1262.68,2027-10-24,1262.681
12124,2027-10-25,1860,Electronics,South,2,327.78,0.07,Wallet,11,3.1,609.67,2027-10-25,609.6707999999999
12125,2027-10-26,1574,Clothing,South,2,26.81,0.26,Cod,5,5.0,39.68,2027-10-26,39.678799999999995
12126,2027-10-27,1309,Clothing,North,7,107.78,0.25,Cod,11,4.2,565.84,2027-10-27,565.845
12127,2027-10-28,1884,Beauty,North,4,390.39,0.1,Card,2,4.0,1405.4,2027-10-28,1405.404
12128,2027-10-29,1242,Clothing,South,2,434.43,0.02,Card,6,3.5,851.48,2027-10-29,851.4828
12129,2027-10-30,1492,Clothing,West,2,355.82,0.3,Card,6,3.1,498.15,2027-10-30,498.14799999999997
12130,2027-10-31,1365,Electronics,North,7,98.84,0.11,Card,8,2.4,615.77,2027-10-31,615.7732
12131,2027-11-01,1329,Beauty,South,4,275.56,0.07,Card,2,4.1,1025.08,2027-11-01,1025.0832
12132,2027-11-02,1106,Electronics,East,6,222.73,0.18,Card,8,1.8,1095.83,2027-11-02,1095.8316
12133,2027-11-03,1225,Electronics,East,3,304.96,0.32,Cod,8,1.1,622.12,2027-11-03,622.1183999999998
12134,2027-11-04,1824,Home,West,6,524.14,0.02,Cod,4,3.8,3081.94,2027-11-04,3081.9432
12135,2027-11-05,1217,Clothing,East,5,468.88,0.27,Cod,7,1.6,1711.41,2027-11-05,1711.412
12136,2027-11-06,1936,Clothing,East,5,64.13,0.2,Cod,7,4.6,256.52,2027-11-06,256.52
12137,2027-11-07,1752,Clothing,South,2,535.83,0.15,Card,1,4.1,910.91,2027-11-07,910.9110000000001
12138,2027-11-08,1505,Home,East,5,290.98,0.26,Wallet,1,3.4,1076.63,2027-11-08,1076.626
12139,2027-11-09,1258,Electronics,East,3,450.16,0.34,Card,8,2.3,891.32,2027-11-09,891.3168
12140,2027-11-10,1887,Home,East,2,96.92,0.08,Wallet,11,3.6,178.33,2027-11-10,178.33280000000002
12141,2027-11-11,1773,Clothing,East,7,407.37,0.05,Card,1,2.9,2709.01,2027-11-11,2709.0105
12142,2027-11-12,1516,Clothing,South,5,153.25,0.32,Cod,3,2.2,521.05,2027-11-12,521.05
12143,2027-11-13,1772,Clothing,East,7,271.45,0.23,Card,6,4.8,1463.12,2027-11-13,1463.1154999999999
12144,2027-11-14,1053,Electronics,West,1,24.86,0.15,Card,8,1.6,21.13,2027-11-14,21.131
12145,2027-11-15,1046,Home,North,1,103.69,0.2,Card,5,4.0,82.95,2027-11-15,82.952
12146,2027-11-16,1726,Clothing,West,1,68.87,0.26,Cod,5,4.2,50.96,2027-11-16,50.963800000000006
12147,2027-11-17,1688,Electronics,North,7,155.25,0.27,Card,4,4.8,793.33,2027-11-17,793.3275
12148,2027-11-18,1520,Clothing,West,1,73.51,0.32,Cod,4,3.2,49.99,2027-11-18,49.9868
12149,2027-11-19,1098,Beauty,North,6,419.77,0.15,Card,7,3.1,2140.83,2027-11-19,2140.8269999999998
12150,2027-11-20,1019,Clothing,North,1,31.99,0.1,Card,6,4.7,28.79,2027-11-20,28.791
12151,2027-11-21,1889,Beauty,North,2,376.38,0.22,Wallet,8,4.2,587.15,2027-11-21,587.1528
12152,2027-11-22,1752,Electronics,North,4,97.31,0.15,Wallet,11,4.1,330.85,2027-11-22,330.854
12153,2027-11-23,1572,Electronics,South,6,567.92,0.21,Cod,6,4.2,2691.94,2027-11-23,2691.9408
12154,2027-11-24,1890,Electronics,West,4,560.86,0.15,Card,11,3.0,1906.92,2027-11-24,1906.924
12155,2027-11-25,1489,Clothing,North,2,146.92,0.05,Card,10,1.2,279.15,2027-11-25,279.14799999999997
12156,2027-11-26,1418,Electronics,West,2,374.44,0.16,Wallet,7,1.8,629.06,2027-11-26,629.0591999999999
12157,2027-11-27,1689,Electronics,East,3,31.38,0.24,Card,10,3.6,71.55,2027-11-27,71.5464
12158,2027-11-28,1849,Beauty,North,6,560.1,0.28,Wallet,10,2.6,2419.63,2027-11-28,2419.632
12159,2027-11-29,1061,Home,West,4,320.95,0.17,Card,5,3.4,1065.55,2027-11-29,1065.5539999999999
12160,2027-11-30,1144,Home,South,1,40.29,0.06,Wallet,6,3.2,37.87,2027-11-30,37.8726
12161,2027-12-01,1215,Electronics,West,2,215.36,0.15,Card,1,2.8,366.11,2027-12-01,366.112
12162,2027-12-02,1002,Electronics,North,1,59.96,0.28,Card,3,1.9,43.17,2027-12-02,43.1712
12163,2027-12-03,1159,Electronics,East,4,244.87,0.14,Cod,8,3.9,842.35,2027-12-03,842.3528
12164,2027-12-04,1738,Home,West,7,406.91,0.24,Wallet,3,4.6,2164.76,2027-12-04,2164.7612000000004
12165,2027-12-05,1997,Beauty,East,6,289.89,0.18,Wallet,1,4.1,1426.26,2027-12-05,1426.2588
12166,2027-12-06,1780,Clothing,South,5,239.48,0.08,Cod,3,1.5,1101.61,2027-12-06,1101.608
12167,2027-12-07,1119,Electronics,West,7,84.71,0.28,Cod,4,3.2,426.94,2027-12-07,426.93839999999994
12168,2027-12-08,1892,Clothing,West,7,158.29,0.03,Cod,8,4.3,1074.79,2027-12-08,1074.7891
12169,2027-12-09,1088,Electronics,South,5,73.58,0.18,Cod,9,3.4,301.68,2027-12-09,301.678
12170,2027-12-10,1328,Clothing,South,2,487.39,0.07,Wallet,4,2.8,906.55,2027-12-10,906.5453999999999
12171,2027-12-11,1579,Clothing,South,3,94.12,0.02,Cod,7,2.1,276.71,2027-12-11,276.7128
12172,2027-12-12,1909,Home,North,1,363.29,0.18,Cod,1,2.3,297.9,2027-12-12,297.8978
12173,2027-12-13,1356,Electronics,North,2,215.5,0.17,Cod,9,2.0,357.73,2027-12-13,357.72999999999996
12174,2027-12-14,1609,Electronics,West,3,147.2,0.25,Cod,11,1.8,331.2,2027-12-14,331.2
12175,2027-12-15,1266,Beauty,West,1,389.09,0.26,Wallet,4,3.4,287.93,2027-12-15,287.92659999999995
12176,2027-12-16,1616,Electronics,West,4,282.35,0.25,Card,9,3.0,847.05,2027-12-16,847.0500000000001
12177,2027-12-17,1951,Electronics,East,7,249.09,0.14,Card,3,3.9,1499.52,2027-12-17,1499.5218
12178,2027-12-18,1322,Electronics,South,7,361.82,0.22,Cod,11,2.2,1975.54,2027-12-18,1975.5372
12179,2027-12-19,1634,Electronics,West,5,302.39,0.2,Card,5,2.8,1209.56,2027-12-19,1209.56
12180,2027-12-20,1987,Clothing,South,3,192.54,0.15,Cod,1,3.7,490.98,2027-12-20,490.977
12181,2027-12-21,1540,Home,North,1,342.05,0.21,Wallet,11,4.9,270.22,2027-12-21,270.21950000000004
12182,2027-12-22,1648,Electronics,South,2,406.66,0.33,Cod,3,2.4,544.92,2027-12-22,544.9244
12183,2027-12-23,1194,Clothing,East,1,30.62,0.07,Wallet,5,2.2,28.48,2027-12-23,28.476599999999998
12184,2027-12-24,1920,Home,East,2,287.53,0.32,Card,6,2.8,391.04,2027-12-24,391.04079999999993
12185,2027-12-25,1737,Clothing,South,7,48.74,0.02,Wallet,8,3.9,334.36,2027-12-25,334.3564
12186,2027-12-26,1331,Beauty,East,5,124.05,0.11,Cod,1,4.8,552.02,2027-12-26,552.0225
12187,2027-12-27,1169,Beauty,East,5,342.9,0.1,Card,3,3.1,1543.05,2027-12-27,1543.05
12188,2027-12-28,1520,Electronics,North,1,521.72,0.22,Cod,1,4.2,406.94,2027-12-28,406.94160000000005
12189,2027-12-29,1462,Home,West,1,531.44,0.05,Wallet,5,2.9,504.87,2027-12-29,504.86800000000005
12190,2027-12-30,1039,Clothing,East,2,55.92,0.31,Card,8,1.2,77.17,2027-12-30,77.1696
12191,2027-12-31,1536,Beauty,West,2,260.18,0.29,Cod,4,4.6,369.46,2027-12-31,369.4556
12192,2028-01-01,1260,Clothing,South,3,356.06,0.23,Wallet,11,2.2,822.5,2028-01-01,822.4986000000001
12193,2028-01-02,1394,Beauty,South,7,101.04,0.16,Card,9,1.6,594.12,2028-01-02,594.1152000000001
12194,2028-01-03,1954,Home,East,3,462.78,0.33,Cod,6,5.0,930.19,2028-01-03,930.1877999999998
12195,2028-01-04,1225,Electronics,South,3,450.38,0.29,Cod,6,2.4,959.31,2028-01-04,959.3093999999999
12196,2028-01-05,1983,Clothing,North,1,543.45,0.17,Card,11,1.5,451.06,2028-01-05,451.06350000000003
12197,2028-01-06,1123,Beauty,East,6,19.96,0.25,Cod,5,2.2,89.82,2028-01-06,89.82000000000001
12198,2028-01-07,1974,Beauty,East,6,141.76,0.2,Card,10,3.1,680.45,2028-01-07,680.448
12199,2028-01-08,1037,Electronics,East,6,498.9,0.21,Cod,5,1.4,2364.79,2028-01-08,2364.7859999999996
12200,2028-01-09,1327,Home,South,6,407.29,0.12,Card,11,2.4,2150.49,2028-01-09,2150.4912000000004
12201,2028-01-10,1250,Electronics,South,3,538.22,0.16,Card,7,3.7,1356.31,2028-01-10,1356.3144
12202,2028-01-11,1900,Electronics,East,1,48.45,0.03,Cod,8,4.7,47.0,2028-01-11,46.996500000000005
12203,2028-01-12,1175,Clothing,West,6,364.22,0.13,Card,7,2.6,1901.23,2028-01-12,1901.2284000000002
12204,2028-01-13,1601,Electronics,South,5,347.89,0.24,Card,1,3.3,1321.98,2028-01-13,1321.982
12205,2028-01-14,1913,Home,South,4,35.87,0.33,Wallet,1,3.5,96.13,2028-01-14,96.13159999999998
12206,2028-01-15,1453,Electronics,East,5,315.41,0.34,Wallet,10,1.3,1040.85,2028-01-15,1040.853
12207,2028-01-16,1036,Home,West,1,371.57,0.19,Wallet,6,2.4,300.97,2028-01-16,300.9717
12208,2028-01-17,1315,Electronics,East,1,126.91,0.21,Cod,3,3.7,100.26,2028-01-17,100.2589
12209,2028-01-18,1687,Electronics,South,4,174.9,0.07,Wallet,9,3.9,650.63,2028-01-18,650.6279999999999
12210,2028-01-19,1972,Electronics,East,2,389.6,0.24,Wallet,11,2.4,592.19,2028-01-19,592.192
12211,2028-01-20,1795,Electronics,East,2,288.96,0.02,Card,7,1.0,566.36,2028-01-20,566.3616
12212,2028-01-21,1964,Electronics,East,2,516.94,0.1,Card,2,1.0,930.49,2028-01-21,930.4920000000001
12213,2028-01-22,1972,Electronics,West,3,215.29,0.23,Card,3,3.2,497.32,2028-01-22,497.3199
12214,2028-01-23,1592,Clothing,East,2,171.0,0.11,Cod,8,3.2,304.38,2028-01-23,304.38
12215,2028-01-24,1113,Electronics,South,7,591.15,0.02,Wallet,1,3.2,4055.29,2028-01-24,4055.289
12216,2028-01-25,1039,Clothing,East,3,548.01,0.29,Cod,5,3.9,1167.26,2028-01-25,1167.2613
12217,2028-01-26,1300,Clothing,West,3,31.96,0.11,Cod,10,4.7,85.33,2028-01-26,85.33319999999999
12218,2028-01-27,1223,Beauty,North,2,465.88,0.02,Card,1,5.0,913.12,2028-01-27,913.1247999999999
12219,2028-01-28,1317,Beauty,West,2,79.55,0.03,Card,9,3.8,154.33,2028-01-28,154.327
12220,2028-01-29,1348,Clothing,East,4,31.08,0.09,Cod,7,3.1,113.13,2028-01-29,113.13119999999999
12221,2028-01-30,1114,Electronics,North,6,175.11,0.06,Wallet,5,1.6,987.62,2028-01-30,987.6204
12222,2028-01-31,1697,Electronics,East,4,172.57,0.27,Card,6,2.5,503.9,2028-01-31,503.90439999999995
12223,2028-02-01,1322,Beauty,West,3,494.3,0.11,Wallet,11,3.3,1319.78,2028-02-01,1319.7810000000002
12224,2028-02-02,1567,Electronics,North,4,430.74,0.28,Card,3,5.0,1240.53,2028-02-02,1240.5312
12225,2028-02-03,1039,Electronics,North,3,589.24,0.06,Cod,3,1.5,1661.66,2028-02-03,1661.6568
12226,2028-02-04,1865,Electronics,East,1,431.24,0.17,Cod,7,4.2,357.93,2028-02-04,357.9292
12227,2028-02-05,1039,Electronics,East,3,259.68,0.24,Wallet,7,5.0,592.07,2028-02-05,592.0704
12228,2028-02-06,1858,Electronics,West,3,423.87,0.23,Card,7,4.2,979.14,2028-02-06,979.1397000000002
12229,2028-02-07,1972,Home,East,4,599.68,0.21,Card,2,4.1,1894.99,2028-02-07,1894.9887999999999
12230,2028-02-08,1748,Electronics,North,6,430.43,0.32,Card,2,2.0,1756.15,2028-02-08,1756.1544
12231,2028-02-09,1288,Clothing,South,1,460.58,0.08,Wallet,11,1.0,423.73,2028-02-09,423.7336
12232,2028-02-10,1261,Electronics,South,5,563.94,0.17,Card,5,1.9,2340.35,2028-02-10,2340.351
12233,2028-02-11,1215,Electronics,West,5,81.49,0.31,Card,4,4.2,281.14,2028-02-11,281.1405
12234,2028-02-12,1146,Beauty,East,6,427.3,0.03,Cod,7,1.4,2486.89,2028-02-12,2486.886
12235,2028-02-13,1335,Electronics,West,5,512.72,0.02,Cod,3,2.2,2512.33,2028-02-13,2512.3280000000004
12236,2028-02-14,1167,Home,South,1,573.31,0.08,Wallet,5,3.3,527.45,2028-02-14,527.4452
12237,2028-02-15,1091,Clothing,South,2,138.42,0.22,Wallet,2,3.3,215.94,2028-02-15,215.93519999999998
12238,2028-02-16,1352,Electronics,East,1,309.8,0.09,Cod,1,3.2,281.92,2028-02-16,281.918
12239,2028-02-17,1570,Beauty,North,4,413.12,0.07,Wallet,9,4.9,1536.81,2028-02-17,1536.8064
12240,2028-02-18,1570,Electronics,East,7,159.77,0.16,Cod,4,1.0,939.45,2028-02-18,939.4476000000001
12241,2028-02-19,1815,Beauty,South,3,366.28,0.21,Card,8,3.0,868.08,2028-02-19,868.0835999999999
12242,2028-02-20,1680,Electronics,North,3,165.68,0.09,Wallet,7,3.0,452.31,2028-02-20,452.30640000000005
12243,2028-02-21,1780,Beauty,West,4,210.07,0.11,Cod,1,2.2,747.85,2028-02-21,747.8492
12244,2028-02-22,1362,Electronics,South,4,273.29,0.21,Card,10,3.1,863.6,2028-02-22,863.5964000000001
12245,2028-02-23,1556,Clothing,West,7,324.58,0.33,Cod,11,3.7,1522.28,2028-02-23,1522.2801999999997
12246,2028-02-24,1344,Home,North,7,277.88,0.24,Card,7,3.7,1478.32,2028-02-24,1478.3216
12247,2028-02-25,1692,Beauty,West,3,303.52,0.27,Card,2,1.4,664.71,2028-02-25,664.7088
12248,2028-02-26,1169,Beauty,South,7,189.67,0.13,Cod,3,4.2,1155.09,2028-02-26,1155.0902999999998
12249,2028-02-27,1355,Home,East,7,107.99,0.1,Wallet,1,4.7,680.34,2028-02-27,680.337
12250,2028-02-28,1190,Beauty,West,7,42.7,0.16,Cod,7,1.5,251.08,2028-02-28,251.07600000000002
12251,2028-02-29,1666,Electronics,South,6,129.65,0.28,Card,3,2.7,560.09,2028-02-29,560.0880000000001
12252,2028-03-01,1421,Electronics,South,2,355.44,0.16,Wallet,6,3.0,597.14,2028-03-01,597.1392
12253,2028-03-02,1699,Electronics,North,7,474.88,0.3,Card,7,1.5,2326.91,2028-03-02,2326.912
12254,2028-03-03,1006,Clothing,South,2,114.01,0.35,Card,3,3.0,148.21,2028-03-03,148.21300000000002
12255,2028-03-04,1132,Clothing,East,2,78.5,0.03,Card,2,1.8,152.29,2028-03-04,152.29
12256,2028-03-05,1746,Clothing,East,4,453.33,0.02,Card,9,4.7,1777.05,2028-03-05,1777.0536
12257,2028-03-06,1556,Electronics,West,7,193.52,0.05,Card,9,2.8,1286.91,2028-03-06,1286.9080000000001
12258,2028-03-07,1825,Home,West,3,571.63,0.13,Cod,7,5.0,1491.95,2028-03-07,1491.9542999999999
12259,2028-03-08,1760,Electronics,West,6,432.88,0.05,Wallet,5,1.2,2467.42,2028-03-08,2467.4159999999997
12260,2028-03-09,1030,Electronics,West,3,206.15,0.3,Wallet,4,1.5,432.92,2028-03-09,432.915
12261,2028-03-10,1534,Clothing,East,7,184.38,0.01,Wallet,4,2.8,1277.75,2028-03-10,1277.7533999999998
12262,2028-03-11,1425,Home,North,3,321.36,0.11,Cod,1,4.5,858.03,2028-03-11,858.0312
12263,2028-03-12,1393,Home,West,7,61.3,0.06,Cod,4,3.2,403.35,2028-03-12,403.3539999999999
12264,2028-03-13,1671,Clothing,North,6,83.84,0.33,Wallet,7,3.9,337.04,2028-03-13,337.03679999999997
12265,2028-03-14,1362,Electronics,South,1,117.88,0.23,Cod,5,2.7,90.77,2028-03-14,90.7676
12266,2028-03-15,1436,Clothing,South,6,468.21,0.32,Cod,9,1.2,1910.3,2028-03-15,1910.2967999999996
12267,2028-03-16,1669,Electronics,West,1,315.61,0.34,Cod,4,3.6,208.3,2028-03-16,208.30259999999998
12268,2028-03-17,1550,Clothing,South,5,21.18,0.17,Card,11,3.5,87.9,2028-03-17,87.897
12269,2028-03-18,1926,Clothing,North,1,409.01,0.08,Cod,3,1.3,376.29,2028-03-18,376.2892
12270,2028-03-19,1081,Electronics,North,2,262.86,0.07,Cod,6,1.7,488.92,2028-03-19,488.9196
12271,2028-03-20,1355,Electronics,South,2,313.85,0.08,Cod,4,2.9,577.48,2028-03-20,577.484
12272,2028-03-21,1257,Beauty,West,6,140.26,0.25,Card,11,2.8,631.17,2028-03-21,631.17
12273,2028-03-22,1717,Beauty,North,2,337.79,0.01,Cod,2,4.0,668.82,2028-03-22,668.8242
12274,2028-03-23,1588,Clothing,North,2,587.8,0.02,Wallet,5,2.5,1152.09,2028-03-23,1152.088
12275,2028-03-24,1988,Electronics,East,5,57.97,0.21,Wallet,4,3.7,228.98,2028-03-24,228.98150000000004
12276,2028-03-25,1523,Electronics,West,2,181.09,0.22,Card,5,3.8,282.5,2028-03-25,282.5004
12277,2028-03-26,1294,Clothing,East,4,157.15,0.23,Card,9,3.6,484.02,2028-03-26,484.02200000000005
12278,2028-03-27,1961,Beauty,South,4,160.4,0.13,Cod,4,3.4,558.19,2028-03-27,558.192
12279,2028-03-28,1223,Electronics,South,4,236.54,0.28,Card,6,4.2,681.24,2028-03-28,681.2352
12280,2028-03-29,1524,Home,East,1,493.59,0.19,Card,4,3.6,399.81,2028-03-29,399.8079
12281,2028-03-30,1045,Electronics,West,6,549.02,0.04,Card,1,4.3,3162.36,2028-03-30,3162.3552
12282,2028-03-31,1666,Beauty,North,6,133.3,0.28,Wallet,2,3.5,575.86,2028-03-31,575.856
12283,2028-04-01,1112,Clothing,South,3,332.63,0.33,Cod,6,1.6,668.59,2028-04-01,668.5862999999999
12284,2028-04-02,1232,Home,West,5,387.59,0.02,Cod,8,2.2,1899.19,2028-04-02,1899.1909999999998
12285,2028-04-03,1016,Electronics,West,4,320.27,0.14,Cod,9,2.3,1101.73,2028-04-03,1101.7287999999999
12286,2028-04-04,1359,Clothing,South,4,268.93,0.17,Cod,4,1.4,892.85,2028-04-04,892.8475999999999
12287,2028-04-05,1222,Electronics,South,2,127.31,0.05,Card,6,3.8,241.89,2028-04-05,241.88899999999998
12288,2028-04-06,1865,Electronics,West,4,300.61,0.3,Cod,3,3.4,841.71,2028-04-06,841.708
12289,2028-04-07,1699,Beauty,North,2,249.71,0.1,Card,9,3.4,449.48,2028-04-07,449.478
12290,2028-04-08,1447,Beauty,East,2,480.4,0.27,Cod,8,2.9,701.38,2028-04-08,701.3839999999999
12291,2028-04-09,1855,Beauty,South,3,461.71,0.23,Card,1,3.2,1066.55,2028-04-09,1066.5501
12292,2028-04-10,1364,Clothing,East,1,93.39,0.21,Cod,2,1.0,73.78,2028-04-10,73.77810000000001
12293,2028-04-11,1674,Home,West,2,66.78,0.07,Cod,10,1.4,124.21,2028-04-11,124.21079999999999
12294,2028-04-12,1325,Electronics,East,2,546.27,0.08,Card,9,3.7,1005.14,2028-04-12,1005.1368
12295,2028-04-13,1466,Electronics,North,6,328.27,0.02,Card,10,2.0,1930.23,2028-04-13,1930.2276
12296,2028-04-14,1413,Electronics,West,3,516.81,0.08,Card,3,1.4,1426.4,2028-04-14,1426.3955999999998
12297,2028-04-15,1454,Clothing,North,2,49.02,0.12,Cod,3,2.3,86.28,2028-04-15,86.27520000000001
12298,2028-04-16,1585,Clothing,West,5,323.01,0.29,Card,10,2.0,1146.69,2028-04-16,1146.6854999999998
12299,2028-04-17,1232,Electronics,North,1,330.56,0.13,Card,9,1.1,287.59,2028-04-17,287.5872
12300,2028-04-18,1223,Clothing,West,5,518.51,0.26,Cod,3,2.6,1918.49,2028-04-18,1918.487
12301,2028-04-19,1993,Home,North,4,72.1,0.15,Cod,10,1.1,245.14,2028-04-19,245.14
12302,2028-04-20,1830,Clothing,West,1,155.66,0.27,Card,11,1.0,113.63,2028-04-20,113.6318
12303,2028-04-21,1411,Electronics,North,4,252.82,0.34,Cod,5,4.2,667.44,2028-04-21,667.4447999999999
12304,2028-04-22,1571,Electronics,West,6,521.52,0.08,Wallet,6,2.3,2878.79,2028-04-22,2878.7904
12305,2028-04-23,1334,Electronics,North,7,564.25,0.3,Wallet,3,3.3,2764.82,2028-04-23,2764.825
12306,2028-04-24,1221,Electronics,South,7,595.74,0.22,Card,10,2.2,3252.74,2028-04-24,3252.7404
12307,2028-04-25,1036,Clothing,East,7,576.13,0.29,Wallet,8,4.7,2863.37,2028-04-25,2863.3660999999997
12308,2028-04-26,1988,Clothing,West,2,18.48,0.23,Cod,2,3.9,28.46,2028-04-26,28.459200000000003
12309,2028-04-27,1277,Home,North,3,42.91,0.15,Wallet,6,2.5,109.42,2028-04-27,109.42049999999999
12310,2028-04-28,1195,Clothing,South,5,101.35,0.08,Cod,2,1.8,466.21,2028-04-28,466.21000000000004
12311,2028-04-29,1915,Home,West,4,219.08,0.02,Cod,9,1.6,858.79,2028-04-29,858.7936000000001
12312,2028-04-30,1863,Electronics,West,2,500.5,0.19,Cod,6,4.0,810.81,2028-04-30,810.8100000000001
12313,2028-05-01,1483,Clothing,West,7,537.2,0.35,Cod,9,2.8,2444.26,2028-05-01,2444.26
12314,2028-05-02,1241,Home,East,5,124.3,0.26,Cod,4,1.9,459.91,2028-05-02,459.90999999999997
12315,2028-05-03,1323,Electronics,North,5,377.5,0.11,Card,3,4.7,1679.88,2028-05-03,1679.875
12316,2028-05-04,1730,Electronics,North,6,551.66,0.29,Card,2,2.6,2350.07,2028-05-04,2350.0715999999998
12317,2028-05-05,1191,Beauty,West,6,286.28,0.27,Card,8,3.2,1253.91,2028-05-05,1253.9063999999998
12318,2028-05-06,1016,Electronics,West,7,75.57,0.1,Wallet,4,4.4,476.09,2028-05-06,476.091
12319,2028-05-07,1523,Home,West,4,282.82,0.01,Cod,2,4.3,1119.97,2028-05-07,1119.9672
12320,2028-05-08,1917,Electronics,South,7,234.84,0.04,Cod,11,3.6,1578.12,2028-05-08,1578.1248
12321,2028-05-09,1400,Home,West,7,352.93,0.31,Cod,9,4.6,1704.65,2028-05-09,1704.6519
12322,2028-05-10,1905,Electronics,East,2,271.62,0.29,Card,8,4.8,385.7,2028-05-10,385.7004
12323,2028-05-11,1885,Electronics,North,3,25.15,0.1,Card,5,4.7,67.9,2028-05-11,67.90499999999999
12324,2028-05-12,1704,Clothing,East,7,596.49,0.1,Cod,8,2.4,3757.89,2028-05-12,3757.887
12325,2028-05-13,1021,Electronics,West,4,332.97,0.28,Wallet,5,2.6,958.95,2028-05-13,958.9536
12326,2028-05-14,1473,Clothing,South,5,292.07,0.33,Card,7,2.0,978.43,2028-05-14,978.4344999999998
12327,2028-05-15,1119,Electronics,West,5,573.45,0.27,Card,5,4.3,2093.09,2028-05-15,2093.0924999999997
12328,2028-05-16,1209,Electronics,West,1,106.18,0.21,Card,5,1.5,83.88,2028-05-16,83.88220000000001
12329,2028-05-17,1305,Electronics,West,7,125.7,0.08,Card,4,2.4,809.51,2028-05-17,809.508
12330,2028-05-18,1269,Electronics,West,2,487.69,0.18,Card,5,1.0,799.81,2028-05-18,799.8116000000001
12331,2028-05-19,1703,Beauty,West,1,167.59,0.08,Cod,7,3.4,154.18,2028-05-19,154.18280000000001
12332,2028-05-20,1686,Electronics,North,6,482.55,0.28,Card,3,3.6,2084.62,2028-05-20,2084.616
12333,2028-05-21,1284,Clothing,East,3,173.85,0.14,Card,4,2.0,448.53,2028-05-21,448.53299999999996
12334,2028-05-22,1715,Electronics,South,4,34.41,0.29,Cod,8,3.9,97.72,2028-05-22,97.72439999999999
12335,2028-05-23,1675,Electronics,West,7,317.45,0.13,Wallet,6,2.5,1933.27,2028-05-23,1933.2705
12336,2028-05-24,1762,Beauty,South,5,130.06,0.29,Card,8,2.2,461.71,2028-05-24,461.71299999999997
12337,2028-05-25,1226,Electronics,North,2,458.34,0.12,Cod,11,4.8,806.68,2028-05-25,806.6784
12338,2028-05-26,1947,Beauty,East,5,390.1,0.15,Card,2,3.4,1657.92,2028-05-26,1657.925
12339,2028-05-27,1380,Electronics,West,7,555.31,0.22,Wallet,9,2.0,3031.99,2028-05-27,3031.9925999999996
12340,2028-05-28,1459,Home,North,6,473.05,0.02,Cod,7,4.9,2781.53,2028-05-28,2781.534
12341,2028-05-29,1006,Clothing,North,1,120.75,0.33,Wallet,5,2.6,80.9,2028-05-29,80.90249999999999
12342,2028-05-30,1028,Beauty,East,7,483.09,0.2,Card,11,3.6,2705.3,2028-05-30,2705.304
12343,2028-05-31,1906,Clothing,West,1,390.42,0.18,Cod,7,3.9,320.14,2028-05-31,320.1444
12344,2028-06-01,1032,Clothing,East,4,406.34,0.29,Cod,2,2.7,1154.01,2028-06-01,1154.0056
12345,2028-06-02,1645,Electronics,East,2,501.87,0.3,Card,11,3.1,702.62,2028-06-02,702.6179999999999
12346,2028-06-03,1878,Electronics,South,6,350.69,0.18,Card,4,2.0,1725.39,2028-06-03,1725.3948
12347,2028-06-04,1078,Beauty,South,2,287.61,0.32,Cod,7,2.9,391.15,2028-06-04,391.14959999999996
12348,2028-06-05,1927,Electronics,East,4,387.44,0.02,Cod,2,2.2,1518.76,2028-06-05,1518.7648
12349,2028-06-06,1946,Clothing,South,6,189.31,0.04,Card,8,3.2,1090.43,2028-06-06,1090.4256
12350,2028-06-07,1458,Home,North,6,121.82,0.21,Cod,10,3.7,577.43,2028-06-07,577.4268
12351,2028-06-08,1569,Electronics,East,1,375.7,0.12,Card,10,3.5,330.62,2028-06-08,330.616
12352,2028-06-09,1982,Beauty,West,1,151.8,0.16,Card,11,4.1,127.51,2028-06-09,127.512
12353,2028-06-10,1537,Home,West,1,61.75,0.11,Cod,5,1.2,54.96,2028-06-10,54.9575
12354,2028-06-11,1481,Clothing,North,5,15.32,0.14,Card,5,1.3,65.88,2028-06-11,65.87599999999999
12355,2028-06-12,1429,Beauty,West,3,370.87,0.29,Card,8,1.8,789.95,2028-06-12,789.9531000000001
12356,2028-06-13,1737,Electronics,West,7,226.86,0.21,Card,1,4.9,1254.54,2028-06-13,1254.5358
12357,2028-06-14,1284,Electronics,East,1,455.1,0.35,Cod,6,4.2,295.82,2028-06-14,295.815
12358,2028-06-15,1515,Clothing,North,3,234.48,0.28,Cod,2,4.7,506.48,2028-06-15,506.4767999999999
12359,2028-06-16,1976,Electronics,East,3,299.31,0.1,Wallet,1,2.1,808.14,2028-06-16,808.1370000000001
12360,2028-06-17,1098,Home,North,2,253.14,0.09,Card,7,3.3,460.71,2028-06-17,460.71479999999997
12361,2028-06-18,1396,Beauty,East,4,395.59,0.12,Cod,4,3.2,1392.48,2028-06-18,1392.4768
12362,2028-06-19,1488,Clothing,East,5,223.34,0.3,Card,1,3.3,781.69,2028-06-19,781.6899999999999
12363,2028-06-20,1038,Electronics,South,3,578.8,0.01,Cod,10,3.9,1719.04,2028-06-20,1719.0359999999998
12364,2028-06-21,1270,Beauty,West,7,562.65,0.08,Cod,11,2.6,3623.47,2028-06-21,3623.466
12365,2028-06-22,1886,Clothing,North,5,511.1,0.32,Card,11,3.7,1737.74,2028-06-22,1737.7399999999998
12366,2028-06-23,1796,Clothing,West,2,553.38,0.22,Cod,6,4.2,863.27,2028-06-23,863.2728000000001
12367,2028-06-24,1156,Clothing,South,1,277.75,0.08,Card,10,2.2,255.53,2028-06-24,255.53
12368,2028-06-25,1074,Beauty,North,6,328.81,0.08,Card,6,4.8,1815.03,2028-06-25,1815.0312000000001
12369,2028-06-26,1883,Clothing,South,3,449.12,0.3,Card,3,3.1,943.15,2028-06-26,943.152
12370,2028-06-27,1799,Home,West,4,422.25,0.31,Cod,6,3.9,1165.41,2028-06-27,1165.4099999999999
12371,2028-06-28,1129,Home,East,6,536.05,0.09,Cod,10,3.9,2926.83,2028-06-28,2926.8329999999996
12372,2028-06-29,1686,Electronics,South,2,434.05,0.15,Card,9,3.3,737.88,2028-06-29,737.885
12373,2028-06-30,1973,Clothing,South,5,598.76,0.29,Card,6,2.3,2125.6,2028-06-30,2125.598
12374,2028-07-01,1083,Home,East,7,218.88,0.27,Card,1,3.7,1118.48,2028-07-01,1118.4768
12375,2028-07-02,1021,Clothing,West,1,502.3,0.28,Card,10,1.3,361.66,2028-07-02,361.656
12376,2028-07-03,1458,Home,South,5,423.12,0.18,Cod,6,4.9,1734.79,2028-07-03,1734.7920000000001
12377,2028-07-04,1538,Beauty,West,4,419.46,0.32,Cod,8,1.7,1140.93,2028-07-04,1140.9311999999998
12378,2028-07-05,1706,Clothing,East,3,205.61,0.11,Card,7,2.1,548.98,2028-07-05,548.9787
12379,2028-07-06,1848,Home,North,4,474.58,0.05,Card,8,4.8,1803.4,2028-07-06,1803.4039999999998
12380,2028-07-07,1381,Home,South,5,541.72,0.25,Wallet,11,1.7,2031.45,2028-07-07,2031.4500000000003
12381,2028-07-08,1747,Home,West,5,142.85,0.19,Card,8,1.7,578.54,2028-07-08,578.5425
12382,2028-07-09,1439,Clothing,East,6,380.92,0.3,Card,9,4.2,1599.86,2028-07-09,1599.8639999999998
12383,2028-07-10,1603,Electronics,East,4,244.4,0.03,Cod,3,2.0,948.27,2028-07-10,948.272
12384,2028-07-11,1988,Clothing,South,4,593.89,0.3,Cod,7,1.4,1662.89,2028-07-11,1662.8919999999998
12385,2028-07-12,1020,Home,North,4,295.12,0.1,Cod,6,1.9,1062.43,2028-07-12,1062.432
12386,2028-07-13,1302,Clothing,South,1,148.57,0.23,Wallet,2,4.6,114.4,2028-07-13,114.3989
12387,2028-07-14,1975,Home,West,7,238.39,0.01,Card,5,2.1,1652.04,2028-07-14,1652.0427
12388,2028-07-15,1868,Clothing,East,5,397.5,0.21,Cod,3,3.8,1570.12,2028-07-15,1570.125
12389,2028-07-16,1954,Clothing,North,2,59.51,0.25,Card,11,2.6,89.26,2028-07-16,89.265
12390,2028-07-17,1083,Electronics,West,1,368.11,0.13,Cod,5,2.0,320.26,2028-07-17,320.2557
12391,2028-07-18,1773,Home,South,1,559.77,0.08,Wallet,11,1.6,514.99,2028-07-18,514.9884
12392,2028-07-19,1658,Clothing,East,1,512.46,0.19,Cod,9,4.9,415.09,2028-07-19,415.09260000000006
12393,2028-07-20,1952,Electronics,South,6,54.59,0.29,Cod,8,3.1,232.55,2028-07-20,232.5534
12394,2028-07-21,1452,Electronics,North,7,596.13,0.11,Wallet,9,1.5,3713.89,2028-07-21,3713.8899
12395,2028-07-22,1386,Home,North,7,423.76,0.09,Card,9,1.8,2699.35,2028-07-22,2699.3511999999996
12396,2028-07-23,1506,Clothing,North,2,109.93,0.1,Cod,11,2.6,197.87,2028-07-23,197.87400000000002
12397,2028-07-24,1256,Electronics,North,4,22.26,0.33,Wallet,8,3.2,59.66,2028-07-24,59.6568
12398,2028-07-25,1569,Beauty,North,6,115.2,0.13,Cod,8,1.7,601.34,2028-07-25,601.344
12399,2028-07-26,1891,Home,South,5,505.33,0.0,Card,11,2.1,2526.65,2028-07-26,2526.65
12400,2028-07-27,1933,Beauty,North,3,27.66,0.27,Card,11,4.1,60.58,2028-07-27,60.5754
12401,2028-07-28,1526,Clothing,North,6,151.39,0.24,Card,6,2.7,690.34,2028-07-28,690.3384
12402,2028-07-29,1161,Clothing,East,3,458.02,0.04,Card,6,1.0,1319.1,2028-07-29,1319.0975999999998
12403,2028-07-30,1956,Beauty,North,5,357.87,0.34,Cod,6,1.2,1180.97,2028-07-30,1180.9709999999998
12404,2028-07-31,1162,Clothing,East,2,472.9,0.21,Card,10,2.8,747.18,2028-07-31,747.182
12405,2028-08-01,1831,Home,East,7,451.5,0.18,Card,6,1.2,2591.61,2028-08-01,2591.61
12406,2028-08-02,1792,Electronics,East,3,44.6,0.13,Card,11,1.7,116.41,2028-08-02,116.406
12407,2028-08-03,1791,Clothing,South,1,537.12,0.31,Cod,9,3.9,370.61,2028-08-03,370.6128
12408,2028-08-04,1523,Electronics,South,6,147.81,0.09,Cod,10,2.9,807.04,2028-08-04,807.0426
12409,2028-08-05,1785,Electronics,West,3,338.73,0.1,Cod,1,2.9,914.57,2028-08-05,914.571
12410,2028-08-06,1270,Electronics,West,5,391.91,0.04,Card,10,3.4,1881.17,2028-08-06,1881.1680000000001
12411,2028-08-07,1491,Electronics,East,7,113.65,0.27,Card,6,4.2,580.75,2028-08-07,580.7515000000001
12412,2028-08-08,1207,Beauty,South,1,586.1,0.21,Card,8,1.6,463.02,2028-08-08,463.01900000000006
12413,2028-08-09,1538,Electronics,North,3,300.57,0.21,Card,1,1.7,712.35,2028-08-09,712.3509
12414,2028-08-10,1583,Home,West,7,48.72,0.08,Card,11,1.5,313.76,2028-08-10,313.7568
12415,2028-08-11,1059,Home,South,5,563.3,0.23,Cod,11,4.7,2168.7,2028-08-11,2168.705
12416,2028-08-12,1429,Clothing,North,2,357.97,0.27,Card,6,3.3,522.64,2028-08-12,522.6362
12417,2028-08-13,1984,Electronics,North,5,424.03,0.13,Wallet,9,1.4,1844.53,2028-08-13,1844.5304999999996
12418,2028-08-14,1656,Home,South,2,322.23,0.28,Cod,6,1.9,464.01,2028-08-14,464.01120000000003
12419,2028-08-15,1604,Clothing,West,7,503.32,0.12,Card,2,3.9,3100.45,2028-08-15,3100.4512
12420,2028-08-16,1308,Home,South,7,34.38,0.27,Cod,1,1.1,175.68,2028-08-16,175.6818
12421,2028-08-17,1519,Home,West,1,172.0,0.01,Cod,4,3.9,170.28,2028-08-17,170.28
12422,2028-08-18,1590,Beauty,East,5,289.74,0.19,Cod,6,4.6,1173.45,2028-08-18,1173.4470000000001
12423,2028-08-19,1026,Clothing,South,4,59.81,0.34,Wallet,10,1.2,157.9,2028-08-19,157.89839999999998
12424,2028-08-20,1685,Electronics,South,6,427.96,0.34,Card,10,1.7,1694.72,2028-08-20,1694.7215999999996
12425,2028-08-21,1561,Clothing,West,4,245.29,0.1,Wallet,9,1.0,883.04,2028-08-21,883.044
12426,2028-08-22,1198,Electronics,West,4,174.51,0.15,Card,5,1.4,593.33,2028-08-22,593.334
12427,2028-08-23,1386,Beauty,South,4,16.98,0.02,Wallet,7,3.5,66.56,2028-08-23,66.5616
12428,2028-08-24,1348,Electronics,North,6,436.1,0.31,Card,6,1.2,1805.45,2028-08-24,1805.4540000000002
12429,2028-08-25,1959,Electronics,North,4,502.78,0.2,Card,6,2.7,1608.9,2028-08-25,1608.896
12430,2028-08-26,1939,Home,North,2,246.1,0.13,Cod,9,3.0,428.21,2028-08-26,428.214
12431,2028-08-27,1692,Clothing,East,5,345.07,0.04,Card,5,4.6,1656.34,2028-08-27,1656.3359999999998
12432,2028-08-28,1535,Clothing,East,7,148.2,0.33,Card,2,2.9,695.06,2028-08-28,695.0579999999999
12433,2028-08-29,1827,Clothing,West,1,378.99,0.19,Card,8,1.6,306.98,2028-08-29,306.98190000000005
12434,2028-08-30,1377,Beauty,East,4,22.1,0.1,Cod,11,2.2,79.56,2028-08-30,79.56
12435,2028-08-31,1898,Electronics,North,7,300.86,0.12,Wallet,3,3.7,1853.3,2028-08-31,1853.2976
12436,2028-09-01,1915,Beauty,South,4,391.86,0.09,Cod,9,1.4,1426.37,2028-09-01,1426.3704
12437,2028-09-02,1557,Electronics,East,1,552.14,0.21,Wallet,5,1.9,436.19,2028-09-02,436.1906
12438,2028-09-03,1526,Home,East,1,238.08,0.33,Cod,1,5.0,159.51,2028-09-03,159.5136
12439,2028-09-04,1152,Home,North,4,462.64,0.3,Card,4,1.0,1295.39,2028-09-04,1295.3919999999998
12440,2028-09-05,1733,Electronics,East,2,364.65,0.16,Card,9,1.6,612.61,2028-09-05,612.612
12441,2028-09-06,1205,Clothing,West,7,557.3,0.29,Cod,1,4.4,2769.78,2028-09-06,2769.7809999999995
12442,2028-09-07,1454,Electronics,South,1,248.05,0.15,Card,8,1.4,210.84,2028-09-07,210.8425
12443,2028-09-08,1272,Home,North,5,201.67,0.09,Card,8,1.1,917.6,2028-09-08,917.5985
12444,2028-09-09,1893,Clothing,West,7,533.98,0.34,Cod,9,1.5,2466.99,2028-09-09,2466.9876
12445,2028-09-10,1235,Clothing,North,5,43.81,0.11,Cod,9,3.8,194.95,2028-09-10,194.95450000000002
12446,2028-09-11,1851,Electronics,West,7,94.79,0.11,Card,6,5.0,590.54,2028-09-11,590.5417000000001
12447,2028-09-12,1739,Electronics,South,2,63.21,0.35,Wallet,5,3.4,82.17,2028-09-12,82.173
12448,2028-09-13,1520,Electronics,South,6,508.22,0.05,Cod,7,1.5,2896.85,2028-09-13,2896.854
12449,2028-09-14,1677,Electronics,West,3,21.21,0.27,Cod,9,1.7,46.45,2028-09-14,46.4499
12450,2028-09-15,1943,Clothing,West,2,519.07,0.33,Wallet,5,3.2,695.55,2028-09-15,695.5538
12451,2028-09-16,1955,Beauty,West,4,278.99,0.18,Card,3,3.9,915.09,2028-09-16,915.0872
12452,2028-09-17,1830,Home,West,3,17.35,0.0,Cod,9,3.7,52.05,2028-09-17,52.050000000000004
12453,2028-09-18,1725,Clothing,West,4,249.96,0.13,Wallet,10,3.3,869.86,2028-09-18,869.8608
12454,2028-09-19,1500,Beauty,West,5,124.28,0.04,Cod,1,4.9,596.54,2028-09-19,596.544
12455,2028-09-20,1116,Home,South,1,380.27,0.15,Cod,1,1.8,323.23,2028-09-20,323.2295
12456,2028-09-21,1385,Beauty,West,7,412.42,0.28,Card,10,1.7,2078.6,2028-09-21,2078.5968
12457,2028-09-22,1343,Clothing,East,4,300.2,0.15,Cod,11,4.4,1020.68,2028-09-22,1020.68
12458,2028-09-23,1583,Electronics,South,5,38.7,0.15,Card,4,2.2,164.48,2028-09-23,164.475
12459,2028-09-24,1394,Electronics,North,2,398.84,0.19,Wallet,2,2.3,646.12,2028-09-24,646.1208
12460,2028-09-25,1063,Home,South,4,507.59,0.2,Wallet,7,3.2,1624.29,2028-09-25,1624.288
12461,2028-09-26,1716,Electronics,North,5,436.39,0.3,Wallet,2,2.5,1527.36,2028-09-26,1527.3649999999998
12462,2028-09-27,1720,Electronics,North,1,500.53,0.11,Cod,7,2.2,445.47,2028-09-27,445.4717
12463,2028-09-28,1071,Clothing,East,7,132.3,0.29,Card,8,4.7,657.53,2028-09-28,657.5310000000001
12464,2028-09-29,1788,Clothing,West,4,535.0,0.2,Card,11,1.5,1712.0,2028-09-29,1712.0
12465,2028-09-30,1273,Clothing,West,6,203.48,0.11,Wallet,8,2.6,1086.58,2028-09-30,1086.5831999999998
12466,2028-10-01,1989,Electronics,South,5,22.84,0.1,Card,3,1.0,102.78,2028-10-01,102.78
12467,2028-10-02,1319,Clothing,West,4,508.38,0.13,Card,9,4.2,1769.16,2028-10-02,1769.1624
12468,2028-10-03,1337,Clothing,East,1,565.97,0.22,Cod,10,1.7,441.46,2028-10-03,441.45660000000004
12469,2028-10-04,1365,Beauty,South,7,398.5,0.08,Card,10,4.1,2566.34,2028-10-04,2566.34
12470,2028-10-05,1494,Home,South,4,150.39,0.32,Cod,10,1.6,409.06,2028-10-05,409.0607999999999
12471,2028-10-06,1606,Beauty,South,4,162.27,0.2,Cod,6,2.7,519.26,2028-10-06,519.264
12472,2028-10-07,1165,Home,West,7,287.96,0.32,Cod,4,3.9,1370.69,2028-10-07,1370.6895999999997
12473,2028-10-08,1543,Clothing,West,6,540.23,0.02,Wallet,8,2.1,3176.55,2028-10-08,3176.5524
12474,2028-10-09,1010,Electronics,West,5,102.51,0.12,Card,4,2.3,451.04,2028-10-09,451.04400000000004
12475,2028-10-10,1300,Home,South,3,498.19,0.01,Card,4,3.7,1479.62,2028-10-10,1479.6243
12476,2028-10-11,1728,Clothing,South,7,185.41,0.1,Card,11,1.8,1168.08,2028-10-11,1168.0829999999999
12477,2028-10-12,1800,Clothing,North,4,488.02,0.3,Wallet,8,4.8,1366.46,2028-10-12,1366.456
12478,2028-10-13,1101,Clothing,North,3,553.36,0.01,Card,4,1.8,1643.48,2028-10-13,1643.4792
12479,2028-10-14,1424,Clothing,West,2,265.08,0.15,Card,1,4.0,450.64,2028-10-14,450.63599999999997
12480,2028-10-15,1391,Electronics,South,4,228.55,0.04,Cod,6,4.2,877.63,2028-10-15,877.6320000000001
12481,2028-10-16,1778,Clothing,West,3,484.3,0.15,Card,8,2.5,1234.97,2028-10-16,1234.9650000000001
12482,2028-10-17,1213,Electronics,West,2,324.75,0.29,Wallet,3,1.6,461.14,2028-10-17,461.145
12483,2028-10-18,1690,Home,North,6,415.4,0.22,Wallet,2,1.7,1944.07,2028-10-18,1944.072
12484,2028-10-19,1087,Electronics,East,5,379.36,0.26,Cod,6,4.9,1403.63,2028-10-19,1403.632
12485,2028-10-20,1552,Electronics,West,4,104.44,0.12,Cod,1,3.9,367.63,2028-10-20,367.6288
12486,2028-10-21,1400,Clothing,East,5,509.2,0.33,Card,11,2.8,1705.82,2028-10-21,1705.8199999999997
12487,2028-10-22,1587,Home,East,2,129.53,0.25,Cod,5,2.0,194.3,2028-10-22,194.29500000000002
12488,2028-10-23,1888,Clothing,South,5,560.39,0.15,Cod,6,1.1,2381.66,2028-10-23,2381.6575
12489,2028-10-24,1045,Electronics,South,5,161.58,0.15,Card,8,3.7,686.72,2028-10-24,686.715
12490,2028-10-25,1671,Clothing,West,7,444.32,0.32,Card,7,4.8,2114.96,2028-10-25,2114.9631999999997
12491,2028-10-26,1462,Electronics,North,1,181.52,0.2,Wallet,6,1.4,145.22,2028-10-26,145.216
12492,2028-10-27,1591,Beauty,North,2,200.9,0.25,Card,2,4.0,301.35,2028-10-27,301.35
12493,2028-10-28,1309,Beauty,West,5,196.35,0.15,Cod,8,1.6,834.49,2028-10-28,834.4875
12494,2028-10-29,1085,Clothing,West,3,452.52,0.08,Card,8,4.2,1248.96,2028-10-29,1248.9552
12495,2028-10-30,1091,Electronics,North,2,340.74,0.25,Card,11,2.5,511.11,2028-10-30,511.11
12496,2028-10-31,1659,Home,East,1,531.53,0.21,Wallet,5,3.8,419.91,2028-10-31,419.9087
12497,2028-11-01,1672,Electronics,West,4,194.81,0.18,Card,3,4.7,638.98,2028-11-01,638.9768
12498,2028-11-02,1713,Clothing,East,6,419.82,0.22,Cod,11,3.5,1964.76,2028-11-02,1964.7576000000001
12499,2028-11-03,1935,Electronics,West,5,455.47,0.07,Card,8,4.7,2117.94,2028-11-03,2117.9355
12500,2028-11-04,1927,Beauty,West,3,103.62,0.28,Card,5,1.9,223.82,2028-11-04,223.8192
12501,2028-11-05,1241,Electronics,East,1,249.34,0.33,Wallet,3,4.9,167.06,2028-11-05,167.0578
12502,2028-11-06,1864,Clothing,East,2,297.45,0.31,Cod,9,4.5,410.48,2028-11-06,410.48099999999994
12503,2028-11-07,1001,Home,North,6,223.08,0.11,Wallet,9,1.4,1191.25,2028-11-07,1191.2472
12504,2028-11-08,1224,Clothing,West,6,203.44,0.14,Wallet,7,2.7,1049.75,2028-11-08,1049.7504
12505,2028-11-09,1800,Electronics,South,5,416.56,0.28,Wallet,8,4.7,1499.62,2028-11-09,1499.616
12506,2028-11-10,1744,Beauty,South,1,141.28,0.21,Wallet,5,1.3,111.61,2028-11-10,111.61120000000001
12507,2028-11-11,1972,Clothing,West,1,429.99,0.19,Card,5,2.8,348.29,2028-11-11,348.29190000000006
12508,2028-11-12,1925,Clothing,West,3,562.0,0.32,Wallet,5,3.9,1146.48,2028-11-12,1146.4799999999998
12509,2028-11-13,1928,Electronics,West,4,345.64,0.19,Card,2,1.1,1119.87,2028-11-13,1119.8736000000001
12510,2028-11-14,1588,Clothing,East,4,372.69,0.18,Card,3,4.0,1222.42,2028-11-14,1222.4232000000002
12511,2028-11-15,1115,Clothing,South,7,55.33,0.01,Card,8,2.4,383.44,2028-11-15,383.4369
12512,2028-11-16,1665,Electronics,South,4,520.72,0.02,Card,6,2.0,2041.22,2028-11-16,2041.2224
12513,2028-11-17,1917,Electronics,South,7,181.99,0.0,Cod,9,3.3,1273.93,2028-11-17,1273.93
12514,2028-11-18,1102,Home,West,6,374.8,0.32,Card,7,3.2,1529.18,2028-11-18,1529.184
12515,2028-11-19,1193,Electronics,East,6,587.78,0.14,Card,6,4.5,3032.94,2028-11-19,3032.9447999999998
12516,2028-11-20,1165,Electronics,West,2,363.37,0.16,Cod,11,3.7,610.46,2028-11-20,610.4616
12517,2028-11-21,1870,Clothing,North,6,438.96,0.3,Card,4,2.7,1843.63,2028-11-21,1843.6319999999996
12518,2028-11-22,1089,Home,North,6,275.51,0.21,Cod,7,3.6,1305.92,2028-11-22,1305.9174
12519,2028-11-23,1685,Electronics,South,1,50.31,0.21,Card,4,4.0,39.74,2028-11-23,39.7449
12520,2028-11-24,1121,Clothing,West,2,481.6,0.1,Card,7,4.7,866.88,2028-11-24,866.8800000000001
12521,2028-11-25,1142,Electronics,North,1,35.47,0.29,Card,5,3.8,25.18,2028-11-25,25.183699999999998
12522,2028-11-26,1993,Electronics,North,3,424.88,0.06,Card,2,3.2,1198.16,2028-11-26,1198.1616
12523,2028-11-27,1105,Electronics,West,7,28.41,0.02,Cod,7,2.5,194.89,2028-11-27,194.8926
12524,2028-11-28,1886,Home,East,7,519.45,0.07,Cod,8,4.6,3381.62,2028-11-28,3381.6195000000002
12525,2028-11-29,1427,Electronics,West,3,107.22,0.09,Card,10,4.2,292.71,2028-11-29,292.7106
12526,2028-11-30,1304,Electronics,West,7,315.85,0.1,Card,11,1.3,1989.86,2028-11-30,1989.8550000000002
12527,2028-12-01,1871,Clothing,East,2,364.33,0.23,Card,2,3.8,561.07,2028-12-01,561.0681999999999
12528,2028-12-02,1970,Home,South,2,282.66,0.08,Wallet,6,3.2,520.09,2028-12-02,520.0944000000001
12529,2028-12-03,1316,Electronics,South,6,214.35,0.24,Card,4,1.4,977.44,2028-12-03,977.4359999999999
12530,2028-12-04,1962,Clothing,South,7,288.67,0.03,Wallet,5,3.3,1960.07,2028-12-04,1960.0693
12531,2028-12-05,1634,Electronics,East,3,197.18,0.05,Cod,1,1.8,561.96,2028-12-05,561.963
12532,2028-12-06,1901,Clothing,North,5,271.3,0.18,Card,6,3.8,1112.33,2028-12-06,1112.3300000000002
12533,2028-12-07,1008,Clothing,East,4,224.96,0.32,Wallet,11,2.1,611.89,2028-12-07,611.8911999999999
12534,2028-12-08,1773,Clothing,West,6,346.23,0.3,Cod,8,1.6,1454.17,2028-12-08,1454.166
12535,2028-12-09,1072,Electronics,East,4,154.19,0.34,Cod,2,1.3,407.06,2028-12-09,407.06159999999994
12536,2028-12-10,1358,Electronics,North,3,593.36,0.23,Card,1,3.0,1370.66,2028-12-10,1370.6616
12537,2028-12-11,1222,Electronics,North,7,308.01,0.24,Cod,9,1.8,1638.61,2028-12-11,1638.6131999999998
12538,2028-12-12,1415,Clothing,West,7,128.58,0.22,Card,2,4.4,702.05,2028-12-12,702.0468000000001
12539,2028-12-13,1552,Electronics,South,4,294.08,0.22,Card,8,1.0,917.53,2028-12-13,917.5296
12540,2028-12-14,1369,Home,North,5,521.85,0.05,Wallet,5,4.4,2478.79,2028-12-14,2478.7875
12541,2028-12-15,1715,Beauty,North,7,27.76,0.19,Wallet,2,3.1,157.4,2028-12-15,157.39920000000004
12542,2028-12-16,1263,Beauty,North,5,412.54,0.14,Card,5,4.7,1773.92,2028-12-16,1773.9220000000003
12543,2028-12-17,1839,Beauty,West,1,335.56,0.15,Cod,9,1.8,285.23,2028-12-17,285.226
12544,2028-12-18,1689,Clothing,North,2,114.19,0.18,Cod,6,1.4,187.27,2028-12-18,187.2716
12545,2028-12-19,1859,Home,South,4,493.22,0.04,Card,3,3.5,1893.96,2028-12-19,1893.9648
12546,2028-12-20,1317,Electronics,West,7,230.8,0.13,Card,8,3.8,1405.57,2028-12-20,1405.5720000000001
12547,2028-12-21,1083,Clothing,South,5,186.87,0.02,Card,1,2.5,915.66,2028-12-21,915.663
12548,2028-12-22,1317,Clothing,North,7,499.45,0.34,Cod,9,1.1,2307.46,2028-12-22,2307.459
12549,2028-12-23,1110,Clothing,North,2,388.54,0.04,Wallet,9,2.6,746.0,2028-12-23,745.9968
12550,2028-12-24,1250,Home,South,2,540.48,0.09,Card,4,1.9,983.67,2028-12-24,983.6736000000001
12551,2028-12-25,1382,Electronics,West,1,383.48,0.31,Cod,8,2.4,264.6,2028-12-25,264.6012
12552,2028-12-26,1006,Electronics,West,2,448.38,0.17,Cod,11,3.0,744.31,2028-12-26,744.3108
12553,2028-12-27,1458,Beauty,South,2,504.32,0.05,Cod,11,3.8,958.21,2028-12-27,958.208
12554,2028-12-28,1083,Electronics,North,6,47.02,0.13,Card,3,4.9,245.44,2028-12-28,245.4444
12555,2028-12-29,1207,Clothing,East,3,468.99,0.04,Cod,6,1.6,1350.69,2028-12-29,1350.6912
12556,2028-12-30,1899,Beauty,South,7,374.02,0.07,Wallet,10,3.7,2434.87,2028-12-30,2434.8702
12557,2028-12-31,1389,Clothing,South,1,55.66,0.02,Card,10,1.9,54.55,2028-12-31,54.5468
12558,2029-01-01,1313,Clothing,South,1,312.52,0.15,Card,8,1.9,265.64,2029-01-01,265.642
12559,2029-01-02,1021,Electronics,North,4,63.24,0.28,Wallet,11,3.5,182.13,2029-01-02,182.1312
12560,2029-01-03,1409,Electronics,West,2,445.53,0.21,Card,9,4.1,703.94,2029-01-03,703.9374
12561,2029-01-04,1894,Beauty,North,4,334.7,0.21,Wallet,8,4.9,1057.65,2029-01-04,1057.652
12562,2029-01-05,1514,Clothing,South,6,572.84,0.07,Card,9,4.1,3196.45,2029-01-05,3196.4471999999996
12563,2029-01-06,1126,Clothing,North,5,122.13,0.12,Card,4,1.6,537.37,2029-01-06,537.372
12564,2029-01-07,1808,Electronics,North,2,369.53,0.3,Card,10,1.9,517.34,2029-01-07,517.342
12565,2029-01-08,1699,Electronics,South,5,138.78,0.03,Card,1,4.0,673.08,2029-01-08,673.083
12566,2029-01-09,1873,Beauty,North,3,374.23,0.3,Card,7,3.1,785.88,2029-01-09,785.883
12567,2029-01-10,1013,Clothing,East,6,437.75,0.17,Cod,11,2.2,2180.0,2029-01-10,2179.995
12568,2029-01-11,1970,Clothing,North,2,437.55,0.29,Card,10,2.9,621.32,2029-01-11,621.321
12569,2029-01-12,1977,Electronics,North,4,491.82,0.11,Wallet,4,4.7,1750.88,2029-01-12,1750.8792
12570,2029-01-13,1011,Home,West,4,514.33,0.12,Cod,1,4.0,1810.44,2029-01-13,1810.4416
12571,2029-01-14,1086,Beauty,West,2,60.2,0.26,Cod,3,2.8,89.1,2029-01-14,89.096
12572,2029-01-15,1523,Clothing,South,7,215.81,0.27,Card,7,4.9,1102.79,2029-01-15,1102.7891
12573,2029-01-16,1908,Electronics,South,4,416.97,0.08,Cod,11,4.2,1534.45,2029-01-16,1534.4496000000001
12574,2029-01-17,1536,Clothing,West,7,306.67,0.34,Cod,3,1.0,1416.82,2029-01-17,1416.8154
12575,2029-01-18,1300,Home,East,2,126.55,0.03,Card,1,1.4,245.51,2029-01-18,245.50699999999998
12576,2029-01-19,1242,Clothing,North,1,338.34,0.02,Wallet,7,3.2,331.57,2029-01-19,331.5732
12577,2029-01-20,1121,Beauty,East,4,253.35,0.21,Card,8,2.4,800.59,2029-01-20,800.586
12578,2029-01-21,1146,Clothing,East,7,243.17,0.25,Card,5,4.3,1276.64,2029-01-21,1276.6425
12579,2029-01-22,1566,Beauty,West,2,488.71,0.34,Cod,6,4.6,645.1,2029-01-22,645.0971999999999
12580,2029-01-23,1749,Clothing,South,2,253.45,0.14,Cod,3,2.0,435.93,2029-01-23,435.93399999999997
12581,2029-01-24,1355,Electronics,North,7,30.48,0.01,Card,5,4.1,211.23,2029-01-24,211.2264
12582,2029-01-25,1684,Electronics,South,4,48.97,0.21,Wallet,3,3.1,154.75,2029-01-25,154.7452
12583,2029-01-26,1903,Electronics,East,1,515.9,0.1,Cod,2,2.6,464.31,2029-01-26,464.31
12584,2029-01-27,1732,Beauty,East,4,576.95,0.15,Cod,7,4.1,1961.63,2029-01-27,1961.63
12585,2029-01-28,1630,Home,South,2,417.72,0.17,Card,10,3.3,693.42,2029-01-28,693.4152
12586,2029-01-29,1308,Home,South,1,228.16,0.02,Wallet,11,3.5,223.6,2029-01-29,223.5968
12587,2029-01-30,1694,Electronics,West,5,564.08,0.17,Card,7,1.2,2340.93,2029-01-30,2340.932
12588,2029-01-31,1287,Electronics,South,3,402.74,0.15,Cod,8,3.3,1026.99,2029-01-31,1026.987
12589,2029-02-01,1306,Home,South,4,508.94,0.25,Card,1,2.2,1526.82,2029-02-01,1526.82
12590,2029-02-02,1811,Clothing,West,6,463.02,0.23,Cod,2,3.0,2139.15,2029-02-02,2139.1524
12591,2029-02-03,1593,Electronics,South,2,236.8,0.06,Card,2,1.9,445.18,2029-02-03,445.18399999999997
12592,2029-02-04,1965,Clothing,East,1,295.04,0.07,Card,3,3.5,274.39,2029-02-04,274.3872
12593,2029-02-05,1913,Electronics,South,7,123.89,0.09,Wallet,7,1.6,789.18,2029-02-05,789.1793
12594,2029-02-06,1722,Electronics,North,7,185.83,0.06,Card,7,1.5,1222.76,2029-02-06,1222.7614
12595,2029-02-07,1661,Clothing,East,7,470.2,0.23,Card,7,1.8,2534.38,2029-02-07,2534.378
12596,2029-02-08,1548,Electronics,West,1,537.98,0.35,Cod,1,4.3,349.69,2029-02-08,349.687
12597,2029-02-09,1351,Beauty,East,5,438.81,0.23,Cod,2,1.1,1689.42,2029-02-09,1689.4185000000002
12598,2029-02-10,1311,Electronics,West,4,287.13,0.21,Card,8,3.9,907.33,2029-02-10,907.3308000000001
12599,2029-02-11,1872,Electronics,North,6,65.61,0.14,Card,9,1.2,338.55,2029-02-11,338.5476
12600,2029-02-12,1058,Electronics,North,7,48.31,0.11,Wallet,10,3.4,300.97,2029-02-12,300.97130000000004
12601,2029-02-13,1642,Home,East,1,233.98,0.32,Cod,7,4.1,159.11,2029-02-13,159.10639999999998
12602,2029-02-14,1923,Clothing,South,7,286.34,0.34,Card,1,1.9,1322.89,2029-02-14,1322.8907999999997
12603,2029-02-15,1713,Clothing,East,5,371.34,0.17,Wallet,4,1.8,1541.06,2029-02-15,1541.0609999999997
12604,2029-02-16,1754,Electronics,East,2,18.8,0.1,Cod,10,2.2,33.84,2029-02-16,33.84
12605,2029-02-17,1034,Electronics,North,7,593.99,0.27,Card,8,3.8,3035.29,2029-02-17,3035.2889
12606,2029-02-18,1444,Clothing,West,5,227.9,0.05,Card,5,2.0,1082.52,2029-02-18,1082.5249999999999
12607,2029-02-19,1092,Home,East,4,511.14,0.27,Card,1,3.0,1492.53,2029-02-19,1492.5287999999998
12608,2029-02-20,1949,Beauty,South,7,327.96,0.29,Wallet,7,1.5,1629.96,2029-02-20,1629.9611999999997
12609,2029-02-21,1958,Electronics,North,5,91.31,0.04,Card,6,2.8,438.29,2029-02-21,438.288
12610,2029-02-22,1206,Clothing,East,1,481.58,0.34,Card,9,3.5,317.84,2029-02-22,317.84279999999995
12611,2029-02-23,1352,Beauty,East,1,430.25,0.34,Wallet,4,1.3,283.96,2029-02-23,283.965
12612,2029-02-24,1902,Clothing,South,3,323.55,0.33,Card,4,4.3,650.34,2029-02-24,650.3355
12613,2029-02-25,1331,Home,East,5,316.01,0.17,Cod,8,4.7,1311.44,2029-02-25,1311.4415
12614,2029-02-26,1816,Electronics,East,2,66.18,0.09,Card,4,1.8,120.45,2029-02-26,120.44760000000002
12615,2029-02-27,1861,Beauty,East,7,398.67,0.2,Cod,3,4.0,2232.55,2029-02-27,2232.552
12616,2029-02-28,1724,Home,East,6,548.08,0.15,Card,7,2.3,2795.21,2029-02-28,2795.2080000000005
12617,2029-03-01,1158,Beauty,South,6,69.55,0.07,Card,5,3.7,388.09,2029-03-01,388.08899999999994
12618,2029-03-02,1953,Home,East,4,169.15,0.15,Cod,9,2.2,575.11,2029-03-02,575.11
12619,2029-03-03,1956,Clothing,East,3,542.85,0.23,Cod,5,4.4,1253.98,2029-03-03,1253.9835000000003
12620,2029-03-04,1023,Beauty,East,5,181.34,0.02,Cod,9,2.4,888.57,2029-03-04,888.566
12621,2029-03-05,1403,Electronics,North,2,397.56,0.12,Cod,6,4.4,699.71,2029-03-05,699.7056
12622,2029-03-06,1804,Electronics,South,3,327.87,0.01,Cod,6,4.1,973.77,2029-03-06,973.7739
12623,2029-03-07,1515,Home,North,1,363.85,0.26,Cod,11,1.8,269.25,2029-03-07,269.249
12624,2029-03-08,1731,Home,North,4,258.24,0.22,Cod,6,1.6,805.71,2029-03-08,805.7088000000001
12625,2029-03-09,1363,Beauty,South,7,190.5,0.02,Cod,7,4.1,1306.83,2029-03-09,1306.83
12626,2029-03-10,1381,Electronics,North,7,43.39,0.34,Cod,11,2.6,200.46,2029-03-10,200.46179999999998
12627,2029-03-11,1531,Home,North,7,450.4,0.01,Cod,4,4.8,3121.27,2029-03-11,3121.2719999999995
12628,2029-03-12,1955,Home,North,5,451.46,0.21,Card,4,4.8,1783.27,2029-03-12,1783.2669999999998
12629,2029-03-13,1151,Electronics,South,6,407.37,0.27,Card,9,3.8,1784.28,2029-03-13,1784.2806
12630,2029-03-14,1561,Clothing,East,2,391.53,0.28,Card,7,3.0,563.8,2029-03-14,563.8032
12631,2029-03-15,1688,Electronics,West,7,157.57,0.01,Wallet,11,1.8,1091.96,2029-03-15,1091.9601
12632,2029-03-16,1946,Electronics,West,7,28.07,0.32,Cod,10,4.5,133.61,2029-03-16,133.6132
12633,2029-03-17,1607,Beauty,South,1,488.1,0.32,Cod,6,1.3,331.91,2029-03-17,331.90799999999996
12634,2029-03-18,1616,Clothing,West,3,302.32,0.2,Card,1,2.5,725.57,2029-03-18,725.5680000000001
12635,2029-03-19,1419,Home,South,7,194.5,0.17,Card,7,2.3,1130.04,2029-03-19,1130.0449999999998
12636,2029-03-20,1249,Beauty,South,4,74.63,0.02,Wallet,6,4.8,292.55,2029-03-20,292.5496
12637,2029-03-21,1116,Clothing,West,3,51.69,0.2,Wallet,4,1.5,124.06,2029-03-21,124.056
12638,2029-03-22,1865,Home,North,6,219.09,0.14,Card,8,4.6,1130.5,2029-03-22,1130.5044
12639,2029-03-23,1511,Clothing,East,3,485.77,0.27,Cod,7,2.8,1063.84,2029-03-23,1063.8363
12640,2029-03-24,1739,Beauty,West,2,552.45,0.14,Card,8,1.2,950.21,2029-03-24,950.214
12641,2029-03-25,1577,Electronics,West,1,539.6,0.24,Card,9,3.9,410.1,2029-03-25,410.096
12642,2029-03-26,1334,Beauty,West,5,553.2,0.04,Cod,1,1.4,2655.36,2029-03-26,2655.36
12643,2029-03-27,1417,Electronics,West,2,546.02,0.05,Cod,3,1.9,1037.44,2029-03-27,1037.4379999999999
12644,2029-03-28,1931,Electronics,South,6,323.43,0.05,Cod,2,4.2,1843.55,2029-03-28,1843.551
12645,2029-03-29,1773,Home,South,4,143.36,0.02,Card,3,1.6,561.97,2029-03-29,561.9712000000001
12646,2029-03-30,1294,Clothing,East,6,481.86,0.19,Card,11,2.3,2341.84,2029-03-30,2341.8396000000002
12647,2029-03-31,1937,Clothing,East,6,140.02,0.28,Card,11,2.4,604.89,2029-03-31,604.8864000000001
12648,2029-04-01,1754,Clothing,West,3,171.32,0.21,Card,2,3.4,406.03,2029-04-01,406.02840000000003
12649,2029-04-02,1370,Home,West,4,151.45,0.2,Cod,11,4.2,484.64,2029-04-02,484.64
12650,2029-04-03,1185,Electronics,West,2,316.26,0.24,Card,6,1.9,480.72,2029-04-03,480.7152
12651,2029-04-04,1245,Electronics,East,6,203.27,0.12,Card,9,1.8,1073.27,2029-04-04,1073.2656000000002
12652,2029-04-05,1636,Electronics,West,2,105.18,0.13,Card,2,1.9,183.01,2029-04-05,183.0132
12653,2029-04-06,1267,Clothing,North,7,280.11,0.11,Cod,4,2.5,1745.09,2029-04-06,1745.0853
12654,2029-04-07,1642,Electronics,East,7,526.24,0.25,Cod,5,3.1,2762.76,2029-04-07,2762.76
12655,2029-04-08,1236,Clothing,North,7,348.77,0.06,Cod,5,1.1,2294.91,2029-04-08,2294.9066
12656,2029-04-09,1529,Clothing,West,5,528.83,0.0,Card,1,4.1,2644.15,2029-04-09,2644.15
12657,2029-04-10,1551,Electronics,South,3,129.59,0.21,Card,6,4.7,307.13,2029-04-10,307.1283
12658,2029-04-11,1020,Clothing,North,2,112.68,0.33,Card,5,4.4,150.99,2029-04-11,150.9912
12659,2029-04-12,1910,Beauty,East,7,351.71,0.21,Card,6,1.1,1944.96,2029-04-12,1944.9562999999998
12660,2029-04-13,1736,Electronics,North,7,286.05,0.27,Card,4,3.1,1461.72,2029-04-13,1461.7155
12661,2029-04-14,1866,Clothing,East,4,401.2,0.24,Card,11,4.3,1219.65,2029-04-14,1219.648
12662,2029-04-15,1793,Home,West,6,479.86,0.17,Cod,6,2.4,2389.7,2029-04-15,2389.7027999999996
12663,2029-04-16,1519,Clothing,North,7,454.51,0.25,Wallet,9,4.6,2386.18,2029-04-16,2386.1775
12664,2029-04-17,1099,Home,South,5,566.22,0.29,Card,1,4.5,2010.08,2029-04-17,2010.0810000000001
12665,2029-04-18,1751,Clothing,North,4,247.98,0.08,Wallet,6,1.6,912.57,2029-04-18,912.5664
12666,2029-04-19,1477,Clothing,South,3,135.74,0.12,Card,1,3.0,358.35,2029-04-19,358.35360000000003
12667,2029-04-20,1598,Electronics,East,5,337.28,0.08,Cod,7,1.1,1551.49,2029-04-20,1551.4879999999998
12668,2029-04-21,1297,Home,West,5,79.78,0.16,Cod,4,2.1,335.08,2029-04-21,335.07599999999996
12669,2029-04-22,1939,Home,West,5,183.98,0.31,Wallet,6,4.2,634.73,2029-04-22,634.7309999999999
12670,2029-04-23,1525,Electronics,South,6,136.61,0.12,Card,7,4.9,721.3,2029-04-23,721.3008000000001
12671,2029-04-24,1333,Clothing,East,7,246.99,0.13,Card,11,4.7,1504.17,2029-04-24,1504.1691
12672,2029-04-25,1001,Beauty,West,1,80.06,0.3,Card,5,1.2,56.04,2029-04-25,56.041999999999994
12673,2029-04-26,1374,Clothing,East,5,33.63,0.18,Card,9,4.7,137.88,2029-04-26,137.883
12674,2029-04-27,1292,Clothing,South,4,399.22,0.19,Wallet,8,4.3,1293.47,2029-04-27,1293.4728000000002
12675,2029-04-28,1836,Beauty,South,4,372.0,0.3,Cod,3,4.5,1041.6,2029-04-28,1041.6
12676,2029-04-29,1933,Home,North,3,429.39,0.17,Cod,1,4.7,1069.18,2029-04-29,1069.1811
12677,2029-04-30,1552,Clothing,West,2,401.33,0.24,Cod,11,3.0,610.02,2029-04-30,610.0216
12678,2029-05-01,1317,Home,West,2,81.86,0.03,Wallet,10,1.8,158.81,2029-05-01,158.8084
12679,2029-05-02,1501,Beauty,North,1,185.28,0.06,Card,8,1.1,174.16,2029-05-02,174.1632
12680,2029-05-03,1827,Clothing,South,6,90.77,0.14,Card,4,1.1,468.37,2029-05-03,468.3732
12681,2029-05-04,1380,Clothing,South,7,508.14,0.17,Wallet,7,3.6,2952.29,2029-05-04,2952.2934
12682,2029-05-05,1622,Clothing,South,6,451.94,0.34,Card,4,2.3,1789.68,2029-05-05,1789.6823999999997
12683,2029-05-06,1013,Beauty,South,7,132.89,0.34,Card,7,3.0,613.95,2029-05-06,613.9517999999998
12684,2029-05-07,1503,Home,East,5,214.67,0.3,Card,1,1.5,751.34,2029-05-07,751.3449999999999
12685,2029-05-08,1230,Electronics,West,7,580.47,0.11,Cod,1,4.9,3616.33,2029-05-08,3616.3281
12686,2029-05-09,1984,Beauty,West,1,362.58,0.34,Cod,2,1.5,239.3,2029-05-09,239.30279999999996
12687,2029-05-10,1083,Clothing,South,3,483.68,0.24,Card,5,2.8,1102.79,2029-05-10,1102.7904
12688,2029-05-11,1129,Electronics,South,3,169.79,0.14,Cod,11,2.8,438.06,2029-05-11,438.0582
12689,2029-05-12,1742,Clothing,South,2,137.88,0.25,Cod,10,1.0,206.82,2029-05-12,206.82
12690,2029-05-13,1837,Clothing,West,3,473.59,0.01,Wallet,6,3.7,1406.56,2029-05-13,1406.5623
12691,2029-05-14,1144,Beauty,West,5,416.24,0.05,Cod,2,3.2,1977.14,2029-05-14,1977.1399999999996
12692,2029-05-15,1890,Electronics,South,4,413.37,0.29,Cod,1,3.0,1173.97,2029-05-15,1173.9708
12693,2029-05-16,1856,Home,East,3,338.29,0.23,Cod,9,4.3,781.45,2029-05-16,781.4499000000001
12694,2029-05-17,1027,Clothing,North,1,344.69,0.13,Card,7,2.0,299.88,2029-05-17,299.8803
12695,2029-05-18,1065,Electronics,North,5,445.38,0.18,Card,8,4.4,1826.06,2029-05-18,1826.0580000000002
12696,2029-05-19,1162,Beauty,North,3,172.95,0.32,Cod,6,4.5,352.82,2029-05-19,352.8179999999999
12697,2029-05-20,1228,Clothing,West,6,221.37,0.22,Card,9,4.3,1036.01,2029-05-20,1036.0116
12698,2029-05-21,1260,Electronics,West,7,524.91,0.14,Card,8,2.4,3159.96,2029-05-21,3159.9582
12699,2029-05-22,1448,Clothing,North,3,195.69,0.04,Cod,4,1.7,563.59,2029-05-22,563.5871999999999
12700,2029-05-23,1423,Beauty,North,6,334.59,0.1,Card,5,2.9,1806.79,2029-05-23,1806.786
12701,2029-05-24,1459,Electronics,East,5,426.04,0.34,Card,2,2.0,1405.93,2029-05-24,1405.932
12702,2029-05-25,1951,Electronics,West,3,599.96,0.15,Cod,1,1.2,1529.9,2029-05-25,1529.8980000000001
12703,2029-05-26,1675,Electronics,West,6,269.65,0.17,Cod,6,2.1,1342.86,2029-05-26,1342.8569999999997
12704,2029-05-27,1300,Electronics,North,4,265.43,0.17,Wallet,3,2.9,881.23,2029-05-27,881.2275999999999
12705,2029-05-28,1918,Home,East,2,507.91,0.31,Cod,11,1.5,700.92,2029-05-28,700.9158
12706,2029-05-29,1302,Clothing,East,5,486.22,0.21,Cod,4,4.8,1920.57,2029-05-29,1920.5690000000004
12707,2029-05-30,1286,Electronics,North,6,442.68,0.24,Card,1,3.6,2018.62,2029-05-30,2018.6208
12708,2029-05-31,1394,Electronics,North,1,285.99,0.14,Card,6,1.5,245.95,2029-05-31,245.9514
12709,2029-06-01,1009,Electronics,West,3,204.5,0.01,Card,8,4.2,607.36,2029-06-01,607.365
12710,2029-06-02,1706,Beauty,North,6,371.11,0.33,Cod,10,4.7,1491.86,2029-06-02,1491.8621999999998
12711,2029-06-03,1629,Electronics,South,7,527.59,0.33,Cod,4,2.1,2474.4,2029-06-03,2474.3970999999997
12712,2029-06-04,1269,Beauty,East,6,532.01,0.33,Cod,10,1.6,2138.68,2029-06-04,2138.6802
12713,2029-06-05,1591,Clothing,North,6,78.47,0.33,Cod,8,2.3,315.45,2029-06-05,315.44939999999997
12714,2029-06-06,1969,Electronics,South,7,265.58,0.29,Card,11,4.3,1319.93,2029-06-06,1319.9325999999999
12715,2029-06-07,1604,Beauty,East,2,286.86,0.24,Cod,10,1.7,436.03,2029-06-07,436.02720000000005
12716,2029-06-08,1777,Clothing,South,7,586.9,0.3,Card,3,4.1,2875.81,2029-06-08,2875.81
12717,2029-06-09,1843,Home,South,7,411.63,0.21,Card,11,3.9,2276.31,2029-06-09,2276.3139
12718,2029-06-10,1861,Beauty,North,1,253.24,0.05,Cod,7,3.6,240.58,2029-06-10,240.578
12719,2029-06-11,1360,Electronics,East,7,30.24,0.14,Wallet,3,2.7,182.04,2029-06-11,182.04479999999998
12720,2029-06-12,1256,Electronics,South,1,345.75,0.34,Wallet,6,2.5,228.19,2029-06-12,228.19499999999996
12721,2029-06-13,1132,Home,West,4,71.2,0.12,Wallet,4,1.3,250.62,2029-06-13,250.62400000000002
12722,2029-06-14,1275,Electronics,East,7,503.15,0.3,Card,6,2.4,2465.43,2029-06-14,2465.4349999999995
12723,2029-06-15,1775,Electronics,West,2,455.22,0.03,Card,7,3.4,883.13,2029-06-15,883.1268
12724,2029-06-16,1682,Electronics,North,7,284.4,0.12,Card,8,4.6,1751.9,2029-06-16,1751.9039999999998
12725,2029-06-17,1971,Electronics,West,6,266.09,0.12,Card,6,4.3,1404.96,2029-06-17,1404.9551999999999
12726,2029-06-18,1512,Home,East,5,539.94,0.02,Card,4,1.1,2645.71,2029-06-18,2645.706
12727,2029-06-19,1312,Electronics,South,2,183.75,0.04,Cod,9,1.6,352.8,2029-06-19,352.8
12728,2029-06-20,1575,Clothing,South,7,160.68,0.07,Cod,7,4.4,1046.03,2029-06-20,1046.0267999999999
12729,2029-06-21,1885,Clothing,East,2,564.43,0.29,Wallet,9,4.8,801.49,2029-06-21,801.4905999999999
12730,2029-06-22,1979,Clothing,South,1,488.41,0.02,Wallet,3,1.2,478.64,2029-06-22,478.6418
12731,2029-06-23,1283,Electronics,West,4,495.07,0.1,Card,5,3.8,1782.25,2029-06-23,1782.252
12732,2029-06-24,1120,Home,South,4,129.19,0.0,Wallet,1,2.5,516.76,2029-06-24,516.76
12733,2029-06-25,1106,Electronics,South,2,98.83,0.24,Cod,11,2.5,150.22,2029-06-25,150.2216
12734,2029-06-26,1932,Home,West,2,30.23,0.22,Cod,8,3.6,47.16,2029-06-26,47.1588
12735,2029-06-27,1686,Beauty,West,7,153.67,0.23,Cod,1,4.2,828.28,2029-06-27,828.2812999999999
12736,2029-06-28,1996,Clothing,West,3,467.9,0.13,Card,1,2.1,1221.22,2029-06-28,1221.2189999999998
12737,2029-06-29,1203,Clothing,North,6,155.42,0.07,Wallet,7,3.8,867.24,2029-06-29,867.2435999999999
12738,2029-06-30,1164,Clothing,West,1,441.53,0.25,Cod,11,3.5,331.15,2029-06-30,331.1475
12739,2029-07-01,1304,Clothing,West,6,162.37,0.28,Wallet,8,3.1,701.44,2029-07-01,701.4384
12740,2029-07-02,1496,Beauty,North,5,246.25,0.05,Wallet,3,3.4,1169.69,2029-07-02,1169.6875
12741,2029-07-03,1631,Beauty,South,5,590.15,0.17,Cod,2,1.1,2449.12,2029-07-03,2449.1225
12742,2029-07-04,1555,Electronics,West,4,158.21,0.09,Card,7,1.0,575.88,2029-07-04,575.8844
12743,2029-07-05,1823,Clothing,East,1,235.18,0.06,Card,10,3.2,221.07,2029-07-05,221.0692
12744,2029-07-06,1155,Beauty,West,6,191.14,0.26,Card,5,3.1,848.66,2029-07-06,848.6615999999999
12745,2029-07-07,1366,Beauty,West,4,79.13,0.19,Card,1,1.3,256.38,2029-07-07,256.3812
12746,2029-07-08,1718,Clothing,North,5,301.59,0.08,Wallet,2,3.0,1387.31,2029-07-08,1387.3139999999999
12747,2029-07-09,1901,Clothing,East,2,236.53,0.11,Card,3,4.0,421.02,2029-07-09,421.0234
12748,2029-07-10,1619,Electronics,South,1,421.51,0.34,Wallet,6,3.2,278.2,2029-07-10,278.19659999999993
12749,2029-07-11,1250,Beauty,South,1,493.29,0.3,Cod,1,3.1,345.3,2029-07-11,345.303
12750,2029-07-12,1956,Electronics,East,6,333.39,0.31,Card,8,3.9,1380.23,2029-07-12,1380.2345999999998
12751,2029-07-13,1915,Clothing,West,7,33.83,0.16,Cod,2,1.7,198.92,2029-07-13,198.9204
12752,2029-07-14,1881,Electronics,North,3,377.07,0.22,Cod,5,2.8,882.34,2029-07-14,882.3438000000001
12753,2029-07-15,1333,Electronics,East,6,47.4,0.13,Cod,8,1.6,247.43,2029-07-15,247.42799999999997
12754,2029-07-16,1641,Clothing,East,2,375.57,0.03,Cod,5,3.1,728.61,2029-07-16,728.6057999999999
12755,2029-07-17,1968,Beauty,South,7,415.74,0.14,Card,8,3.4,2502.75,2029-07-17,2502.7548
12756,2029-07-18,1510,Electronics,North,7,130.69,0.21,Cod,6,1.5,722.72,2029-07-18,722.7157
12757,2029-07-19,1292,Clothing,East,7,494.32,0.1,Cod,7,1.3,3114.22,2029-07-19,3114.216
12758,2029-07-20,1019,Electronics,North,2,547.98,0.3,Cod,8,1.7,767.17,2029-07-20,767.172
12759,2029-07-21,1281,Electronics,West,4,490.66,0.05,Wallet,3,3.3,1864.51,2029-07-21,1864.508
12760,2029-07-22,1796,Clothing,South,1,193.49,0.13,Card,5,1.8,168.34,2029-07-22,168.3363
12761,2029-07-23,1000,Clothing,West,4,358.19,0.04,Card,10,2.1,1375.45,2029-07-23,1375.4496
12762,2029-07-24,1118,Electronics,North,2,550.17,0.14,Cod,7,3.8,946.29,2029-07-24,946.2923999999999
12763,2029-07-25,1034,Electronics,West,3,202.59,0.01,Wallet,9,2.0,601.69,2029-07-25,601.6922999999999
12764,2029-07-26,1197,Electronics,South,1,494.72,0.1,Card,6,2.6,445.25,2029-07-26,445.24800000000005
12765,2029-07-27,1484,Electronics,North,2,20.54,0.14,Card,10,4.7,35.33,2029-07-27,35.3288
12766,2029-07-28,1756,Beauty,East,3,17.13,0.17,Card,1,4.3,42.65,2029-07-28,42.6537
12767,2029-07-29,1058,Beauty,West,6,459.43,0.19,Card,11,2.0,2232.83,2029-07-29,2232.8298
12768,2029-07-30,1836,Electronics,South,5,460.45,0.1,Card,8,3.4,2072.02,2029-07-30,2072.025
12769,2029-07-31,1160,Clothing,East,7,476.55,0.18,Card,6,3.7,2735.4,2029-07-31,2735.397
12770,2029-08-01,1690,Beauty,South,2,559.07,0.18,Cod,1,4.6,916.87,2029-08-01,916.8748000000002
12771,2029-08-02,1205,Electronics,North,5,83.98,0.11,Card,4,3.2,373.71,2029-08-02,373.711
12772,2029-08-03,1011,Home,North,4,150.71,0.29,Card,6,3.2,428.02,2029-08-03,428.0164
12773,2029-08-04,1489,Beauty,West,5,543.68,0.19,Card,10,4.6,2201.9,2029-08-04,2201.904
12774,2029-08-05,1275,Electronics,South,2,118.68,0.12,Wallet,1,1.2,208.88,2029-08-05,208.8768
12775,2029-08-06,1692,Electronics,South,5,414.1,0.33,Cod,10,3.5,1387.24,2029-08-06,1387.235
12776,2029-08-07,1241,Beauty,South,7,325.32,0.3,Wallet,5,2.7,1594.07,2029-08-07,1594.0679999999998
12777,2029-08-08,1215,Clothing,North,1,63.67,0.34,Cod,3,4.6,42.02,2029-08-08,42.0222
12778,2029-08-09,1250,Electronics,West,2,181.88,0.24,Card,7,4.8,276.46,2029-08-09,276.4576
12779,2029-08-10,1810,Electronics,South,3,319.42,0.13,Card,8,1.7,833.69,2029-08-10,833.6862
12780,2029-08-11,1125,Clothing,South,5,513.62,0.1,Cod,3,2.1,2311.29,2029-08-11,2311.29
12781,2029-08-12,1993,Home,East,1,428.91,0.23,Cod,10,2.1,330.26,2029-08-12,330.26070000000004
12782,2029-08-13,1216,Home,South,7,378.8,0.34,Cod,3,1.4,1750.06,2029-08-13,1750.0559999999998
12783,2029-08-14,1305,Beauty,West,4,305.18,0.22,Cod,11,2.9,952.16,2029-08-14,952.1616
12784,2029-08-15,1796,Electronics,East,4,189.73,0.31,Cod,3,3.1,523.65,2029-08-15,523.6547999999999
12785,2029-08-16,1184,Clothing,East,7,84.76,0.12,Card,11,3.3,522.12,2029-08-16,522.1216000000001
12786,2029-08-17,1038,Clothing,East,5,254.31,0.14,Wallet,6,3.7,1093.53,2029-08-17,1093.533
12787,2029-08-18,1222,Clothing,North,4,31.68,0.32,Cod,6,1.3,86.17,2029-08-18,86.16959999999999
12788,2029-08-19,1183,Electronics,East,3,138.47,0.26,Card,3,3.5,307.4,2029-08-19,307.4034
12789,2029-08-20,1494,Beauty,South,2,268.0,0.34,Cod,6,4.7,353.76,2029-08-20,353.75999999999993
12790,2029-08-21,1426,Beauty,North,1,259.88,0.27,Cod,9,2.8,189.71,2029-08-21,189.7124
12791,2029-08-22,1177,Clothing,North,6,40.91,0.16,Card,11,1.4,206.19,2029-08-22,206.18639999999996
12792,2029-08-23,1918,Clothing,North,5,359.6,0.19,Card,8,1.3,1456.38,2029-08-23,1456.38
12793,2029-08-24,1427,Electronics,North,4,336.57,0.32,Card,11,2.1,915.47,2029-08-24,915.4703999999999
12794,2029-08-25,1293,Clothing,North,2,60.69,0.19,Card,7,4.0,98.32,2029-08-25,98.3178
12795,2029-08-26,1851,Home,North,6,566.75,0.09,Card,7,2.0,3094.46,2029-08-26,3094.455
12796,2029-08-27,1150,Clothing,North,3,73.14,0.15,Card,8,4.3,186.51,2029-08-27,186.507
12797,2029-08-28,1383,Beauty,East,4,515.08,0.18,Card,7,4.3,1689.46,2029-08-28,1689.4624000000003
12798,2029-08-29,1637,Clothing,West,4,15.18,0.03,Card,3,2.8,58.9,2029-08-29,58.898399999999995
12799,2029-08-30,1812,Clothing,South,1,531.13,0.26,Wallet,8,2.2,393.04,2029-08-30,393.0362
12800,2029-08-31,1307,Home,South,3,26.54,0.04,Card,8,3.4,76.44,2029-08-31,76.4352
12801,2029-09-01,1335,Electronics,East,3,458.32,0.14,Card,1,4.2,1182.47,2029-09-01,1182.4656
12802,2029-09-02,1945,Clothing,East,5,226.59,0.28,Card,10,1.3,815.72,2029-09-02,815.724
12803,2029-09-03,1745,Electronics,North,6,446.86,0.16,Cod,5,4.8,2252.17,2029-09-03,2252.1744
12804,2029-09-04,1891,Clothing,West,1,250.02,0.29,Card,5,3.6,177.51,2029-09-04,177.5142
12805,2029-09-05,1374,Home,North,5,56.48,0.12,Card,1,2.6,248.51,2029-09-05,248.51199999999997
12806,2029-09-06,1007,Clothing,East,1,463.99,0.34,Card,6,3.0,306.23,2029-09-06,306.23339999999996
12807,2029-09-07,1340,Home,North,3,56.68,0.07,Wallet,6,2.5,158.14,2029-09-07,158.13719999999998
12808,2029-09-08,1128,Clothing,South,1,554.44,0.01,Cod,4,2.7,548.9,2029-09-08,548.8956000000001
12809,2029-09-09,1775,Electronics,South,1,44.82,0.31,Card,6,3.4,30.93,2029-09-09,30.9258
12810,2029-09-10,1668,Home,North,1,295.41,0.26,Card,6,1.2,218.6,2029-09-10,218.60340000000002
12811,2029-09-11,1351,Electronics,West,2,437.98,0.08,Card,1,1.7,805.88,2029-09-11,805.8832000000001
12812,2029-09-12,1357,Electronics,North,2,245.05,0.34,Card,5,1.9,323.47,2029-09-12,323.46599999999995
12813,2029-09-13,1516,Clothing,North,6,142.08,0.18,Cod,2,2.6,699.03,2029-09-13,699.0336000000001
12814,2029-09-14,1494,Electronics,West,6,459.07,0.33,Cod,7,2.5,1845.46,2029-09-14,1845.4614
12815,2029-09-15,1085,Electronics,West,7,473.81,0.18,Cod,9,3.9,2719.67,2029-09-15,2719.6694
12816,2029-09-16,1174,Clothing,West,3,554.78,0.17,Card,9,2.0,1381.4,2029-09-16,1381.4021999999998
12817,2029-09-17,1801,Clothing,South,1,235.06,0.16,Cod,11,1.2,197.45,2029-09-17,197.4504
12818,2029-09-18,1192,Clothing,North,3,311.16,0.12,Card,9,1.2,821.46,2029-09-18,821.4624
12819,2029-09-19,1310,Beauty,East,2,227.43,0.19,Card,11,1.0,368.44,2029-09-19,368.43660000000006
12820,2029-09-20,1118,Clothing,West,1,165.39,0.16,Cod,7,1.2,138.93,2029-09-20,138.92759999999998
12821,2029-09-21,1217,Beauty,West,5,454.35,0.01,Card,7,4.4,2249.03,2029-09-21,2249.0325
12822,2029-09-22,1426,Electronics,North,2,213.7,0.09,Cod,1,3.8,388.93,2029-09-22,388.93399999999997
12823,2029-09-23,1969,Clothing,East,2,265.47,0.07,Wallet,11,5.0,493.77,2029-09-23,493.7742
12824,2029-09-24,1413,Beauty,North,2,251.15,0.3,Card,11,1.1,351.61,2029-09-24,351.61
12825,2029-09-25,1113,Clothing,North,7,431.91,0.21,Wallet,6,4.4,2388.46,2029-09-25,2388.4623000000006
12826,2029-09-26,1977,Home,West,1,551.91,0.27,Card,5,3.8,402.89,2029-09-26,402.8943
12827,2029-09-27,1144,Clothing,West,6,405.05,0.33,Card,8,3.6,1628.3,2029-09-27,1628.301
12828,2029-09-28,1537,Electronics,South,4,290.88,0.23,Cod,8,2.4,895.91,2029-09-28,895.9104
12829,2029-09-29,1647,Clothing,East,5,470.83,0.34,Cod,11,2.5,1553.74,2029-09-29,1553.7389999999998
12830,2029-09-30,1302,Clothing,East,5,389.97,0.11,Card,4,4.4,1735.37,2029-09-30,1735.3665
12831,2029-10-01,1743,Beauty,West,3,50.46,0.07,Cod,1,3.9,140.78,2029-10-01,140.7834
12832,2029-10-02,1880,Electronics,West,1,70.96,0.14,Wallet,6,3.7,61.03,2029-10-02,61.0256
12833,2029-10-03,1587,Beauty,West,6,37.18,0.16,Card,10,1.1,187.39,2029-10-03,187.38719999999998
12834,2029-10-04,1986,Beauty,East,2,282.24,0.31,Wallet,1,1.7,389.49,2029-10-04,389.4912
12835,2029-10-05,1839,Electronics,South,4,498.12,0.2,Cod,5,4.9,1593.98,2029-10-05,1593.9840000000002
12836,2029-10-06,1344,Electronics,East,1,198.15,0.1,Wallet,5,2.8,178.34,2029-10-06,178.335
12837,2029-10-07,1813,Beauty,West,1,239.73,0.26,Card,3,4.1,177.4,2029-10-07,177.40019999999998
12838,2029-10-08,1963,Beauty,West,7,547.04,0.18,Cod,5,2.6,3140.01,2029-10-08,3140.0096
12839,2029-10-09,1800,Clothing,South,6,504.59,0.06,Card,6,4.1,2845.89,2029-10-09,2845.8876
12840,2029-10-10,1000,Electronics,North,4,404.05,0.2,Wallet,5,1.5,1292.96,2029-10-10,1292.96
12841,2029-10-11,1146,Clothing,North,2,171.08,0.32,Cod,1,1.2,232.67,2029-10-11,232.6688
12842,2029-10-12,1286,Home,East,1,83.47,0.29,Card,7,2.9,59.26,2029-10-12,59.26369999999999
12843,2029-10-13,1975,Electronics,North,5,24.39,0.21,Card,3,3.4,96.34,2029-10-13,96.3405
12844,2029-10-14,1653,Home,North,5,77.6,0.13,Wallet,7,2.3,337.56,2029-10-14,337.56
12845,2029-10-15,1052,Electronics,East,4,186.17,0.03,Cod,5,3.9,722.34,2029-10-15,722.3395999999999
12846,2029-10-16,1303,Electronics,West,2,337.8,0.16,Card,3,3.0,567.5,2029-10-16,567.504
12847,2029-10-17,1068,Clothing,North,4,52.44,0.26,Card,11,4.7,155.22,2029-10-17,155.2224
12848,2029-10-18,1360,Clothing,West,1,94.69,0.13,Wallet,6,1.3,82.38,2029-10-18,82.38029999999999
12849,2029-10-19,1601,Electronics,East,7,120.93,0.08,Card,1,1.3,778.79,2029-10-19,778.7892
12850,2029-10-20,1957,Clothing,West,7,384.71,0.33,Card,6,4.6,1804.29,2029-10-20,1804.2898999999998
12851,2029-10-21,1219,Electronics,West,5,375.24,0.29,Wallet,4,3.7,1332.1,2029-10-21,1332.1019999999999
12852,2029-10-22,1961,Electronics,East,7,337.2,0.22,Card,4,3.7,1841.11,2029-10-22,1841.112
12853,2029-10-23,1703,Electronics,West,3,161.54,0.05,Card,5,1.1,460.39,2029-10-23,460.389
12854,2029-10-24,1965,Beauty,North,4,232.11,0.05,Card,9,4.8,882.02,2029-10-24,882.018
12855,2029-10-25,1574,Clothing,North,7,71.56,0.04,Wallet,1,4.1,480.88,2029-10-25,480.8832
12856,2029-10-26,1584,Clothing,North,3,147.48,0.22,Card,3,4.1,345.1,2029-10-26,345.10319999999996
12857,2029-10-27,1160,Clothing,North,3,540.16,0.04,Cod,11,4.6,1555.66,2029-10-27,1555.6607999999999
12858,2029-10-28,1680,Beauty,West,6,588.12,0.29,Wallet,4,3.3,2505.39,2029-10-28,2505.3912
12859,2029-10-29,1088,Electronics,North,5,393.88,0.35,Card,2,2.6,1280.11,2029-10-29,1280.1100000000001
12860,2029-10-30,1687,Home,West,4,551.34,0.13,Wallet,9,2.9,1918.66,2029-10-30,1918.6632000000002
12861,2029-10-31,1780,Home,South,3,391.0,0.16,Card,11,4.1,985.32,2029-10-31,985.3199999999999
12862,2029-11-01,1584,Clothing,West,1,34.42,0.25,Cod,7,4.1,25.82,2029-11-01,25.815
12863,2029-11-02,1756,Electronics,North,7,598.11,0.33,Card,1,3.4,2805.14,2029-11-02,2805.1359
12864,2029-11-03,1588,Home,South,6,72.89,0.31,Cod,9,1.9,301.76,2029-11-03,301.7646
12865,2029-11-04,1158,Electronics,East,2,414.35,0.02,Card,6,4.3,812.13,2029-11-04,812.126
12866,2029-11-05,1488,Clothing,West,7,162.91,0.06,Card,2,3.6,1071.95,2029-11-05,1071.9478
12867,2029-11-06,1970,Home,North,7,244.31,0.26,Wallet,1,1.9,1265.53,2029-11-06,1265.5258000000001
12868,2029-11-07,1323,Electronics,North,7,392.87,0.24,Card,6,2.9,2090.07,2029-11-07,2090.0684
12869,2029-11-08,1609,Home,North,6,270.35,0.05,Wallet,7,5.0,1541.0,2029-11-08,1540.9950000000001
12870,2029-11-09,1380,Electronics,East,2,161.57,0.18,Card,10,2.3,264.97,2029-11-09,264.9748
12871,2029-11-10,1101,Home,South,5,210.65,0.27,Card,6,1.5,768.87,2029-11-10,768.8725
12872,2029-11-11,1493,Clothing,South,4,214.81,0.08,Wallet,7,1.1,790.5,2029-11-11,790.5008
12873,2029-11-12,1643,Electronics,North,4,576.2,0.3,Card,6,1.7,1613.36,2029-11-12,1613.3600000000001
12874,2029-11-13,1613,Electronics,West,2,482.19,0.02,Wallet,8,1.7,945.09,2029-11-13,945.0924
12875,2029-11-14,1018,Beauty,North,7,283.25,0.27,Cod,2,4.4,1447.41,2029-11-14,1447.4075
12876,2029-11-15,1453,Electronics,North,1,131.9,0.22,Card,9,1.6,102.88,2029-11-15,102.882
12877,2029-11-16,1481,Electronics,West,2,489.44,0.11,Cod,9,4.5,871.2,2029-11-16,871.2032
12878,2029-11-17,1593,Electronics,North,2,106.95,0.25,Card,11,1.3,160.43,2029-11-17,160.425
12879,2029-11-18,1396,Clothing,East,4,138.12,0.27,Card,9,4.6,403.31,2029-11-18,403.3104
12880,2029-11-19,1278,Clothing,North,3,229.12,0.33,Cod,7,2.0,460.53,2029-11-19,460.53119999999996
12881,2029-11-20,1850,Electronics,East,1,530.0,0.13,Card,9,3.4,461.1,2029-11-20,461.1
12882,2029-11-21,1364,Electronics,North,4,92.1,0.24,Card,1,1.6,279.98,2029-11-21,279.984
12883,2029-11-22,1330,Electronics,South,6,86.51,0.21,Wallet,3,2.6,410.06,2029-11-22,410.0574000000001
12884,2029-11-23,1640,Electronics,West,2,303.98,0.18,Wallet,2,1.3,498.53,2029-11-23,498.52720000000005
12885,2029-11-24,1343,Clothing,South,3,176.7,0.31,Cod,11,3.3,365.77,2029-11-24,365.7689999999999
12886,2029-11-25,1821,Home,North,1,347.71,0.0,Cod,1,2.4,347.71,2029-11-25,347.71
12887,2029-11-26,1454,Electronics,North,5,279.21,0.1,Cod,5,4.4,1256.44,2029-11-26,1256.445
12888,2029-11-27,1600,Clothing,East,1,269.45,0.19,Cod,1,1.7,218.25,2029-11-27,218.2545
12889,2029-11-28,1724,Clothing,North,1,80.5,0.06,Card,3,2.1,75.67,2029-11-28,75.67
12890,2029-11-29,1654,Beauty,North,7,97.51,0.32,Wallet,6,1.7,464.15,2029-11-29,464.1476
12891,2029-11-30,1064,Beauty,North,2,495.33,0.23,Card,6,3.3,762.81,2029-11-30,762.8081999999999
12892,2029-12-01,1075,Home,South,2,533.24,0.17,Cod,3,1.4,885.18,2029-12-01,885.1784
12893,2029-12-02,1710,Electronics,East,5,152.29,0.29,Wallet,4,1.8,540.63,2029-12-02,540.6294999999999
12894,2029-12-03,1142,Electronics,South,5,81.37,0.16,Cod,7,3.7,341.75,2029-12-03,341.754
12895,2029-12-04,1916,Electronics,East,5,46.25,0.2,Wallet,6,1.3,185.0,2029-12-04,185.0
12896,2029-12-05,1914,Electronics,South,4,370.85,0.0,Card,11,4.0,1483.4,2029-12-05,1483.4
12897,2029-12-06,1827,Clothing,North,4,433.48,0.13,Card,2,1.4,1508.51,2029-12-06,1508.5104000000001
12898,2029-12-07,1604,Home,South,2,233.09,0.05,Wallet,9,3.3,442.87,2029-12-07,442.871
12899,2029-12-08,1472,Beauty,South,2,412.61,0.24,Card,6,5.0,627.17,2029-12-08,627.1672
12900,2029-12-09,1416,Home,East,5,432.08,0.17,Cod,2,1.7,1793.13,2029-12-09,1793.132
12901,2029-12-10,1304,Clothing,East,4,562.18,0.11,Card,7,2.0,2001.36,2029-12-10,2001.3608
12902,2029-12-11,1735,Home,South,3,52.95,0.16,Cod,11,4.6,133.43,2029-12-11,133.43400000000003
12903,2029-12-12,1496,Electronics,East,4,127.49,0.07,Cod,11,3.5,474.26,2029-12-12,474.26279999999997
12904,2029-12-13,1290,Electronics,East,2,55.09,0.32,Card,10,3.0,74.92,2029-12-13,74.9224
12905,2029-12-14,1939,Home,East,4,522.78,0.02,Cod,10,3.3,2049.3,2029-12-14,2049.2976
12906,2029-12-15,1101,Electronics,West,2,478.66,0.3,Cod,4,2.2,670.12,2029-12-15,670.124
12907,2029-12-16,1985,Clothing,East,5,351.17,0.18,Card,1,4.4,1439.8,2029-12-16,1439.7970000000003
12908,2029-12-17,1266,Electronics,West,7,63.94,0.22,Cod,10,4.0,349.11,2029-12-17,349.1124
12909,2029-12-18,1866,Home,West,5,174.89,0.11,Cod,9,3.6,778.26,2029-12-18,778.2605
12910,2029-12-19,1967,Home,East,5,189.17,0.34,Card,11,4.7,624.26,2029-12-19,624.2609999999999
12911,2029-12-20,1621,Electronics,South,3,343.03,0.1,Cod,10,3.3,926.18,2029-12-20,926.1809999999999
12912,2029-12-21,1973,Home,East,7,165.96,0.21,Card,8,3.0,917.76,2029-12-21,917.7588000000001
12913,2029-12-22,1841,Electronics,North,3,57.68,0.35,Card,5,4.9,112.48,2029-12-22,112.476
12914,2029-12-23,1961,Clothing,South,2,442.5,0.31,Cod,3,1.8,610.65,2029-12-23,610.65
12915,2029-12-24,1941,Home,West,1,189.96,0.19,Cod,4,1.6,153.87,2029-12-24,153.8676
12916,2029-12-25,1776,Home,West,6,279.64,0.35,Wallet,3,1.6,1090.6,2029-12-25,1090.596
12917,2029-12-26,1002,Beauty,South,3,89.68,0.25,Card,10,5.0,201.78,2029-12-26,201.78000000000003
12918,2029-12-27,1084,Electronics,South,2,484.49,0.07,Card,8,3.6,901.15,2029-12-27,901.1514
12919,2029-12-28,1793,Home,East,7,345.84,0.14,Card,5,2.2,2081.96,2029-12-28,2081.9567999999995
12920,2029-12-29,1327,Clothing,West,4,542.43,0.12,Cod,11,2.0,1909.35,2029-12-29,1909.3536
12921,2029-12-30,1815,Beauty,North,7,304.85,0.12,Card,8,1.2,1877.88,2029-12-30,1877.8760000000002
12922,2029-12-31,1449,Electronics,East,5,565.73,0.27,Cod,1,1.5,2064.91,2029-12-31,2064.9145
12923,2030-01-01,1453,Home,South,5,536.74,0.2,Card,9,4.6,2146.96,2030-01-01,2146.96
12924,2030-01-02,1923,Clothing,West,5,352.23,0.01,Wallet,11,4.0,1743.54,2030-01-02,1743.5385
12925,2030-01-03,1628,Electronics,South,2,561.33,0.31,Cod,10,4.8,774.64,2030-01-03,774.6354
12926,2030-01-04,1220,Clothing,South,5,204.01,0.1,Wallet,3,2.7,918.04,2030-01-04,918.045
12927,2030-01-05,1153,Electronics,South,3,228.9,0.35,Card,1,3.4,446.36,2030-01-05,446.355
12928,2030-01-06,1664,Clothing,East,4,41.6,0.33,Cod,3,2.9,111.49,2030-01-06,111.48799999999999
12929,2030-01-07,1011,Beauty,North,5,359.68,0.33,Cod,2,4.5,1204.93,2030-01-07,1204.9279999999999
12930,2030-01-08,1132,Clothing,North,2,437.33,0.28,Cod,7,5.0,629.76,2030-01-08,629.7552
12931,2030-01-09,1993,Clothing,West,4,467.51,0.08,Card,10,4.7,1720.44,2030-01-09,1720.4368
12932,2030-01-10,1303,Clothing,South,5,102.64,0.19,Wallet,4,3.4,415.69,2030-01-10,415.69200000000006
12933,2030-01-11,1292,Electronics,North,1,274.83,0.08,Card,7,1.2,252.84,2030-01-11,252.8436
12934,2030-01-12,1974,Electronics,South,5,118.46,0.09,Card,3,3.5,538.99,2030-01-12,538.9929999999999
12935,2030-01-13,1299,Clothing,West,6,402.34,0.21,Cod,6,1.4,1907.09,2030-01-13,1907.0916
12936,2030-01-14,1739,Electronics,South,7,107.4,0.01,Cod,7,1.6,744.28,2030-01-14,744.282
12937,2030-01-15,1782,Electronics,North,3,543.94,0.34,Cod,7,1.8,1077.0,2030-01-15,1077.0012
12938,2030-01-16,1042,Clothing,South,4,149.92,0.32,Card,5,2.5,407.78,2030-01-16,407.78239999999994
12939,2030-01-17,1943,Electronics,North,3,185.47,0.13,Card,6,3.4,484.08,2030-01-17,484.07669999999996
12940,2030-01-18,1342,Electronics,West,1,512.78,0.18,Cod,3,2.3,420.48,2030-01-18,420.4796
12941,2030-01-19,1325,Clothing,South,1,283.2,0.16,Card,4,2.8,237.89,2030-01-19,237.88799999999998
12942,2030-01-20,1813,Electronics,North,6,29.04,0.31,Wallet,11,1.2,120.23,2030-01-20,120.2256
12943,2030-01-21,1497,Beauty,West,3,304.33,0.24,Wallet,6,3.5,693.87,2030-01-21,693.8724
12944,2030-01-22,1363,Beauty,South,4,64.46,0.1,Cod,3,3.6,232.06,2030-01-22,232.05599999999998
12945,2030-01-23,1890,Home,West,1,591.43,0.16,Card,7,1.4,496.8,2030-01-23,496.80119999999994
12946,2030-01-24,1426,Electronics,North,1,359.05,0.15,Wallet,3,4.1,305.19,2030-01-24,305.1925
12947,2030-01-25,1020,Home,South,5,165.07,0.34,Card,9,3.6,544.73,2030-01-25,544.7309999999999
12948,2030-01-26,1406,Home,South,6,344.77,0.06,Card,4,3.0,1944.5,2030-01-26,1944.5027999999998
12949,2030-01-27,1618,Home,South,7,59.97,0.03,Card,2,3.2,407.2,2030-01-27,407.19629999999995
12950,2030-01-28,1335,Electronics,West,2,482.94,0.31,Card,6,3.0,666.46,2030-01-28,666.4572
12951,2030-01-29,1814,Clothing,West,7,556.32,0.31,Wallet,9,1.2,2687.03,2030-01-29,2687.0256
12952,2030-01-30,1116,Home,North,7,526.55,0.31,Cod,10,3.9,2543.24,2030-01-30,2543.2364999999995
12953,2030-01-31,1123,Clothing,East,1,214.93,0.18,Wallet,10,3.0,176.24,2030-01-31,176.2426
12954,2030-02-01,1398,Clothing,South,4,205.57,0.23,Card,2,1.7,633.16,2030-02-01,633.1556
12955,2030-02-02,1792,Clothing,South,4,35.53,0.2,Cod,4,3.7,113.7,2030-02-02,113.69600000000001
12956,2030-02-03,1803,Clothing,North,5,396.07,0.02,Wallet,5,3.8,1940.74,2030-02-03,1940.743
12957,2030-02-04,1714,Electronics,South,4,327.92,0.21,Wallet,9,1.9,1036.23,2030-02-04,1036.2272
12958,2030-02-05,1050,Clothing,West,5,283.72,0.0,Cod,7,4.2,1418.6,2030-02-05,1418.6000000000001
12959,2030-02-06,1782,Electronics,West,1,545.96,0.11,Card,5,2.8,485.9,2030-02-06,485.90440000000007
12960,2030-02-07,1323,Clothing,South,1,113.21,0.33,Cod,6,1.7,75.85,2030-02-07,75.85069999999999
12961,2030-02-08,1788,Electronics,South,7,20.65,0.11,Card,9,3.6,128.65,2030-02-08,128.6495
12962,2030-02-09,1140,Clothing,West,1,57.89,0.33,Cod,4,3.4,38.79,2030-02-09,38.7863
12963,2030-02-10,1469,Electronics,South,1,145.67,0.09,Cod,2,1.7,132.56,2030-02-10,132.5597
12964,2030-02-11,1786,Home,West,2,34.47,0.11,Cod,5,4.5,61.36,2030-02-11,61.3566
12965,2030-02-12,1801,Home,East,6,309.16,0.22,Cod,7,4.4,1446.87,2030-02-12,1446.8688
12966,2030-02-13,1333,Electronics,East,7,198.74,0.27,Cod,4,4.3,1015.56,2030-02-13,1015.5614
12967,2030-02-14,1892,Electronics,South,7,120.58,0.18,Card,1,2.6,692.13,2030-02-14,692.1292
12968,2030-02-15,1963,Electronics,South,6,453.8,0.31,Cod,8,4.3,1878.73,2030-02-15,1878.732
12969,2030-02-16,1372,Beauty,South,2,134.6,0.01,Cod,5,4.4,266.51,2030-02-16,266.508
12970,2030-02-17,1563,Clothing,West,1,417.25,0.32,Card,10,5.0,283.73,2030-02-17,283.72999999999996
12971,2030-02-18,1493,Clothing,East,4,219.32,0.07,Card,2,4.8,815.87,2030-02-18,815.8703999999999
12972,2030-02-19,1538,Electronics,East,5,314.42,0.31,Card,3,2.5,1084.75,2030-02-19,1084.749
12973,2030-02-20,1668,Clothing,North,7,561.31,0.14,Card,10,1.8,3379.09,2030-02-20,3379.0861999999997
12974,2030-02-21,1750,Beauty,North,6,36.85,0.29,Wallet,10,2.2,156.98,2030-02-21,156.981
12975,2030-02-22,1155,Home,South,3,307.65,0.24,Card,5,3.0,701.44,2030-02-22,701.442
12976,2030-02-23,1290,Clothing,West,5,514.84,0.06,Cod,11,4.2,2419.75,2030-02-23,2419.748
12977,2030-02-24,1647,Electronics,South,3,358.96,0.32,Cod,4,3.9,732.28,2030-02-24,732.2783999999998
12978,2030-02-25,1143,Electronics,East,3,176.97,0.09,Card,9,4.2,483.13,2030-02-25,483.12809999999996
12979,2030-02-26,1105,Electronics,South,7,247.64,0.09,Wallet,9,2.5,1577.47,2030-02-26,1577.4668000000001
12980,2030-02-27,1419,Electronics,South,1,412.96,0.28,Card,8,2.0,297.33,2030-02-27,297.33119999999997
12981,2030-02-28,1669,Electronics,East,3,536.12,0.04,Wallet,2,1.1,1544.03,2030-02-28,1544.0256000000002
12982,2030-03-01,1657,Electronics,East,1,39.02,0.08,Card,5,3.5,35.9,2030-03-01,35.8984
12983,2030-03-02,1001,Clothing,East,2,56.85,0.18,Card,8,4.2,93.23,2030-03-02,93.23400000000001
12984,2030-03-03,1944,Beauty,East,4,205.16,0.29,Card,8,4.6,582.65,2030-03-03,582.6544
12985,2030-03-04,1588,Clothing,North,3,151.18,0.05,Card,7,2.9,430.86,2030-03-04,430.863
12986,2030-03-05,1643,Home,West,7,169.98,0.19,Wallet,4,4.7,963.79,2030-03-05,963.7866
12987,2030-03-06,1089,Home,West,4,144.44,0.25,Card,3,1.8,433.32,2030-03-06,433.32
12988,2030-03-07,1344,Electronics,East,1,129.56,0.3,Cod,8,3.1,90.69,2030-03-07,90.692
12989,2030-03-08,1349,Home,West,3,91.42,0.33,Card,8,1.9,183.75,2030-03-08,183.75419999999997
12990,2030-03-09,1458,Electronics,West,5,561.36,0.27,Wallet,10,1.8,2048.96,2030-03-09,2048.964
12991,2030-03-10,1262,Clothing,West,7,99.35,0.23,Cod,5,4.8,535.5,2030-03-10,535.4965
12992,2030-03-11,1350,Electronics,West,2,134.58,0.15,Cod,3,4.3,228.79,2030-03-11,228.786
12993,2030-03-12,1107,Beauty,East,6,159.07,0.04,Card,5,1.0,916.24,2030-03-12,916.2431999999999
12994,2030-03-13,1585,Electronics,South,2,560.81,0.25,Cod,4,2.1,841.21,2030-03-13,841.2149999999999
12995,2030-03-14,1038,Electronics,South,3,457.09,0.35,Card,8,1.8,891.33,2030-03-14,891.3255
12996,2030-03-15,1908,Beauty,South,7,476.97,0.26,Card,2,1.6,2470.7,2030-03-15,2470.7046
12997,2030-03-16,1158,Electronics,North,2,76.28,0.01,Cod,11,3.8,151.03,2030-03-16,151.0344
12998,2030-03-17,1582,Home,West,6,504.24,0.17,Wallet,8,3.3,2511.12,2030-03-17,2511.1151999999997
12999,2030-03-18,1958,Home,East,5,253.79,0.22,Wallet,10,2.8,989.78,2030-03-18,989.7810000000001
13000,2030-03-19,1311,Home,East,4,168.75,0.24,Cod,6,1.8,513.0,2030-03-19,513.0
13001,2030-03-20,1240,Beauty,North,5,351.81,0.25,Cod,4,2.1,1319.29,2030-03-20,1319.2875
13002,2030-03-21,1937,Beauty,East,2,495.98,0.2,Wallet,11,2.4,793.57,2030-03-21,793.5680000000001
13003,2030-03-22,1444,Electronics,South,6,470.51,0.08,Cod,3,4.1,2597.22,2030-03-22,2597.2152
13004,2030-03-23,1297,Home,North,4,535.65,0.33,Card,10,5.0,1435.54,2030-03-23,1435.5419999999997
13005,2030-03-24,1951,Clothing,East,7,557.96,0.24,Wallet,5,1.7,2968.35,2030-03-24,2968.3472
13006,2030-03-25,1035,Clothing,North,6,154.3,0.08,Card,6,2.4,851.74,2030-03-25,851.7360000000001
13007,2030-03-26,1083,Electronics,North,5,262.96,0.11,Card,1,2.1,1170.17,2030-03-26,1170.172
13008,2030-03-27,1451,Home,East,1,23.56,0.32,Cod,1,1.2,16.02,2030-03-27,16.020799999999998
13009,2030-03-28,1885,Beauty,South,1,529.4,0.31,Card,11,1.9,365.29,2030-03-28,365.28599999999994
13010,2030-03-29,1774,Beauty,East,4,105.42,0.14,Card,10,4.6,362.64,2030-03-29,362.6448
13011,2030-03-30,1821,Clothing,West,4,518.96,0.01,Card,3,4.4,2055.08,2030-03-30,2055.0816
13012,2030-03-31,1384,Electronics,West,4,207.69,0.02,Cod,2,1.7,814.14,2030-03-31,814.1448
13013,2030-04-01,1171,Clothing,East,1,230.36,0.1,Wallet,1,2.5,207.32,2030-04-01,207.324
13014,2030-04-02,1375,Home,South,5,37.89,0.22,Card,11,2.2,147.77,2030-04-02,147.771
13015,2030-04-03,1684,Home,West,4,206.22,0.2,Card,8,1.6,659.9,2030-04-03,659.904
13016,2030-04-04,1361,Clothing,West,1,534.69,0.22,Card,1,3.5,417.06,2030-04-04,417.05820000000006
13017,2030-04-05,1558,Electronics,East,4,29.95,0.25,Cod,10,3.2,89.85,2030-04-05,89.85
13018,2030-04-06,1890,Clothing,East,4,252.7,0.01,Cod,8,2.7,1000.69,2030-04-06,1000.6919999999999
13019,2030-04-07,1140,Clothing,East,6,33.37,0.04,Cod,5,4.4,192.21,2030-04-07,192.21119999999996
13020,2030-04-08,1886,Beauty,North,4,231.99,0.13,Card,4,3.5,807.33,2030-04-08,807.3252
13021,2030-04-09,1917,Clothing,North,1,115.99,0.05,Cod,8,2.0,110.19,2030-04-09,110.19049999999999
13022,2030-04-10,1117,Electronics,North,5,162.55,0.03,Cod,8,2.5,788.37,2030-04-10,788.3675
13023,2030-04-11,1276,Clothing,East,1,528.4,0.22,Card,11,1.6,412.15,2030-04-11,412.152
13024,2030-04-12,1725,Electronics,South,1,270.09,0.29,Card,8,3.4,191.76,2030-04-12,191.76389999999998
13025,2030-04-13,1219,Beauty,West,4,175.17,0.26,Card,3,3.3,518.5,2030-04-13,518.5032
13026,2030-04-14,1904,Clothing,North,6,359.76,0.29,Wallet,8,4.5,1532.58,2030-04-14,1532.5775999999998
13027,2030-04-15,1025,Clothing,South,3,98.13,0.23,Wallet,1,4.4,226.68,2030-04-15,226.6803
13028,2030-04-16,1520,Clothing,East,7,166.74,0.26,Cod,4,4.3,863.71,2030-04-16,863.7132
13029,2030-04-17,1782,Home,North,3,334.56,0.1,Wallet,5,3.2,903.31,2030-04-17,903.3120000000001
13030,2030-04-18,1009,Home,East,3,153.95,0.35,Cod,6,3.6,300.2,2030-04-18,300.2025
13031,2030-04-19,1983,Home,South,1,412.29,0.06,Wallet,5,4.1,387.55,2030-04-19,387.5526
13032,2030-04-20,1377,Electronics,North,4,302.52,0.08,Card,5,1.4,1113.27,2030-04-20,1113.2736
13033,2030-04-21,1632,Electronics,North,7,466.61,0.1,Cod,5,2.2,2939.64,2030-04-21,2939.643
13034,2030-04-22,1636,Electronics,North,3,569.72,0.34,Cod,9,1.7,1128.05,2030-04-22,1128.0456
13035,2030-04-23,1681,Home,North,2,82.75,0.35,Cod,10,3.0,107.58,2030-04-23,107.575
13036,2030-04-24,1583,Electronics,South,2,210.78,0.28,Card,10,4.4,303.52,2030-04-24,303.5232
13037,2030-04-25,1151,Clothing,North,2,201.94,0.22,Card,3,1.9,315.03,2030-04-25,315.0264
13038,2030-04-26,1719,Beauty,West,5,103.44,0.18,Card,2,3.9,424.1,2030-04-26,424.10400000000004
13039,2030-04-27,1048,Beauty,West,4,489.03,0.34,Card,10,2.6,1291.04,2030-04-27,1291.0391999999997
13040,2030-04-28,1153,Clothing,East,1,459.53,0.24,Card,2,4.6,349.24,2030-04-28,349.2428
13041,2030-04-29,1858,Clothing,North,1,298.39,0.33,Cod,8,3.5,199.92,2030-04-29,199.92129999999997
13042,2030-04-30,1292,Electronics,West,4,329.6,0.11,Wallet,5,4.9,1173.38,2030-04-30,1173.3760000000002
13043,2030-05-01,1579,Home,West,6,49.83,0.12,Cod,5,2.0,263.1,2030-05-01,263.10240000000005
13044,2030-05-02,1049,Home,West,7,339.97,0.3,Wallet,6,4.7,1665.85,2030-05-02,1665.8529999999998
13045,2030-05-03,1663,Electronics,South,6,477.93,0.05,Wallet,9,2.4,2724.2,2030-05-03,2724.201
13046,2030-05-04,1530,Clothing,North,5,350.69,0.33,Card,7,3.5,1174.81,2030-05-04,1174.8114999999998
13047,2030-05-05,1611,Home,South,4,170.2,0.18,Card,5,1.7,558.26,2030-05-05,558.256
13048,2030-05-06,1059,Beauty,South,6,405.52,0.32,Card,5,4.0,1654.52,2030-05-06,1654.5215999999998
13049,2030-05-07,1166,Electronics,West,7,226.47,0.12,Wallet,10,4.9,1395.06,2030-05-07,1395.0552
13050,2030-05-08,1201,Clothing,West,5,333.75,0.25,Card,9,4.1,1251.56,2030-05-08,1251.5625
13051,2030-05-09,1856,Electronics,East,3,300.23,0.17,Cod,9,3.5,747.57,2030-05-09,747.5727
13052,2030-05-10,1145,Electronics,North,3,237.99,0.22,Card,2,2.8,556.9,2030-05-10,556.8966
13053,2030-05-11,1914,Beauty,North,5,435.54,0.18,Wallet,7,2.4,1785.71,2030-05-11,1785.7140000000004
13054,2030-05-12,1675,Home,West,4,532.07,0.34,Card,10,2.7,1404.66,2030-05-12,1404.6648
13055,2030-05-13,1969,Home,West,3,18.05,0.24,Wallet,1,2.3,41.15,2030-05-13,41.154
13056,2030-05-14,1992,Electronics,North,4,561.17,0.09,Card,4,4.3,2042.66,2030-05-14,2042.6588
13057,2030-05-15,1438,Home,East,6,314.24,0.32,Card,2,4.6,1282.1,2030-05-15,1282.0991999999999
13058,2030-05-16,1241,Clothing,West,3,424.93,0.1,Cod,10,4.8,1147.31,2030-05-16,1147.311
13059,2030-05-17,1580,Electronics,East,7,515.54,0.13,Wallet,9,2.7,3139.64,2030-05-17,3139.6385999999998
13060,2030-05-18,1686,Clothing,South,7,288.26,0.04,Cod,6,3.2,1937.11,2030-05-18,1937.1072
13061,2030-05-19,1560,Electronics,West,6,503.46,0.31,Wallet,4,3.3,2084.32,2030-05-19,2084.3243999999995
13062,2030-05-20,1482,Home,South,7,118.91,0.1,Cod,3,3.6,749.13,2030-05-20,749.133
13063,2030-05-21,1107,Clothing,West,4,108.11,0.09,Cod,4,1.0,393.52,2030-05-21,393.5204
13064,2030-05-22,1225,Electronics,South,4,399.62,0.32,Card,2,4.4,1086.97,2030-05-22,1086.9664
13065,2030-05-23,1672,Electronics,West,7,524.03,0.28,Card,5,2.1,2641.11,2030-05-23,2641.1112
13066,2030-05-24,1630,Electronics,East,2,537.07,0.05,Card,9,2.9,1020.43,2030-05-24,1020.433
13067,2030-05-25,1660,Electronics,East,5,391.59,0.27,Wallet,6,4.4,1429.3,2030-05-25,1429.3034999999998
13068,2030-05-26,1976,Clothing,East,1,322.41,0.32,Wallet,2,5.0,219.24,2030-05-26,219.2388
13069,2030-05-27,1661,Home,South,5,208.86,0.03,Cod,6,4.2,1012.97,2030-05-27,1012.9710000000001
13070,2030-05-28,1431,Electronics,East,7,588.3,0.29,Card,9,1.1,2923.85,2030-05-28,2923.8509999999997
13071,2030-05-29,1804,Electronics,South,4,202.02,0.19,Card,4,2.5,654.54,2030-05-29,654.5448000000001
13072,2030-05-30,1654,Clothing,West,4,450.35,0.23,Wallet,1,2.0,1387.08,2030-05-30,1387.0780000000002
13073,2030-05-31,1418,Home,South,5,326.21,0.17,Card,2,4.9,1353.77,2030-05-31,1353.7714999999998
13074,2030-06-01,1987,Electronics,West,4,370.98,0.24,Wallet,5,2.1,1127.78,2030-06-01,1127.7792000000002
13075,2030-06-02,1454,Electronics,North,6,245.19,0.01,Card,10,4.8,1456.43,2030-06-02,1456.4286
13076,2030-06-03,1159,Clothing,North,3,579.42,0.27,Card,7,4.8,1268.93,2030-06-03,1268.9298
13077,2030-06-04,1522,Electronics,North,4,349.43,0.01,Wallet,8,4.4,1383.74,2030-06-04,1383.7428
13078,2030-06-05,1649,Electronics,South,7,563.61,0.16,Card,3,1.4,3314.03,2030-06-05,3314.0267999999996
13079,2030-06-06,1968,Home,North,7,19.44,0.05,Card,9,1.0,129.28,2030-06-06,129.276
13080,2030-06-07,1589,Clothing,North,5,350.01,0.29,Wallet,2,4.2,1242.54,2030-06-07,1242.5355
13081,2030-06-08,1076,Clothing,North,5,434.55,0.11,Cod,4,4.4,1933.75,2030-06-08,1933.7475
13082,2030-06-09,1508,Home,West,5,450.87,0.16,Cod,4,4.8,1893.65,2030-06-09,1893.6539999999998
13083,2030-06-10,1440,Home,East,7,544.41,0.15,Cod,6,1.9,3239.24,2030-06-10,3239.2394999999997
13084,2030-06-11,1253,Electronics,South,2,17.57,0.27,Card,10,3.9,25.65,2030-06-11,25.6522
13085,2030-06-12,1920,Clothing,North,7,15.19,0.17,Card,6,3.1,88.25,2030-06-12,88.25389999999999
13086,2030-06-13,1769,Electronics,West,6,291.27,0.28,Cod,3,2.3,1258.29,2030-06-13,1258.2864
13087,2030-06-14,1319,Electronics,East,7,32.14,0.03,Card,9,3.4,218.23,2030-06-14,218.2306
13088,2030-06-15,1802,Home,East,6,585.1,0.07,Card,11,3.2,3264.86,2030-06-15,3264.858
13089,2030-06-16,1262,Beauty,East,7,144.91,0.19,Cod,5,2.2,821.64,2030-06-16,821.6397000000001
13090,2030-06-17,1596,Beauty,West,7,291.51,0.33,Card,2,2.1,1367.18,2030-06-17,1367.1818999999998
13091,2030-06-18,1657,Clothing,North,2,50.77,0.03,Cod,6,2.9,98.49,2030-06-18,98.49380000000001
13092,2030-06-19,1834,Electronics,East,6,320.4,0.02,Card,3,2.9,1883.95,2030-06-19,1883.9519999999998
13093,2030-06-20,1553,Electronics,West,2,237.27,0.05,Card,8,2.2,450.81,2030-06-20,450.813
13094,2030-06-21,1373,Home,West,6,41.13,0.22,Card,3,2.1,192.49,2030-06-21,192.48840000000004
13095,2030-06-22,1636,Clothing,South,2,211.05,0.14,Wallet,5,4.8,363.01,2030-06-22,363.00600000000003
13096,2030-06-23,1166,Clothing,West,2,243.99,0.29,Card,4,4.4,346.47,2030-06-23,346.4658
13097,2030-06-24,1936,Home,East,6,594.1,0.03,Cod,4,4.3,3457.66,2030-06-24,3457.6620000000003
13098,2030-06-25,1752,Home,East,2,136.61,0.07,Cod,2,1.9,254.09,2030-06-25,254.0946
13099,2030-06-26,1458,Home,West,7,333.7,0.11,Card,8,1.8,2078.95,2030-06-26,2078.951
13100,2030-06-27,1998,Electronics,East,6,592.58,0.22,Cod,3,4.2,2773.27,2030-06-27,2773.2744000000002
13101,2030-06-28,1279,Home,West,2,478.33,0.24,Wallet,4,1.7,727.06,2030-06-28,727.0616
13102,2030-06-29,1699,Beauty,East,7,596.12,0.04,Cod,6,3.0,4005.93,2030-06-29,4005.9264
13103,2030-06-30,1301,Electronics,South,7,581.45,0.33,Card,9,1.9,2727.0,2030-06-30,2727.0005
13104,2030-07-01,1530,Clothing,North,5,301.38,0.12,Cod,4,2.5,1326.07,2030-07-01,1326.0720000000001
13105,2030-07-02,1579,Electronics,South,1,422.38,0.25,Cod,3,4.4,316.78,2030-07-02,316.78499999999997
13106,2030-07-03,1217,Beauty,South,6,79.61,0.18,Card,5,4.6,391.68,2030-07-03,391.6812
13107,2030-07-04,1101,Electronics,North,2,273.07,0.08,Card,9,5.0,502.45,2030-07-04,502.4488
13108,2030-07-05,1553,Clothing,East,5,488.28,0.3,Card,1,4.8,1708.98,2030-07-05,1708.9799999999996
13109,2030-07-06,1287,Electronics,North,1,310.62,0.29,Card,5,3.7,220.54,2030-07-06,220.5402
13110,2030-07-07,1166,Home,West,2,426.08,0.14,Card,11,2.7,732.86,2030-07-07,732.8575999999999
13111,2030-07-08,1620,Electronics,North,1,451.26,0.21,Cod,4,1.2,356.5,2030-07-08,356.4954
13112,2030-07-09,1035,Electronics,South,6,163.28,0.09,Card,5,3.4,891.51,2030-07-09,891.5088000000001
13113,2030-07-10,1743,Clothing,North,7,527.28,0.24,Wallet,7,1.8,2805.13,2030-07-10,2805.1296
13114,2030-07-11,1740,Beauty,East,7,284.0,0.11,Cod,7,4.4,1769.32,2030-07-11,1769.32
13115,2030-07-12,1352,Electronics,South,1,137.96,0.3,Wallet,7,3.2,96.57,2030-07-12,96.572
13116,2030-07-13,1675,Electronics,West,7,521.27,0.08,Cod,1,3.9,3356.98,2030-07-13,3356.9788
13117,2030-07-14,1898,Home,East,3,259.42,0.01,Card,9,3.7,770.48,2030-07-14,770.4774
13118,2030-07-15,1072,Clothing,South,4,453.93,0.09,Cod,7,2.4,1652.31,2030-07-15,1652.3052
13119,2030-07-16,1647,Beauty,West,7,335.6,0.07,Wallet,4,4.0,2184.76,2030-07-16,2184.7560000000003
13120,2030-07-17,1352,Electronics,East,3,238.39,0.18,Card,4,4.4,586.44,2030-07-17,586.4394
13121,2030-07-18,1890,Clothing,West,6,488.78,0.07,Card,2,4.0,2727.39,2030-07-18,2727.3923999999997
13122,2030-07-19,1069,Electronics,North,6,356.91,0.27,Card,6,4.1,1563.27,2030-07-19,1563.2658
13123,2030-07-20,1424,Electronics,North,1,243.48,0.08,Card,10,2.4,224.0,2030-07-20,224.0016
13124,2030-07-21,1998,Home,West,7,79.11,0.25,Card,3,4.8,415.33,2030-07-21,415.3275
13125,2030-07-22,1707,Clothing,North,7,538.84,0.2,Card,1,2.7,3017.5,2030-07-22,3017.5040000000004
13126,2030-07-23,1780,Home,West,7,35.75,0.35,Card,5,4.6,162.66,2030-07-23,162.6625
13127,2030-07-24,1560,Electronics,East,5,519.96,0.35,Cod,6,4.4,1689.87,2030-07-24,1689.8700000000001
13128,2030-07-25,1827,Clothing,South,2,225.58,0.3,Card,11,1.5,315.81,2030-07-25,315.812
13129,2030-07-26,1641,Clothing,West,4,389.01,0.27,Cod,5,4.9,1135.91,2030-07-26,1135.9092
13130,2030-07-27,1955,Beauty,South,7,554.49,0.14,Cod,5,5.0,3338.03,2030-07-27,3338.0298000000003
13131,2030-07-28,1516,Electronics,South,2,103.75,0.26,Cod,10,3.4,153.55,2030-07-28,153.55
13132,2030-07-29,1427,Electronics,West,5,346.67,0.33,Card,11,4.1,1161.34,2030-07-29,1161.3445
13133,2030-07-30,1538,Clothing,North,6,462.19,0.01,Cod,8,4.7,2745.41,2030-07-30,2745.4085999999998
13134,2030-07-31,1159,Clothing,East,4,458.19,0.19,Card,10,1.1,1484.54,2030-07-31,1484.5356000000002
13135,2030-08-01,1148,Electronics,South,3,322.49,0.08,Card,1,4.7,890.07,2030-08-01,890.0724
13136,2030-08-02,1775,Beauty,East,6,380.47,0.2,Cod,8,3.5,1826.26,2030-08-02,1826.2560000000003
13137,2030-08-03,1229,Electronics,South,6,458.15,0.16,Card,11,4.3,2309.08,2030-08-03,2309.0759999999996
13138,2030-08-04,1711,Beauty,West,1,507.0,0.2,Card,7,3.2,405.6,2030-08-04,405.6
13139,2030-08-05,1561,Electronics,North,5,460.66,0.19,Card,1,3.1,1865.67,2030-08-05,1865.6730000000002
13140,2030-08-06,1066,Home,East,1,222.09,0.34,Card,9,4.6,146.58,2030-08-06,146.5794
13141,2030-08-07,1811,Beauty,South,1,598.08,0.19,Card,4,3.0,484.44,2030-08-07,484.44480000000004
13142,2030-08-08,1380,Electronics,West,2,269.18,0.3,Wallet,7,2.9,376.85,2030-08-08,376.852
13143,2030-08-09,1057,Beauty,West,6,29.31,0.11,Card,3,3.4,156.52,2030-08-09,156.5154
13144,2030-08-10,1258,Clothing,South,5,227.13,0.15,Cod,8,3.1,965.3,2030-08-10,965.3025
13145,2030-08-11,1341,Beauty,South,1,89.75,0.16,Cod,4,2.8,75.39,2030-08-11,75.39
13146,2030-08-12,1837,Home,South,3,86.04,0.1,Cod,2,1.7,232.31,2030-08-12,232.30800000000002
13147,2030-08-13,1129,Electronics,North,4,179.7,0.13,Wallet,2,2.6,625.36,2030-08-13,625.356
13148,2030-08-14,1726,Electronics,South,7,46.22,0.21,Wallet,8,2.1,255.6,2030-08-14,255.5966
13149,2030-08-15,1171,Electronics,South,5,417.78,0.2,Cod,8,2.6,1671.12,2030-08-15,1671.12
13150,2030-08-16,1769,Electronics,North,2,58.28,0.22,Wallet,1,3.4,90.92,2030-08-16,90.91680000000001
13151,2030-08-17,1613,Electronics,West,5,133.92,0.12,Card,6,3.4,589.25,2030-08-17,589.2479999999999
13152,2030-08-18,1208,Electronics,South,6,69.35,0.11,Cod,9,2.0,370.33,2030-08-18,370.32899999999995
13153,2030-08-19,1802,Clothing,East,2,51.95,0.21,Wallet,9,1.3,82.08,2030-08-19,82.081
13154,2030-08-20,1353,Home,West,4,171.63,0.05,Cod,2,4.0,652.19,2030-08-20,652.194
13155,2030-08-21,1470,Electronics,East,3,349.56,0.09,Wallet,8,3.1,954.3,2030-08-21,954.2988000000001
13156,2030-08-22,1797,Electronics,South,1,579.34,0.01,Card,8,2.8,573.55,2030-08-22,573.5466
13157,2030-08-23,1115,Clothing,North,5,527.2,0.03,Card,4,1.5,2556.92,2030-08-23,2556.92
13158,2030-08-24,1263,Electronics,North,2,527.42,0.09,Wallet,4,2.7,959.9,2030-08-24,959.9044
13159,2030-08-25,1661,Electronics,North,4,118.0,0.01,Card,5,4.3,467.28,2030-08-25,467.28
13160,2030-08-26,1811,Electronics,South,1,169.97,0.09,Cod,11,3.3,154.67,2030-08-26,154.6727
13161,2030-08-27,1441,Beauty,South,7,59.69,0.23,Card,10,1.4,321.73,2030-08-27,321.7291
13162,2030-08-28,1547,Home,East,4,470.4,0.02,Cod,7,2.3,1843.97,2030-08-28,1843.9679999999998
13163,2030-08-29,1452,Clothing,North,3,55.84,0.15,Wallet,1,4.9,142.39,2030-08-29,142.392
13164,2030-08-30,1844,Home,South,1,340.67,0.32,Card,11,3.2,231.66,2030-08-30,231.6556
13165,2030-08-31,1476,Clothing,West,1,160.01,0.28,Card,9,2.1,115.21,2030-08-31,115.20719999999999
13166,2030-09-01,1286,Home,South,7,157.42,0.11,Card,3,4.7,980.73,2030-09-01,980.7265999999998
13167,2030-09-02,1302,Home,South,1,594.57,0.32,Wallet,11,2.3,404.31,2030-09-02,404.3076
13168,2030-09-03,1310,Clothing,West,2,457.72,0.12,Cod,4,3.9,805.59,2030-09-03,805.5872
13169,2030-09-04,1207,Electronics,North,1,504.61,0.03,Card,7,1.6,489.47,2030-09-04,489.4717
13170,2030-09-05,1617,Electronics,West,4,349.61,0.35,Card,5,1.6,908.99,2030-09-05,908.9860000000001
13171,2030-09-06,1445,Clothing,North,2,524.54,0.3,Wallet,5,3.2,734.36,2030-09-06,734.3559999999999
13172,2030-09-07,1669,Beauty,West,1,392.61,0.16,Wallet,1,2.0,329.79,2030-09-07,329.7924
13173,2030-09-08,1632,Clothing,East,4,568.51,0.23,Card,2,1.2,1751.01,2030-09-08,1751.0108
13174,2030-09-09,1054,Home,North,4,179.58,0.23,Card,5,4.7,553.11,2030-09-09,553.1064
13175,2030-09-10,1911,Beauty,South,5,363.26,0.07,Cod,2,1.2,1689.16,2030-09-10,1689.1589999999999
13176,2030-09-11,1011,Electronics,East,4,418.73,0.07,Cod,1,3.9,1557.68,2030-09-11,1557.6756
13177,2030-09-12,1656,Home,North,7,244.87,0.16,Wallet,10,2.3,1439.84,2030-09-12,1439.8356
13178,2030-09-13,1399,Home,North,6,529.63,0.32,Cod,3,4.7,2160.89,2030-09-13,2160.8903999999998
13179,2030-09-14,1907,Beauty,North,3,588.18,0.0,Cod,11,4.9,1764.54,2030-09-14,1764.54
13180,2030-09-15,1647,Beauty,West,1,303.86,0.27,Cod,1,2.3,221.82,2030-09-15,221.8178
13181,2030-09-16,1979,Home,North,7,243.52,0.02,Wallet,10,3.4,1670.55,2030-09-16,1670.5472
13182,2030-09-17,1514,Electronics,South,1,291.08,0.17,Card,8,4.1,241.6,2030-09-17,241.5964
13183,2030-09-18,1655,Home,North,1,513.85,0.22,Card,8,1.5,400.8,2030-09-18,400.80300000000005
13184,2030-09-19,1541,Electronics,South,4,392.6,0.24,Card,8,3.8,1193.5,2030-09-19,1193.5040000000001
13185,2030-09-20,1236,Home,South,4,41.19,0.02,Wallet,7,4.6,161.46,2030-09-20,161.4648
13186,2030-09-21,1278,Beauty,South,1,332.17,0.15,Cod,7,1.7,282.34,2030-09-21,282.3445
13187,2030-09-22,1347,Clothing,East,6,25.12,0.2,Card,2,4.4,120.58,2030-09-22,120.57600000000001
13188,2030-09-23,1626,Clothing,South,2,470.44,0.02,Cod,9,1.5,922.06,2030-09-23,922.0624
13189,2030-09-24,1103,Clothing,West,2,207.06,0.05,Card,7,3.3,393.41,2030-09-24,393.414
13190,2030-09-25,1629,Clothing,North,3,291.12,0.23,Card,5,2.4,672.49,2030-09-25,672.4872
13191,2030-09-26,1516,Electronics,West,5,482.23,0.18,Card,4,2.9,1977.14,2030-09-26,1977.1430000000003
13192,2030-09-27,1979,Home,East,7,42.17,0.06,Cod,8,2.2,277.48,2030-09-27,277.4786
13193,2030-09-28,1871,Beauty,North,3,107.75,0.19,Cod,5,2.0,261.83,2030-09-28,261.83250000000004
13194,2030-09-29,1247,Beauty,South,1,247.81,0.32,Wallet,6,4.0,168.51,2030-09-29,168.5108
13195,2030-09-30,1363,Electronics,North,7,149.51,0.01,Wallet,4,1.9,1036.1,2030-09-30,1036.1043
13196,2030-10-01,1320,Beauty,East,1,212.67,0.22,Card,2,2.6,165.88,2030-10-01,165.8826
13197,2030-10-02,1632,Home,East,1,598.93,0.03,Cod,7,2.1,580.96,2030-10-02,580.9621
13198,2030-10-03,1285,Electronics,West,5,497.87,0.0,Card,2,2.0,2489.35,2030-10-03,2489.35
13199,2030-10-04,1148,Electronics,North,4,532.08,0.05,Card,11,3.5,2021.9,2030-10-04,2021.904
13200,2030-10-05,1083,Electronics,North,5,563.18,0.15,Card,7,1.2,2393.51,2030-10-05,2393.5149999999994
13201,2030-10-06,1965,Beauty,North,3,214.45,0.28,Card,7,4.2,463.21,2030-10-06,463.21199999999993
13202,2030-10-07,1405,Clothing,West,4,188.79,0.1,Card,1,3.2,679.64,2030-10-07,679.644
13203,2030-10-08,1977,Home,East,4,151.93,0.22,Card,10,4.3,474.02,2030-10-08,474.02160000000003
13204,2030-10-09,1455,Electronics,South,3,500.62,0.14,Cod,10,1.9,1291.6,2030-10-09,1291.5996
13205,2030-10-10,1742,Home,North,4,412.54,0.08,Card,3,3.8,1518.15,2030-10-10,1518.1472
13206,2030-10-11,1799,Electronics,West,7,153.16,0.18,Cod,3,2.7,879.14,2030-10-11,879.1383999999999
13207,2030-10-12,1160,Clothing,West,2,235.54,0.28,Card,11,1.3,339.18,2030-10-12,339.1776
13208,2030-10-13,1783,Clothing,South,3,311.43,0.29,Card,6,4.0,663.35,2030-10-13,663.3458999999999
13209,2030-10-14,1459,Electronics,East,3,323.96,0.3,Card,11,4.0,680.32,2030-10-14,680.3159999999999
13210,2030-10-15,1549,Home,North,2,534.91,0.12,Card,3,2.1,941.44,2030-10-15,941.4416
13211,2030-10-16,1499,Electronics,North,5,237.63,0.28,Card,9,4.7,855.47,2030-10-16,855.4680000000001
13212,2030-10-17,1737,Home,West,5,546.49,0.07,Cod,5,4.1,2541.18,2030-10-17,2541.1784999999995
13213,2030-10-18,1508,Clothing,East,5,273.2,0.26,Cod,6,2.2,1010.84,2030-10-18,1010.84
13214,2030-10-19,1653,Clothing,North,4,451.63,0.33,Card,6,2.0,1210.37,2030-10-19,1210.3683999999998
13215,2030-10-20,1803,Electronics,South,2,559.2,0.0,Card,8,2.8,1118.4,2030-10-20,1118.4
13216,2030-10-21,1480,Electronics,East,7,545.93,0.15,Wallet,10,2.2,3248.28,2030-10-21,3248.2834999999995
13217,2030-10-22,1662,Beauty,East,3,48.32,0.23,Card,11,1.9,111.62,2030-10-22,111.6192
13218,2030-10-23,1113,Electronics,West,3,135.34,0.25,Card,3,2.6,304.52,2030-10-23,304.515
13219,2030-10-24,1748,Home,West,3,293.99,0.06,Cod,9,1.1,829.05,2030-10-24,829.0518
13220,2030-10-25,1577,Beauty,North,4,267.46,0.34,Cod,7,2.6,706.09,2030-10-25,706.0943999999998
13221,2030-10-26,1360,Electronics,West,4,389.92,0.22,Cod,11,1.9,1216.55,2030-10-26,1216.5504
13222,2030-10-27,1340,Electronics,East,6,567.65,0.06,Cod,6,2.1,3201.55,2030-10-27,3201.5459999999994
13223,2030-10-28,1769,Home,North,7,80.76,0.01,Card,11,1.3,559.67,2030-10-28,559.6668000000001
13224,2030-10-29,1986,Beauty,North,5,279.34,0.27,Card,1,3.4,1019.59,2030-10-29,1019.5909999999999
13225,2030-10-30,1760,Beauty,East,6,127.56,0.03,Card,4,2.9,742.4,2030-10-30,742.3992
13226,2030-10-31,1968,Clothing,North,6,538.05,0.05,Cod,5,4.0,3066.88,2030-10-31,3066.8849999999998
13227,2030-11-01,1448,Home,South,4,579.28,0.2,Wallet,2,4.9,1853.7,2030-11-01,1853.696
13228,2030-11-02,1842,Electronics,South,5,295.04,0.21,Card,1,1.5,1165.41,2030-11-02,1165.4080000000001
13229,2030-11-03,1834,Beauty,North,5,75.85,0.24,Card,2,2.1,288.23,2030-11-03,288.23
13230,2030-11-04,1179,Beauty,West,3,474.4,0.14,Card,8,3.7,1223.95,2030-11-04,1223.9519999999998
13231,2030-11-05,1701,Electronics,South,4,422.83,0.27,Card,10,1.9,1234.66,2030-11-05,1234.6635999999999
13232,2030-11-06,1406,Electronics,North,5,222.48,0.34,Card,6,1.1,734.18,2030-11-06,734.1839999999999
13233,2030-11-07,1665,Electronics,South,6,534.13,0.09,Cod,10,1.4,2916.35,2030-11-07,2916.3498
13234,2030-11-08,1195,Electronics,West,2,585.86,0.25,Wallet,2,2.7,878.79,2030-11-08,878.79
13235,2030-11-09,1465,Home,East,2,341.34,0.32,Card,9,2.7,464.22,2030-11-09,464.22239999999994
13236,2030-11-10,1310,Clothing,North,4,345.95,0.24,Card,8,4.9,1051.69,2030-11-10,1051.6879999999999
13237,2030-11-11,1261,Electronics,North,3,189.05,0.24,Card,4,2.9,431.03,2030-11-11,431.03400000000005
13238,2030-11-12,1418,Electronics,North,3,356.94,0.08,Card,11,3.7,985.15,2030-11-12,985.1544
13239,2030-11-13,1405,Beauty,North,5,272.19,0.19,Card,10,3.0,1102.37,2030-11-13,1102.3695
13240,2030-11-14,1938,Clothing,North,7,191.78,0.2,Cod,7,2.1,1073.97,2030-11-14,1073.968
13241,2030-11-15,1142,Clothing,North,4,54.3,0.25,Card,3,1.4,162.9,2030-11-15,162.89999999999998
13242,2030-11-16,1341,Electronics,West,7,162.83,0.35,Wallet,6,4.4,740.88,2030-11-16,740.8765000000002
13243,2030-11-17,1315,Beauty,East,2,130.74,0.01,Cod,3,1.6,258.87,2030-11-17,258.8652
13244,2030-11-18,1100,Home,West,6,332.09,0.02,Cod,10,1.4,1952.69,2030-11-18,1952.6892
13245,2030-11-19,1243,Electronics,West,5,366.98,0.03,Card,3,1.9,1779.85,2030-11-19,1779.853
13246,2030-11-20,1489,Electronics,East,6,371.01,0.26,Cod,11,1.0,1647.28,2030-11-20,1647.2844
13247,2030-11-21,1011,Electronics,West,7,242.09,0.05,Cod,9,1.3,1609.9,2030-11-21,1609.8985
13248,2030-11-22,1238,Electronics,South,5,261.42,0.22,Card,6,3.5,1019.54,2030-11-22,1019.5380000000001
13249,2030-11-23,1560,Clothing,West,1,503.03,0.11,Card,8,2.0,447.7,2030-11-23,447.69669999999996
13250,2030-11-24,1041,Beauty,North,6,293.6,0.16,Wallet,4,2.4,1479.74,2030-11-24,1479.7440000000001
13251,2030-11-25,1677,Clothing,South,4,592.85,0.08,Card,4,4.3,2181.69,2030-11-25,2181.688
13252,2030-11-26,1593,Home,South,6,272.18,0.3,Card,8,4.1,1143.16,2030-11-26,1143.156
13253,2030-11-27,1428,Clothing,East,6,395.0,0.21,Card,7,3.0,1872.3,2030-11-27,1872.3000000000002
13254,2030-11-28,1802,Home,West,5,44.46,0.33,Card,5,3.5,148.94,2030-11-28,148.941
13255,2030-11-29,1157,Home,West,2,397.2,0.2,Card,2,1.3,635.52,2030-11-29,635.52
13256,2030-11-30,1215,Electronics,South,7,513.08,0.04,Card,6,4.0,3447.9,2030-11-30,3447.8976000000002
13257,2030-12-01,1669,Clothing,West,1,566.34,0.06,Cod,1,3.1,532.36,2030-12-01,532.3596
13258,2030-12-02,1461,Clothing,West,6,598.43,0.35,Card,7,3.3,2333.88,2030-12-02,2333.877
13259,2030-12-03,1133,Electronics,East,7,180.07,0.25,Cod,9,3.7,945.37,2030-12-03,945.3675000000001
13260,2030-12-04,1066,Clothing,South,7,351.59,0.02,Cod,5,3.0,2411.91,2030-12-04,2411.9073999999996
13261,2030-12-05,1847,Clothing,North,2,278.67,0.25,Card,5,3.1,418.0,2030-12-05,418.005
13262,2030-12-06,1006,Beauty,South,3,344.83,0.14,Cod,7,3.0,889.66,2030-12-06,889.6614
13263,2030-12-07,1947,Clothing,East,1,107.11,0.11,Cod,5,3.0,95.33,2030-12-07,95.3279
13264,2030-12-08,1525,Home,East,1,515.85,0.05,Cod,10,4.0,490.06,2030-12-08,490.0575
13265,2030-12-09,1072,Clothing,East,7,547.1,0.29,Cod,4,2.7,2719.09,2030-12-09,2719.087
13266,2030-12-10,1398,Home,West,5,278.05,0.02,Cod,1,1.0,1362.44,2030-12-10,1362.445
13267,2030-12-11,1404,Clothing,South,6,179.05,0.1,Card,6,3.4,966.87,2030-12-11,966.8700000000002
13268,2030-12-12,1674,Beauty,West,3,97.39,0.11,Cod,9,4.8,260.03,2030-12-12,260.03130000000004
13269,2030-12-13,1577,Clothing,West,5,415.0,0.06,Card,4,2.0,1950.5,2030-12-13,1950.5
13270,2030-12-14,1858,Clothing,South,4,197.66,0.18,Cod,10,4.3,648.32,2030-12-14,648.3248
13271,2030-12-15,1129,Clothing,East,2,547.08,0.0,Card,11,2.8,1094.16,2030-12-15,1094.16
13272,2030-12-16,1930,Clothing,North,2,407.54,0.11,Wallet,4,3.6,725.42,2030-12-16,725.4212
13273,2030-12-17,1465,Electronics,North,5,392.73,0.33,Cod,5,4.6,1315.65,2030-12-17,1315.6454999999999
13274,2030-12-18,1205,Electronics,South,7,342.25,0.11,Cod,6,4.1,2132.22,2030-12-18,2132.2175
13275,2030-12-19,1787,Electronics,South,2,41.78,0.13,Cod,3,4.5,72.7,2030-12-19,72.6972
13276,2030-12-20,1977,Beauty,East,6,560.17,0.17,Wallet,9,1.0,2789.65,2030-12-20,2789.6465999999996
13277,2030-12-21,1767,Electronics,South,2,382.34,0.2,Cod,1,1.7,611.74,2030-12-21,611.744
13278,2030-12-22,1265,Electronics,South,6,596.53,0.28,Card,11,2.7,2577.01,2030-12-22,2577.0096
13279,2030-12-23,1536,Home,East,4,329.35,0.07,Wallet,6,4.4,1225.18,2030-12-23,1225.182
13280,2030-12-24,1961,Electronics,East,3,430.41,0.31,Cod,6,4.4,890.95,2030-12-24,890.9486999999999
13281,2030-12-25,1792,Clothing,West,1,47.88,0.27,Cod,8,1.7,34.95,2030-12-25,34.952400000000004
13282,2030-12-26,1252,Electronics,South,5,384.57,0.25,Wallet,5,1.6,1442.14,2030-12-26,1442.1374999999998
13283,2030-12-27,1821,Beauty,North,5,462.32,0.03,Card,9,4.3,2242.25,2030-12-27,2242.252
13284,2030-12-28,1288,Beauty,South,6,470.43,0.01,Card,9,3.2,2794.35,2030-12-28,2794.3541999999998
13285,2030-12-29,1163,Beauty,North,4,465.52,0.21,Cod,2,3.5,1471.04,2030-12-29,1471.0432
13286,2030-12-30,1094,Clothing,North,4,147.38,0.3,Cod,5,4.2,412.66,2030-12-30,412.664
13287,2030-12-31,1781,Home,North,7,585.61,0.2,Card,7,1.8,3279.42,2030-12-31,3279.4160000000006
13288,2031-01-01,1832,Electronics,West,1,597.18,0.07,Cod,2,1.5,555.38,2031-01-01,555.3774
13289,2031-01-02,1109,Electronics,East,3,59.22,0.03,Cod,7,4.4,172.33,2031-01-02,172.3302
13290,2031-01-03,1335,Electronics,East,5,562.82,0.24,Cod,9,1.4,2138.72,2031-01-03,2138.7160000000003
13291,2031-01-04,1821,Clothing,West,6,184.33,0.25,Wallet,8,1.4,829.48,2031-01-04,829.485
13292,2031-01-05,1237,Clothing,East,4,418.23,0.06,Card,10,2.1,1572.54,2031-01-05,1572.5448
13293,2031-01-06,1380,Clothing,West,5,212.79,0.01,Cod,9,2.3,1053.31,2031-01-06,1053.3105
13294,2031-01-07,1435,Electronics,South,6,581.14,0.14,Cod,4,2.0,2998.68,2031-01-07,2998.6824
13295,2031-01-08,1898,Clothing,West,2,74.38,0.2,Card,8,4.0,119.01,2031-01-08,119.008
13296,2031-01-09,1482,Home,East,5,306.18,0.25,Card,9,4.9,1148.18,2031-01-09,1148.1750000000002
13297,2031-01-10,1936,Clothing,East,3,265.41,0.28,Card,10,1.8,573.29,2031-01-10,573.2856
13298,2031-01-11,1901,Home,South,6,205.72,0.21,Cod,2,4.1,975.11,2031-01-11,975.1128
13299,2031-01-12,1024,Electronics,West,3,392.64,0.04,Card,10,1.2,1130.8,2031-01-12,1130.8032
13300,2031-01-13,1652,Home,South,5,91.67,0.24,Card,3,1.5,348.35,2031-01-13,348.346
13301,2031-01-14,1116,Clothing,North,2,434.25,0.34,Card,1,3.1,573.21,2031-01-14,573.2099999999999
13302,2031-01-15,1481,Electronics,West,3,588.65,0.32,Cod,1,5.0,1200.85,2031-01-15,1200.8459999999998
13303,2031-01-16,1391,Electronics,South,4,485.67,0.31,Cod,10,4.8,1340.45,2031-01-16,1340.4492
13304,2031-01-17,1916,Clothing,South,6,518.11,0.11,Cod,6,1.4,2766.71,2031-01-17,2766.7074
13305,2031-01-18,1993,Home,East,5,225.39,0.26,Card,1,2.0,833.94,2031-01-18,833.9429999999999
13306,2031-01-19,1963,Clothing,West,2,205.06,0.3,Cod,5,4.8,287.08,2031-01-19,287.084
13307,2031-01-20,1536,Electronics,North,4,317.47,0.24,Cod,6,1.6,965.11,2031-01-20,965.1088000000001
13308,2031-01-21,1078,Beauty,North,5,41.75,0.09,Card,9,4.0,189.96,2031-01-21,189.9625
13309,2031-01-22,1579,Home,West,7,568.03,0.33,Card,6,1.0,2664.06,2031-01-22,2664.0606999999995
13310,2031-01-23,1172,Clothing,West,2,99.11,0.16,Wallet,4,3.5,166.5,2031-01-23,166.5048
13311,2031-01-24,1955,Clothing,South,4,543.26,0.05,Cod,1,3.0,2064.39,2031-01-24,2064.388
13312,2031-01-25,1011,Electronics,East,3,63.9,0.04,Cod,6,2.9,184.03,2031-01-25,184.03199999999998
13313,2031-01-26,1799,Clothing,East,5,496.24,0.23,Card,7,4.3,1910.52,2031-01-26,1910.524
13314,2031-01-27,1127,Clothing,East,5,103.9,0.15,Wallet,5,1.3,441.58,2031-01-27,441.575
13315,2031-01-28,1607,Beauty,West,3,37.31,0.03,Cod,6,2.5,108.57,2031-01-28,108.5721
13316,2031-01-29,1091,Clothing,East,7,435.9,0.26,Wallet,10,2.8,2257.96,2031-01-29,2257.962
13317,2031-01-30,1652,Clothing,South,1,178.96,0.28,Wallet,8,1.5,128.85,2031-01-30,128.8512
13318,2031-01-31,1542,Clothing,West,4,432.98,0.25,Wallet,1,1.3,1298.94,2031-01-31,1298.94
13319,2031-02-01,1845,Beauty,West,3,339.72,0.07,Wallet,8,1.7,947.82,2031-02-01,947.8188
13320,2031-02-02,1531,Home,East,5,78.65,0.24,Card,11,2.0,298.87,2031-02-02,298.87
13321,2031-02-03,1657,Clothing,North,4,560.3,0.0,Wallet,2,4.9,2241.2,2031-02-03,2241.2
13322,2031-02-04,1988,Home,North,7,279.6,0.11,Card,2,2.9,1741.91,2031-02-04,1741.9080000000004
13323,2031-02-05,1827,Clothing,South,4,444.65,0.14,Wallet,8,3.0,1529.6,2031-02-05,1529.596
13324,2031-02-06,1446,Clothing,East,1,308.1,0.29,Card,2,3.8,218.75,2031-02-06,218.751
13325,2031-02-07,1389,Electronics,East,5,368.55,0.14,Cod,8,3.7,1584.76,2031-02-07,1584.7649999999999
13326,2031-02-08,1671,Clothing,West,2,192.12,0.0,Card,5,3.0,384.24,2031-02-08,384.24
13327,2031-02-09,1860,Electronics,West,1,132.21,0.12,Cod,9,2.4,116.34,2031-02-09,116.3448
13328,2031-02-10,1042,Beauty,East,1,332.4,0.17,Card,9,2.3,275.89,2031-02-10,275.892
13329,2031-02-11,1253,Electronics,West,2,272.53,0.33,Card,8,1.2,365.19,2031-02-11,365.19019999999995
13330,2031-02-12,1129,Beauty,East,2,243.22,0.33,Wallet,9,4.6,325.91,2031-02-12,325.91479999999996
13331,2031-02-13,1059,Clothing,South,7,408.45,0.06,Cod,7,4.1,2687.6,2031-02-13,2687.601
13332,2031-02-14,1662,Clothing,West,7,418.95,0.06,Card,8,3.5,2756.69,2031-02-14,2756.691
13333,2031-02-15,1466,Clothing,East,1,41.86,0.06,Card,6,2.6,39.35,2031-02-15,39.3484
13334,2031-02-16,1286,Electronics,West,4,213.17,0.28,Card,9,3.3,613.93,2031-02-16,613.9295999999999
13335,2031-02-17,1516,Clothing,South,3,255.88,0.0,Cod,2,2.9,767.64,2031-02-17,767.64
13336,2031-02-18,1466,Electronics,West,3,71.68,0.04,Wallet,3,2.1,206.44,2031-02-18,206.4384
13337,2031-02-19,1929,Clothing,East,1,153.0,0.19,Cod,2,2.2,123.93,2031-02-19,123.93
13338,2031-02-20,1777,Clothing,West,4,45.21,0.09,Card,6,4.5,164.56,2031-02-20,164.5644
13339,2031-02-21,1344,Home,West,2,597.8,0.03,Card,3,3.5,1159.73,2031-02-21,1159.732
13340,2031-02-22,1641,Electronics,East,6,445.89,0.13,Wallet,11,1.0,2327.55,2031-02-22,2327.5458000000003
13341,2031-02-23,1381,Electronics,North,1,66.16,0.1,Card,1,2.3,59.54,2031-02-23,59.544
13342,2031-02-24,1778,Clothing,West,5,26.85,0.18,Cod,4,2.4,110.08,2031-02-24,110.08500000000001
13343,2031-02-25,1689,Beauty,West,4,435.78,0.34,Card,5,3.8,1150.46,2031-02-25,1150.4591999999998
13344,2031-02-26,1252,Home,South,5,271.93,0.04,Cod,11,3.8,1305.26,2031-02-26,1305.2640000000001
13345,2031-02-27,1926,Clothing,North,5,475.28,0.13,Wallet,4,2.9,2067.47,2031-02-27,2067.468
13346,2031-02-28,1055,Clothing,South,1,555.23,0.33,Card,6,4.8,372.0,2031-02-28,372.0041
13347,2031-03-01,1462,Electronics,East,4,365.59,0.31,Cod,3,4.5,1009.03,2031-03-01,1009.0283999999998
13348,2031-03-02,1456,Beauty,East,5,124.46,0.14,Cod,10,4.5,535.18,2031-03-02,535.178
13349,2031-03-03,1982,Home,South,7,472.58,0.24,Card,6,2.4,2514.13,2031-03-03,2514.1256
13350,2031-03-04,1082,Electronics,West,7,574.15,0.03,Card,10,2.7,3898.48,2031-03-04,3898.4784999999997
13351,2031-03-05,1904,Clothing,North,4,354.44,0.25,Cod,1,2.7,1063.32,2031-03-05,1063.32
13352,2031-03-06,1098,Electronics,South,3,413.97,0.34,Card,6,2.8,819.66,2031-03-06,819.6605999999999
13353,2031-03-07,1148,Beauty,South,6,212.42,0.19,Wallet,8,4.6,1032.36,2031-03-07,1032.3612
13354,2031-03-08,1328,Electronics,East,5,238.19,0.17,Card,10,2.0,988.49,2031-03-08,988.4885
13355,2031-03-09,1155,Clothing,West,5,444.77,0.07,Card,8,4.2,2068.18,2031-03-09,2068.1805
13356,2031-03-10,1189,Electronics,North,4,557.75,0.22,Card,1,3.1,1740.18,2031-03-10,1740.18
13357,2031-03-11,1493,Home,South,7,382.96,0.21,Card,7,2.0,2117.77,2031-03-11,2117.7688
13358,2031-03-12,1882,Home,North,6,477.06,0.23,Cod,10,3.1,2204.02,2031-03-12,2204.0172000000002
13359,2031-03-13,1262,Home,North,3,115.41,0.01,Card,10,1.8,342.77,2031-03-13,342.7677
13360,2031-03-14,1079,Clothing,South,5,139.0,0.19,Cod,4,1.4,562.95,2031-03-14,562.95
13361,2031-03-15,1399,Beauty,North,1,326.24,0.21,Wallet,6,4.4,257.73,2031-03-15,257.7296
13362,2031-03-16,1763,Electronics,East,7,118.28,0.07,Cod,6,3.8,770.0,2031-03-16,770.0028
13363,2031-03-17,1608,Electronics,West,4,386.47,0.07,Card,5,1.8,1437.67,2031-03-17,1437.6684
13364,2031-03-18,1259,Electronics,West,4,185.62,0.1,Wallet,10,4.8,668.23,2031-03-18,668.2320000000001
13365,2031-03-19,1771,Beauty,West,7,478.05,0.25,Card,9,1.1,2509.76,2031-03-19,2509.7625
13366,2031-03-20,1614,Clothing,East,5,487.74,0.21,Cod,11,2.3,1926.57,2031-03-20,1926.5729999999999
13367,2031-03-21,1551,Home,East,3,286.32,0.3,Card,10,1.1,601.27,2031-03-21,601.2719999999999
13368,2031-03-22,1784,Home,East,5,120.77,0.1,Card,8,1.6,543.46,2031-03-22,543.465
13369,2031-03-23,1100,Electronics,West,7,393.36,0.32,Wallet,6,1.7,1872.39,2031-03-23,1872.3935999999999
13370,2031-03-24,1358,Electronics,North,2,595.78,0.26,Card,4,4.2,881.75,2031-03-24,881.7543999999999
13371,2031-03-25,1379,Electronics,East,5,379.22,0.14,Cod,4,5.0,1630.65,2031-03-25,1630.6460000000002
13372,2031-03-26,1819,Clothing,South,6,35.93,0.03,Card,9,4.5,209.11,2031-03-26,209.1126
13373,2031-03-27,1220,Electronics,East,7,25.12,0.09,Cod,4,3.5,160.01,2031-03-27,160.0144
13374,2031-03-28,1819,Electronics,South,6,202.41,0.33,Cod,7,3.9,813.69,2031-03-28,813.6881999999999
13375,2031-03-29,1419,Beauty,West,7,129.53,0.11,Card,6,3.1,806.97,2031-03-29,806.9719
13376,2031-03-30,1123,Beauty,South,2,490.63,0.12,Cod,2,2.7,863.51,2031-03-30,863.5088
13377,2031-03-31,1421,Electronics,East,6,509.21,0.07,Cod,5,3.8,2841.39,2031-03-31,2841.3917999999994
13378,2031-04-01,1230,Electronics,East,6,166.29,0.28,Cod,3,4.9,718.37,2031-04-01,718.3728
13379,2031-04-02,1689,Electronics,North,1,205.5,0.1,Cod,9,1.1,184.95,2031-04-02,184.95000000000002
13380,2031-04-03,1062,Home,West,4,153.2,0.12,Cod,10,2.3,539.26,2031-04-03,539.264
13381,2031-04-04,1484,Home,South,6,546.4,0.15,Card,1,2.3,2786.64,2031-04-04,2786.6399999999994
13382,2031-04-05,1627,Electronics,West,4,309.05,0.15,Cod,10,2.7,1050.77,2031-04-05,1050.77
13383,2031-04-06,1702,Electronics,East,7,398.84,0.14,Cod,4,3.5,2401.02,2031-04-06,2401.0168
13384,2031-04-07,1573,Home,North,3,258.06,0.18,Card,4,3.1,634.83,2031-04-07,634.8276000000001
13385,2031-04-08,1767,Clothing,East,5,384.14,0.29,Wallet,9,1.1,1363.7,2031-04-08,1363.697
13386,2031-04-09,1482,Electronics,East,1,240.73,0.29,Card,1,2.6,170.92,2031-04-09,170.9183
13387,2031-04-10,1518,Clothing,East,7,213.71,0.28,Card,2,3.5,1077.1,2031-04-10,1077.0984
13388,2031-04-11,1154,Electronics,South,2,386.17,0.04,Card,1,3.0,741.45,2031-04-11,741.4464
13389,2031-04-12,1091,Clothing,East,3,360.77,0.28,Card,1,4.5,779.26,2031-04-12,779.2632
13390,2031-04-13,1981,Home,West,1,186.71,0.04,Card,1,2.6,179.24,2031-04-13,179.2416
13391,2031-04-14,1525,Home,West,1,102.37,0.04,Wallet,3,1.1,98.28,2031-04-14,98.2752
13392,2031-04-15,1454,Clothing,North,7,230.62,0.33,Card,11,2.1,1081.61,2031-04-15,1081.6078
13393,2031-04-16,1740,Beauty,West,2,257.89,0.29,Cod,4,1.5,366.2,2031-04-16,366.20379999999994
13394,2031-04-17,1597,Clothing,East,2,382.78,0.19,Card,10,2.0,620.1,2031-04-17,620.1036
13395,2031-04-18,1644,Home,East,4,550.0,0.31,Cod,2,2.4,1518.0,2031-04-18,1517.9999999999998
13396,2031-04-19,1509,Clothing,West,5,36.17,0.35,Wallet,1,3.7,117.55,2031-04-19,117.55250000000002
13397,2031-04-20,1182,Beauty,North,7,157.54,0.21,Card,5,2.3,871.2,2031-04-20,871.1962
13398,2031-04-21,1385,Beauty,North,3,128.32,0.21,Wallet,6,4.5,304.12,2031-04-21,304.1184
13399,2031-04-22,1573,Electronics,West,5,308.84,0.26,Wallet,2,2.2,1142.71,2031-04-22,1142.7079999999999
13400,2031-04-23,1730,Beauty,South,3,266.37,0.08,Cod,3,1.5,735.18,2031-04-23,735.1812
13401,2031-04-24,1404,Home,South,1,441.49,0.06,Card,10,1.7,415.0,2031-04-24,415.00059999999996
13402,2031-04-25,1245,Home,South,6,156.81,0.27,Cod,3,4.7,686.83,2031-04-25,686.8278
13403,2031-04-26,1741,Electronics,South,6,362.78,0.12,Wallet,2,2.8,1915.48,2031-04-26,1915.4784
13404,2031-04-27,1590,Home,West,7,532.06,0.05,Card,4,2.6,3538.2,2031-04-27,3538.1989999999996
13405,2031-04-28,1660,Beauty,North,2,547.75,0.11,Cod,5,1.3,975.0,2031-04-28,974.995
13406,2031-04-29,1649,Electronics,East,2,575.89,0.13,Card,8,3.9,1002.05,2031-04-29,1002.0486
13407,2031-04-30,1470,Beauty,East,1,467.36,0.34,Card,6,3.8,308.46,2031-04-30,308.45759999999996
13408,2031-05-01,1825,Electronics,West,1,545.0,0.24,Wallet,9,2.5,414.2,2031-05-01,414.2
13409,2031-05-02,1887,Electronics,East,3,152.2,0.19,Card,3,3.8,369.85,2031-05-02,369.846
13410,2031-05-03,1422,Clothing,South,1,130.58,0.34,Card,10,2.5,86.18,2031-05-03,86.1828
13411,2031-05-04,1900,Clothing,North,7,18.8,0.32,Cod,9,1.3,89.49,2031-05-04,89.48799999999999
13412,2031-05-05,1064,Clothing,West,3,428.5,0.18,Card,11,4.0,1054.11,2031-05-05,1054.1100000000001
13413,2031-05-06,1012,Electronics,North,5,563.42,0.32,Card,11,4.9,1915.63,2031-05-06,1915.6279999999997
13414,2031-05-07,1212,Beauty,West,2,124.36,0.14,Cod,4,3.6,213.9,2031-05-07,213.8992
13415,2031-05-08,1985,Electronics,West,2,387.61,0.08,Card,8,2.1,713.2,2031-05-08,713.2024
13416,2031-05-09,1241,Electronics,West,6,451.68,0.08,Card,10,2.1,2493.27,2031-05-09,2493.2736
13417,2031-05-10,1492,Electronics,West,6,557.65,0.23,Card,7,4.7,2576.34,2031-05-10,2576.343
13418,2031-05-11,1212,Clothing,North,7,393.41,0.18,Cod,7,2.2,2258.17,2031-05-11,2258.1734000000006
13419,2031-05-12,1692,Beauty,East,2,582.62,0.23,Wallet,9,4.1,897.23,2031-05-12,897.2348000000001
13420,2031-05-13,1337,Home,West,7,216.63,0.24,Wallet,10,3.6,1152.47,2031-05-13,1152.4715999999999
13421,2031-05-14,1996,Home,South,5,219.71,0.01,Card,2,3.4,1087.56,2031-05-14,1087.5645
13422,2031-05-15,1172,Electronics,West,5,332.66,0.02,Cod,5,1.7,1630.03,2031-05-15,1630.034
13423,2031-05-16,1671,Clothing,North,4,239.35,0.19,Wallet,3,1.1,775.49,2031-05-16,775.494
13424,2031-05-17,1163,Clothing,West,3,15.83,0.07,Card,7,3.0,44.17,2031-05-17,44.1657
13425,2031-05-18,1464,Clothing,South,6,443.09,0.22,Wallet,3,5.0,2073.66,2031-05-18,2073.6612
13426,2031-05-19,1994,Electronics,North,3,454.75,0.19,Wallet,5,1.8,1105.04,2031-05-19,1105.0425
13427,2031-05-20,1496,Home,West,6,451.98,0.21,Card,5,3.1,2142.39,2031-05-20,2142.3852
13428,2031-05-21,1699,Clothing,South,4,216.84,0.11,Card,2,3.7,771.95,2031-05-21,771.9504000000001
13429,2031-05-22,1394,Home,North,2,320.54,0.22,Card,11,2.9,500.04,2031-05-22,500.04240000000004
13430,2031-05-23,1702,Clothing,West,7,225.58,0.29,Card,1,3.0,1121.13,2031-05-23,1121.1326000000001
13431,2031-05-24,1916,Electronics,South,3,24.38,0.35,Wallet,6,3.6,47.54,2031-05-24,47.541000000000004
13432,2031-05-25,1307,Clothing,North,6,344.03,0.29,Wallet,1,4.3,1465.57,2031-05-25,1465.5677999999998
13433,2031-05-26,1767,Electronics,West,3,87.4,0.2,Card,9,2.3,209.76,2031-05-26,209.76000000000005
13434,2031-05-27,1182,Beauty,North,2,61.82,0.07,Cod,10,4.6,114.99,2031-05-27,114.98519999999999
13435,2031-05-28,1628,Clothing,South,7,456.97,0.24,Cod,5,2.9,2431.08,2031-05-28,2431.0804
13436,2031-05-29,1793,Electronics,West,1,20.56,0.33,Card,1,3.6,13.78,2031-05-29,13.775199999999998
13437,2031-05-30,1509,Beauty,West,6,576.02,0.07,Cod,8,1.4,3214.19,2031-05-30,3214.1915999999997
13438,2031-05-31,1707,Clothing,West,1,316.42,0.09,Wallet,1,3.0,287.94,2031-05-31,287.9422
13439,2031-06-01,1545,Electronics,South,4,590.06,0.05,Card,4,1.1,2242.23,2031-06-01,2242.2279999999996
13440,2031-06-02,1563,Clothing,East,7,48.93,0.26,Card,7,2.6,253.46,2031-06-02,253.45739999999998
13441,2031-06-03,1623,Electronics,West,5,356.36,0.14,Card,4,1.2,1532.35,2031-06-03,1532.3480000000002
13442,2031-06-04,1763,Home,South,3,219.36,0.02,Card,5,4.6,644.92,2031-06-04,644.9184
13443,2031-06-05,1593,Home,North,6,508.44,0.31,Card,7,3.7,2104.94,2031-06-05,2104.9415999999997
13444,2031-06-06,1743,Beauty,North,3,226.32,0.2,Card,4,4.2,543.17,2031-06-06,543.168
13445,2031-06-07,1226,Clothing,South,4,167.39,0.12,Cod,5,2.9,589.21,2031-06-07,589.2127999999999
13446,2031-06-08,1744,Clothing,East,4,516.67,0.12,Cod,7,4.4,1818.68,2031-06-08,1818.6783999999998
13447,2031-06-09,1732,Home,South,3,234.17,0.1,Card,1,4.5,632.26,2031-06-09,632.259
13448,2031-06-10,1435,Electronics,North,6,24.85,0.16,Card,3,2.4,125.24,2031-06-10,125.24400000000001
13449,2031-06-11,1924,Clothing,North,7,243.32,0.12,Wallet,1,2.5,1498.85,2031-06-11,1498.8512
13450,2031-06-12,1421,Clothing,West,2,397.9,0.19,Wallet,3,3.0,644.6,2031-06-12,644.598
13451,2031-06-13,1553,Electronics,East,7,163.8,0.27,Card,11,1.2,837.02,2031-06-13,837.018
13452,2031-06-14,1020,Clothing,South,2,267.71,0.24,Card,2,5.0,406.92,2031-06-14,406.9192
13453,2031-06-15,1553,Beauty,North,5,48.18,0.1,Wallet,5,2.4,216.81,2031-06-15,216.81
13454,2031-06-16,1396,Beauty,North,7,359.03,0.19,Card,10,2.9,2035.7,2031-06-16,2035.7001000000002
13455,2031-06-17,1624,Electronics,North,3,457.43,0.29,Card,5,4.0,974.33,2031-06-17,974.3258999999999
13456,2031-06-18,1104,Electronics,South,3,256.79,0.02,Card,10,2.2,754.96,2031-06-18,754.9626000000001
13457,2031-06-19,1191,Electronics,South,6,260.84,0.03,Card,9,1.8,1518.09,2031-06-19,1518.0888
13458,2031-06-20,1016,Beauty,East,3,66.65,0.19,Card,8,1.5,161.96,2031-06-20,161.95950000000002
13459,2031-06-21,1119,Electronics,West,6,133.14,0.22,Card,3,3.1,623.1,2031-06-21,623.0952
13460,2031-06-22,1392,Home,West,3,105.49,0.07,Cod,1,1.0,294.32,2031-06-22,294.3170999999999
13461,2031-06-23,1424,Electronics,West,4,296.79,0.26,Wallet,5,3.8,878.5,2031-06-23,878.4984000000001
13462,2031-06-24,1128,Clothing,North,1,324.61,0.23,Wallet,11,2.8,249.95,2031-06-24,249.9497
13463,2031-06-25,1129,Clothing,West,3,570.13,0.32,Card,3,3.1,1163.07,2031-06-25,1163.0651999999998
13464,2031-06-26,1571,Home,North,1,57.84,0.06,Card,5,2.1,54.37,2031-06-26,54.3696
13465,2031-06-27,1559,Electronics,East,2,365.92,0.26,Cod,9,1.7,541.56,2031-06-27,541.5616
13466,2031-06-28,1028,Clothing,North,5,323.0,0.03,Cod,11,3.8,1566.55,2031-06-28,1566.55
13467,2031-06-29,1096,Electronics,East,7,317.0,0.2,Card,1,1.8,1775.2,2031-06-29,1775.2
13468,2031-06-30,1009,Home,East,7,525.8,0.19,Card,1,4.1,2981.29,2031-06-30,2981.2859999999996
13469,2031-07-01,1241,Beauty,West,2,135.24,0.14,Card,9,1.8,232.61,2031-07-01,232.61280000000002
13470,2031-07-02,1825,Electronics,West,3,38.85,0.3,Card,3,3.5,81.59,2031-07-02,81.58500000000001
13471,2031-07-03,1955,Beauty,North,7,408.28,0.0,Card,10,3.6,2857.96,2031-07-03,2857.96
13472,2031-07-04,1231,Clothing,South,6,216.92,0.18,Wallet,5,3.0,1067.25,2031-07-04,1067.2464
13473,2031-07-05,1788,Electronics,West,2,25.29,0.08,Card,9,5.0,46.53,2031-07-05,46.5336
13474,2031-07-06,1283,Clothing,West,4,162.05,0.26,Wallet,11,2.5,479.67,2031-07-06,479.668
13475,2031-07-07,1714,Electronics,South,1,195.96,0.02,Wallet,5,4.5,192.04,2031-07-07,192.0408
13476,2031-07-08,1758,Home,South,6,375.85,0.29,Card,3,1.7,1601.12,2031-07-08,1601.121
13477,2031-07-09,1801,Home,West,7,115.96,0.29,Cod,9,2.3,576.32,2031-07-09,576.3211999999999
13478,2031-07-10,1775,Electronics,South,6,256.64,0.29,Cod,7,1.6,1093.29,2031-07-10,1093.2864
13479,2031-07-11,1954,Clothing,North,3,297.25,0.05,Card,7,3.4,847.16,2031-07-11,847.1624999999999
13480,2031-07-12,1725,Home,East,4,283.65,0.22,Card,8,3.6,884.99,2031-07-12,884.9879999999999
13481,2031-07-13,1199,Beauty,East,1,584.76,0.01,Cod,11,2.8,578.91,2031-07-13,578.9123999999999
13482,2031-07-14,1944,Clothing,West,4,41.62,0.3,Cod,5,3.9,116.54,2031-07-14,116.53599999999999
13483,2031-07-15,1078,Beauty,West,2,571.32,0.25,Cod,2,4.5,856.98,2031-07-15,856.98
13484,2031-07-16,1912,Clothing,North,3,355.43,0.19,Cod,11,4.1,863.69,2031-07-16,863.6949000000001
13485,2031-07-17,1955,Clothing,South,6,480.5,0.26,Card,9,2.0,2133.42,2031-07-17,2133.42
13486,2031-07-18,1854,Home,West,6,266.78,0.03,Cod,3,2.3,1552.66,2031-07-18,1552.6595999999997
13487,2031-07-19,1855,Clothing,East,2,280.5,0.19,Card,11,2.5,454.41,2031-07-19,454.41
13488,2031-07-20,1172,Clothing,North,6,529.41,0.1,Cod,2,1.8,2858.81,2031-07-20,2858.8140000000003
13489,2031-07-21,1466,Clothing,North,5,539.12,0.34,Wallet,10,2.4,1779.1,2031-07-21,1779.0959999999998
13490,2031-07-22,1580,Home,South,3,154.63,0.3,Cod,10,2.0,324.72,2031-07-22,324.72299999999996
13491,2031-07-23,1415,Home,West,2,131.56,0.26,Cod,5,5.0,194.71,2031-07-23,194.7088
13492,2031-07-24,1939,Clothing,West,3,305.3,0.33,Cod,8,4.1,613.65,2031-07-24,613.653
13493,2031-07-25,1448,Electronics,North,1,541.66,0.12,Cod,3,4.4,476.66,2031-07-25,476.6608
13494,2031-07-26,1086,Clothing,East,3,203.58,0.32,Cod,6,4.7,415.3,2031-07-26,415.30319999999995
13495,2031-07-27,1100,Clothing,West,3,396.43,0.11,Card,9,3.7,1058.47,2031-07-27,1058.4681
13496,2031-07-28,1007,Electronics,East,1,429.27,0.26,Wallet,2,1.7,317.66,2031-07-28,317.65979999999996
13497,2031-07-29,1844,Home,North,2,470.52,0.26,Card,8,4.0,696.37,2031-07-29,696.3696
13498,2031-07-30,1199,Clothing,West,3,344.9,0.01,Card,10,1.1,1024.35,2031-07-30,1024.3529999999998
13499,2031-07-31,1504,Electronics,East,4,250.44,0.13,Card,7,1.5,871.53,2031-07-31,871.5312
13500,2031-08-01,1086,Electronics,North,3,580.7,0.01,Card,3,1.1,1724.68,2031-08-01,1724.679
13501,2031-08-02,1042,Electronics,East,2,372.63,0.35,Cod,1,1.5,484.42,2031-08-02,484.419
13502,2031-08-03,1384,Beauty,West,6,441.21,0.04,Card,6,4.0,2541.37,2031-08-03,2541.3695999999995
13503,2031-08-04,1620,Electronics,South,7,216.81,0.19,Wallet,2,4.5,1229.31,2031-08-04,1229.3127000000002
13504,2031-08-05,1434,Electronics,East,1,406.92,0.28,Card,3,2.1,292.98,2031-08-05,292.9824
13505,2031-08-06,1407,Clothing,South,6,165.81,0.07,Card,5,1.5,925.22,2031-08-06,925.2198
13506,2031-08-07,1482,Electronics,West,2,158.38,0.17,Card,11,2.1,262.91,2031-08-07,262.9108
13507,2031-08-08,1663,Electronics,South,5,433.11,0.21,Cod,8,3.6,1710.78,2031-08-08,1710.7845000000002
13508,2031-08-09,1016,Electronics,North,7,320.02,0.06,Wallet,2,2.4,2105.73,2031-08-09,2105.7315999999996
13509,2031-08-10,1644,Clothing,South,6,414.72,0.27,Cod,6,4.8,1816.47,2031-08-10,1816.4736
13510,2031-08-11,1147,Clothing,East,3,172.62,0.1,Card,1,1.5,466.07,2031-08-11,466.074
13511,2031-08-12,1276,Clothing,East,7,365.25,0.07,Wallet,7,5.0,2377.78,2031-08-12,2377.7774999999997
13512,2031-08-13,1231,Clothing,South,3,274.7,0.2,Card,4,1.0,659.28,2031-08-13,659.28
13513,2031-08-14,1825,Beauty,North,1,364.22,0.14,Cod,1,2.8,313.23,2031-08-14,313.2292
13514,2031-08-15,1926,Clothing,West,3,185.16,0.32,Card,9,2.0,377.73,2031-08-15,377.72639999999996
13515,2031-08-16,1365,Electronics,South,7,433.54,0.31,Card,9,3.3,2094.0,2031-08-16,2093.9982
13516,2031-08-17,1227,Electronics,East,4,486.47,0.17,Card,11,1.4,1615.08,2031-08-17,1615.0804
13517,2031-08-18,1650,Clothing,East,4,167.05,0.13,Card,3,4.5,581.33,2031-08-18,581.3340000000001
13518,2031-08-19,1435,Home,South,6,190.86,0.11,Wallet,6,1.5,1019.19,2031-08-19,1019.1924000000001
13519,2031-08-20,1398,Electronics,South,2,401.78,0.09,Cod,7,3.3,731.24,2031-08-20,731.2396
13520,2031-08-21,1210,Home,South,1,421.92,0.19,Wallet,4,1.1,341.76,2031-08-21,341.75520000000006
13521,2031-08-22,1390,Electronics,West,5,426.9,0.28,Cod,6,2.2,1536.84,2031-08-22,1536.84
13522,2031-08-23,1498,Clothing,East,6,414.38,0.11,Cod,9,1.6,2212.79,2031-08-23,2212.7891999999997
13523,2031-08-24,1539,Home,East,2,244.79,0.07,Cod,10,4.9,455.31,2031-08-24,455.3094
13524,2031-08-25,1562,Electronics,East,1,245.99,0.17,Wallet,6,1.0,204.17,2031-08-25,204.1717
13525,2031-08-26,1490,Clothing,West,7,164.07,0.02,Card,7,2.4,1125.52,2031-08-26,1125.5202
13526,2031-08-27,1441,Electronics,North,1,106.75,0.25,Card,6,2.2,80.06,2031-08-27,80.0625
13527,2031-08-28,1260,Home,East,7,420.16,0.18,Cod,7,3.6,2411.72,2031-08-28,2411.7184000000007
13528,2031-08-29,1772,Electronics,East,6,69.52,0.17,Wallet,1,1.2,346.21,2031-08-29,346.20959999999997
13529,2031-08-30,1349,Beauty,North,2,563.61,0.11,Wallet,6,4.2,1003.23,2031-08-30,1003.2258
13530,2031-08-31,1351,Electronics,West,2,498.61,0.32,Cod,9,2.9,678.11,2031-08-31,678.1096
13531,2031-09-01,1519,Beauty,North,3,516.64,0.03,Card,11,2.8,1503.42,2031-09-01,1503.4224
13532,2031-09-02,1319,Clothing,North,5,545.4,0.3,Card,3,1.9,1908.9,2031-09-02,1908.8999999999999
13533,2031-09-03,1137,Home,North,4,254.03,0.13,Wallet,6,3.0,884.02,2031-09-03,884.0244
13534,2031-09-04,1549,Electronics,North,3,510.32,0.31,Card,4,2.5,1056.36,2031-09-04,1056.3624
13535,2031-09-05,1622,Beauty,West,1,107.47,0.26,Card,7,2.0,79.53,2031-09-05,79.5278
13536,2031-09-06,1991,Electronics,West,5,27.66,0.04,Wallet,7,1.7,132.77,2031-09-06,132.768
13537,2031-09-07,1367,Electronics,North,5,474.16,0.29,Card,9,3.9,1683.27,2031-09-07,1683.268
13538,2031-09-08,1219,Clothing,South,2,58.76,0.24,Cod,4,1.6,89.32,2031-09-08,89.3152
13539,2031-09-09,1336,Electronics,South,5,593.29,0.01,Cod,8,1.7,2936.79,2031-09-09,2936.7855
13540,2031-09-10,1222,Electronics,South,6,409.76,0.05,Card,8,3.3,2335.63,2031-09-10,2335.632
13541,2031-09-11,1647,Beauty,South,5,455.77,0.22,Card,8,1.9,1777.5,2031-09-11,1777.503
13542,2031-09-12,1767,Beauty,East,1,158.8,0.23,Card,8,2.8,122.28,2031-09-12,122.27600000000001
13543,2031-09-13,1359,Clothing,West,6,409.21,0.26,Cod,6,3.2,1816.89,2031-09-13,1816.8923999999997
13544,2031-09-14,1920,Beauty,West,6,40.28,0.25,Cod,8,2.1,181.26,2031-09-14,181.26
13545,2031-09-15,1328,Clothing,North,3,505.13,0.23,Card,6,2.4,1166.85,2031-09-15,1166.8502999999998
13546,2031-09-16,1961,Electronics,East,5,114.23,0.27,Wallet,10,1.8,416.94,2031-09-16,416.93949999999995
13547,2031-09-17,1462,Home,North,2,422.95,0.2,Card,2,2.8,676.72,2031-09-17,676.72
13548,2031-09-18,1945,Home,North,7,146.32,0.09,Card,3,5.0,932.06,2031-09-18,932.0584
13549,2031-09-19,1962,Beauty,West,3,55.05,0.32,Card,6,2.5,112.3,2031-09-19,112.30199999999998
13550,2031-09-20,1560,Electronics,East,2,296.67,0.01,Card,7,3.6,587.41,2031-09-20,587.4066
13551,2031-09-21,1803,Home,South,5,114.03,0.13,Wallet,4,3.5,496.03,2031-09-21,496.03049999999996
13552,2031-09-22,1381,Electronics,West,3,441.72,0.26,Card,1,4.1,980.62,2031-09-22,980.6184000000001
13553,2031-09-23,1835,Electronics,East,5,153.98,0.15,Card,4,3.8,654.42,2031-09-23,654.415
13554,2031-09-24,1589,Electronics,East,1,215.35,0.01,Wallet,6,1.0,213.2,2031-09-24,213.1965
13555,2031-09-25,1616,Beauty,West,3,346.95,0.02,Cod,8,2.2,1020.03,2031-09-25,1020.0329999999999
13556,2031-09-26,1168,Home,West,2,181.71,0.23,Card,4,4.5,279.83,2031-09-26,279.83340000000004
13557,2031-09-27,1216,Home,North,1,236.12,0.34,Wallet,10,3.2,155.84,2031-09-27,155.83919999999998
13558,2031-09-28,1377,Clothing,North,4,492.14,0.19,Cod,1,1.4,1594.53,2031-09-28,1594.5336
13559,2031-09-29,1118,Electronics,North,2,119.84,0.18,Card,5,2.1,196.54,2031-09-29,196.53760000000003
13560,2031-09-30,1189,Electronics,South,7,63.09,0.11,Cod,7,2.1,393.05,2031-09-30,393.0507
13561,2031-10-01,1766,Electronics,West,5,207.09,0.09,Wallet,6,4.5,942.26,2031-10-01,942.2595000000001
13562,2031-10-02,1369,Clothing,East,2,263.26,0.01,Cod,3,3.2,521.25,2031-10-02,521.2547999999999
13563,2031-10-03,1777,Home,West,4,332.46,0.1,Cod,7,3.4,1196.86,2031-10-03,1196.856
13564,2031-10-04,1148,Clothing,East,2,232.87,0.16,Wallet,4,2.5,391.22,2031-10-04,391.22159999999997
13565,2031-10-05,1675,Electronics,South,1,477.1,0.07,Cod,5,1.2,443.7,2031-10-05,443.703
13566,2031-10-06,1651,Electronics,West,6,38.0,0.03,Card,11,1.3,221.16,2031-10-06,221.16
13567,2031-10-07,1858,Electronics,East,2,267.58,0.25,Card,7,2.7,401.37,2031-10-07,401.37
13568,2031-10-08,1487,Clothing,East,3,238.62,0.31,Cod,2,1.7,493.94,2031-10-08,493.9434
13569,2031-10-09,1769,Beauty,North,7,393.83,0.33,Card,4,1.4,1847.06,2031-10-09,1847.0626999999997
13570,2031-10-10,1373,Clothing,South,4,580.27,0.22,Wallet,4,2.0,1810.44,2031-10-10,1810.4424
13571,2031-10-11,1780,Home,West,2,313.57,0.02,Card,6,4.0,614.6,2031-10-11,614.5971999999999
13572,2031-10-12,1692,Clothing,North,4,592.32,0.26,Cod,11,1.3,1753.27,2031-10-12,1753.2672000000002
13573,2031-10-13,1159,Clothing,South,6,191.82,0.04,Cod,7,2.8,1104.88,2031-10-13,1104.8832
13574,2031-10-14,1350,Electronics,North,1,33.06,0.23,Cod,4,4.3,25.46,2031-10-14,25.456200000000003
13575,2031-10-15,1911,Beauty,West,3,111.91,0.27,Card,10,2.1,245.08,2031-10-15,245.0829
13576,2031-10-16,1287,Home,East,5,246.15,0.25,Card,1,2.2,923.06,2031-10-16,923.0625
13577,2031-10-17,1287,Electronics,West,2,200.06,0.33,Cod,1,4.5,268.08,2031-10-17,268.0804
13578,2031-10-18,1891,Clothing,South,1,71.78,0.26,Wallet,5,3.6,53.12,2031-10-18,53.1172
13579,2031-10-19,1225,Clothing,West,4,268.11,0.24,Cod,1,4.2,815.05,2031-10-19,815.0544000000001
13580,2031-10-20,1522,Clothing,South,6,212.8,0.09,Card,3,2.2,1161.89,2031-10-20,1161.8880000000001
13581,2031-10-21,1521,Beauty,North,7,86.73,0.32,Card,9,5.0,412.83,2031-10-21,412.8348
13582,2031-10-22,1782,Clothing,South,4,188.23,0.06,Wallet,3,1.6,707.74,2031-10-22,707.7447999999999
13583,2031-10-23,1272,Clothing,East,7,533.57,0.32,Wallet,3,4.8,2539.79,2031-10-23,2539.7932
13584,2031-10-24,1935,Electronics,East,6,191.7,0.11,Card,9,4.6,1023.68,2031-10-24,1023.6779999999999
13585,2031-10-25,1401,Electronics,East,7,432.66,0.05,Cod,5,3.2,2877.19,2031-10-25,2877.1890000000003
13586,2031-10-26,1182,Electronics,North,6,373.05,0.29,Card,8,3.3,1589.19,2031-10-26,1589.193
13587,2031-10-27,1968,Electronics,South,1,264.9,0.0,Cod,10,4.1,264.9,2031-10-27,264.9
13588,2031-10-28,1664,Home,North,2,154.83,0.29,Wallet,9,2.2,219.86,2031-10-28,219.8586
13589,2031-10-29,1487,Home,West,5,230.87,0.09,Card,6,3.1,1050.46,2031-10-29,1050.4585
13590,2031-10-30,1826,Electronics,West,2,361.38,0.31,Cod,7,4.6,498.7,2031-10-30,498.70439999999996
13591,2031-10-31,1845,Home,West,3,220.19,0.24,Card,7,1.3,502.03,2031-10-31,502.03319999999997
13592,2031-11-01,1123,Electronics,West,2,140.71,0.23,Card,7,4.6,216.69,2031-11-01,216.69340000000003
13593,2031-11-02,1984,Electronics,East,6,83.13,0.13,Cod,4,3.9,433.94,2031-11-02,433.93859999999995
13594,2031-11-03,1625,Electronics,South,6,529.66,0.02,Card,2,4.1,3114.4,2031-11-03,3114.4008
13595,2031-11-04,1789,Clothing,East,3,272.58,0.29,Cod,2,1.3,580.6,2031-11-04,580.5953999999999
13596,2031-11-05,1413,Electronics,South,4,380.75,0.06,Card,7,1.8,1431.62,2031-11-05,1431.62
13597,2031-11-06,1979,Clothing,South,6,301.89,0.13,Cod,10,4.7,1575.87,2031-11-06,1575.8657999999998
13598,2031-11-07,1724,Clothing,North,3,525.45,0.21,Card,7,1.5,1245.32,2031-11-07,1245.3165000000001
13599,2031-11-08,1171,Beauty,West,6,334.96,0.17,Cod,10,3.5,1668.1,2031-11-08,1668.1007999999997
13600,2031-11-09,1287,Electronics,South,5,296.26,0.07,Cod,7,4.1,1377.61,2031-11-09,1377.609
13601,2031-11-10,1434,Electronics,West,6,555.89,0.05,Wallet,8,1.9,3168.57,2031-11-10,3168.573
13602,2031-11-11,1685,Electronics,West,1,436.02,0.04,Wallet,3,3.8,418.58,2031-11-11,418.57919999999996
13603,2031-11-12,1112,Clothing,West,3,80.26,0.3,Card,11,1.3,168.55,2031-11-12,168.54600000000002
13604,2031-11-13,1887,Electronics,East,7,118.96,0.01,Card,5,3.0,824.39,2031-11-13,824.3927999999999
13605,2031-11-14,1916,Home,West,2,475.47,0.34,Cod,6,2.3,627.62,2031-11-14,627.6203999999999
13606,2031-11-15,1994,Clothing,South,3,503.97,0.07,Cod,8,3.6,1406.08,2031-11-15,1406.0763
13607,2031-11-16,1121,Clothing,East,4,333.94,0.04,Card,8,4.6,1282.33,2031-11-16,1282.3296
13608,2031-11-17,1543,Clothing,West,6,339.36,0.2,Card,10,1.5,1628.93,2031-11-17,1628.928
13609,2031-11-18,1221,Electronics,North,3,384.68,0.03,Cod,3,2.8,1119.42,2031-11-18,1119.4188
13610,2031-11-19,1630,Electronics,West,5,271.88,0.21,Wallet,4,2.7,1073.93,2031-11-19,1073.9260000000002
13611,2031-11-20,1038,Electronics,West,3,412.92,0.3,Wallet,6,2.3,867.13,2031-11-20,867.132
13612,2031-11-21,1496,Clothing,East,5,78.46,0.02,Card,4,2.9,384.45,2031-11-21,384.45399999999995
13613,2031-11-22,1779,Electronics,South,6,577.35,0.28,Card,10,4.5,2494.15,2031-11-22,2494.152
13614,2031-11-23,1232,Electronics,West,2,453.84,0.14,Card,4,4.9,780.6,2031-11-23,780.6048
13615,2031-11-24,1942,Beauty,East,6,384.24,0.06,Cod,5,1.0,2167.11,2031-11-24,2167.1136
13616,2031-11-25,1529,Electronics,East,4,200.05,0.06,Cod,10,4.0,752.19,2031-11-25,752.188
13617,2031-11-26,1148,Home,South,1,109.16,0.32,Cod,7,3.5,74.23,2031-11-26,74.22879999999999
13618,2031-11-27,1396,Home,East,2,254.47,0.04,Cod,2,5.0,488.58,2031-11-27,488.5824
13619,2031-11-28,1660,Electronics,South,2,402.02,0.3,Card,2,1.4,562.83,2031-11-28,562.828
13620,2031-11-29,1637,Electronics,North,1,385.72,0.19,Card,10,4.2,312.43,2031-11-29,312.43320000000006
13621,2031-11-30,1903,Electronics,West,3,238.85,0.01,Wallet,9,4.7,709.38,2031-11-30,709.3845
13622,2031-12-01,1301,Home,East,6,373.77,0.16,Card,4,4.6,1883.8,2031-12-01,1883.8007999999998
13623,2031-12-02,1359,Clothing,North,3,491.04,0.29,Card,5,3.2,1045.92,2031-12-02,1045.9152000000001
13624,2031-12-03,1237,Home,East,3,30.38,0.25,Cod,3,2.3,68.36,2031-12-03,68.355
13625,2031-12-04,1646,Beauty,East,6,278.61,0.17,Cod,2,3.6,1387.48,2031-12-04,1387.4778
13626,2031-12-05,1662,Home,North,4,458.75,0.3,Wallet,10,2.2,1284.5,2031-12-05,1284.5
13627,2031-12-06,1235,Electronics,East,2,334.49,0.04,Card,8,2.6,642.22,2031-12-06,642.2207999999999
13628,2031-12-07,1735,Electronics,East,5,396.11,0.32,Cod,4,2.8,1346.77,2031-12-07,1346.774
13629,2031-12-08,1202,Home,North,1,317.26,0.3,Cod,1,2.2,222.08,2031-12-08,222.082
13630,2031-12-09,1255,Electronics,East,2,595.25,0.25,Wallet,6,2.4,892.88,2031-12-09,892.875
13631,2031-12-10,1597,Electronics,South,3,46.95,0.29,Cod,6,1.0,100.0,2031-12-10,100.00350000000002
13632,2031-12-11,1661,Home,East,1,302.26,0.19,Wallet,2,2.2,244.83,2031-12-11,244.8306
13633,2031-12-12,1234,Clothing,West,5,68.48,0.24,Card,2,2.9,260.22,2031-12-12,260.22400000000005
13634,2031-12-13,1344,Beauty,East,2,108.47,0.2,Cod,8,1.7,173.55,2031-12-13,173.55200000000002
13635,2031-12-14,1533,Home,West,2,239.08,0.12,Card,11,4.2,420.78,2031-12-14,420.7808
13636,2031-12-15,1859,Electronics,West,4,105.99,0.2,Card,7,3.2,339.17,2031-12-15,339.168
13637,2031-12-16,1796,Beauty,East,2,578.76,0.09,Card,2,4.2,1053.34,2031-12-16,1053.3432
13638,2031-12-17,1780,Electronics,North,2,568.87,0.15,Cod,10,1.5,967.08,2031-12-17,967.079
13639,2031-12-18,1465,Electronics,South,5,211.62,0.1,Card,1,4.3,952.29,2031-12-18,952.29
13640,2031-12-19,1769,Clothing,South,5,389.25,0.04,Wallet,11,4.8,1868.4,2031-12-19,1868.3999999999999
13641,2031-12-20,1540,Electronics,East,1,327.25,0.11,Cod,8,2.4,291.25,2031-12-20,291.2525
13642,2031-12-21,1212,Clothing,North,3,492.12,0.3,Card,10,2.1,1033.45,2031-12-21,1033.452
13643,2031-12-22,1462,Electronics,North,5,382.06,0.13,Cod,2,3.6,1661.96,2031-12-22,1661.961
13644,2031-12-23,1435,Clothing,South,1,15.15,0.26,Card,5,3.5,11.21,2031-12-23,11.211
13645,2031-12-24,1282,Clothing,North,2,461.46,0.06,Card,6,1.4,867.54,2031-12-24,867.5447999999999
13646,2031-12-25,1561,Home,East,1,451.91,0.15,Cod,10,4.7,384.12,2031-12-25,384.12350000000004
13647,2031-12-26,1606,Home,East,1,313.19,0.04,Wallet,1,2.9,300.66,2031-12-26,300.6624
13648,2031-12-27,1462,Electronics,North,1,543.21,0.05,Cod,2,4.1,516.05,2031-12-27,516.0495
13649,2031-12-28,1406,Clothing,East,6,546.44,0.22,Wallet,10,2.4,2557.34,2031-12-28,2557.3392000000003
13650,2031-12-29,1087,Clothing,West,1,321.49,0.21,Cod,4,2.0,253.98,2031-12-29,253.9771
13651,2031-12-30,1043,Electronics,South,5,370.67,0.07,Card,2,1.4,1723.62,2031-12-30,1723.6155
13652,2031-12-31,1460,Home,East,7,597.97,0.17,Cod,11,2.1,3474.21,2031-12-31,3474.2057
13653,2032-01-01,1277,Home,North,7,189.81,0.3,Cod,6,5.0,930.07,2032-01-01,930.069
13654,2032-01-02,1682,Electronics,South,7,204.9,0.06,Card,4,3.6,1348.24,2032-01-02,1348.242
13655,2032-01-03,1420,Clothing,East,7,121.92,0.01,Wallet,11,4.2,844.91,2032-01-03,844.9056
13656,2032-01-04,1700,Electronics,South,6,539.08,0.23,Cod,3,4.8,2490.55,2032-01-04,2490.5496000000003
13657,2032-01-05,1352,Clothing,North,3,450.53,0.02,Card,6,1.3,1324.56,2032-01-05,1324.5582
13658,2032-01-06,1695,Electronics,West,1,76.8,0.34,Wallet,9,1.7,50.69,2032-01-06,50.687999999999995
13659,2032-01-07,1514,Beauty,West,4,589.33,0.21,Card,8,4.7,1862.28,2032-01-07,1862.2828000000002
13660,2032-01-08,1702,Home,East,7,442.61,0.16,Wallet,2,3.3,2602.55,2032-01-08,2602.5468
13661,2032-01-09,1629,Clothing,West,2,512.56,0.15,Card,3,3.5,871.35,2032-01-09,871.3519999999999
13662,2032-01-10,1018,Clothing,East,7,43.17,0.2,Cod,2,2.7,241.75,2032-01-10,241.752
13663,2032-01-11,1022,Beauty,South,7,310.4,0.03,Cod,10,4.3,2107.62,2032-01-11,2107.6159999999995
13664,2032-01-12,1412,Clothing,East,2,423.68,0.33,Cod,7,3.1,567.73,2032-01-12,567.7312
13665,2032-01-13,1029,Electronics,East,6,332.62,0.22,Card,9,4.3,1556.66,2032-01-13,1556.6616000000001
13666,2032-01-14,1806,Clothing,East,2,404.99,0.06,Card,1,5.0,761.38,2032-01-14,761.3811999999999
13667,2032-01-15,1107,Home,West,2,493.46,0.2,Card,11,3.6,789.54,2032-01-15,789.5360000000001
13668,2032-01-16,1366,Clothing,East,6,233.99,0.05,Wallet,3,3.1,1333.74,2032-01-16,1333.743
13669,2032-01-17,1280,Home,North,2,511.47,0.01,Card,6,2.5,1012.71,2032-01-17,1012.7106
13670,2032-01-18,1127,Beauty,East,1,110.31,0.22,Cod,4,1.8,86.04,2032-01-18,86.04180000000001
13671,2032-01-19,1228,Beauty,South,7,173.47,0.23,Wallet,10,3.6,935.0,2032-01-19,935.0033
13672,2032-01-20,1110,Beauty,North,3,40.36,0.2,Wallet,10,1.3,96.86,2032-01-20,96.864
13673,2032-01-21,1135,Electronics,South,6,228.19,0.06,Card,1,4.8,1286.99,2032-01-21,1286.9915999999998
13674,2032-01-22,1361,Clothing,South,4,237.25,0.21,Wallet,9,3.6,749.71,2032-01-22,749.71
13675,2032-01-23,1185,Home,South,6,486.08,0.02,Card,7,4.8,2858.15,2032-01-23,2858.1504
13676,2032-01-24,1655,Home,North,5,397.08,0.21,Cod,11,2.1,1568.47,2032-01-24,1568.466
13677,2032-01-25,1583,Clothing,North,4,270.48,0.19,Cod,7,4.8,876.36,2032-01-25,876.3552000000001
13678,2032-01-26,1128,Electronics,West,5,396.49,0.23,Card,1,3.4,1526.49,2032-01-26,1526.4865
13679,2032-01-27,1875,Home,North,6,45.88,0.31,Card,9,4.2,189.94,2032-01-27,189.94320000000002
13680,2032-01-28,1260,Home,East,5,120.46,0.3,Cod,8,1.7,421.61,2032-01-28,421.60999999999996
13681,2032-01-29,1514,Electronics,South,4,381.76,0.34,Card,11,3.0,1007.85,2032-01-29,1007.8463999999999
13682,2032-01-30,1448,Clothing,West,1,390.2,0.34,Wallet,10,3.3,257.53,2032-01-30,257.532
13683,2032-01-31,1899,Electronics,North,6,467.87,0.27,Card,5,2.6,2049.27,2032-01-31,2049.2706000000003
13684,2032-02-01,1103,Electronics,South,6,250.75,0.33,Wallet,4,2.0,1008.01,2032-02-01,1008.0149999999999
13685,2032-02-02,1482,Electronics,North,2,437.69,0.3,Cod,1,4.6,612.77,2032-02-02,612.766
13686,2032-02-03,1223,Clothing,West,6,415.13,0.25,Wallet,9,1.3,1868.08,2032-02-03,1868.0849999999998
13687,2032-02-04,1831,Clothing,North,7,578.59,0.03,Cod,8,1.6,3928.63,2032-02-04,3928.6261
13688,2032-02-05,1873,Clothing,North,7,140.85,0.02,Wallet,2,2.3,966.23,2032-02-05,966.2309999999999
13689,2032-02-06,1865,Home,South,6,337.73,0.29,Card,4,4.7,1438.73,2032-02-06,1438.7298
13690,2032-02-07,1490,Home,East,1,367.03,0.17,Cod,4,3.3,304.63,2032-02-07,304.63489999999996
13691,2032-02-08,1472,Electronics,North,2,599.21,0.29,Card,7,2.5,850.88,2032-02-08,850.8782
13692,2032-02-09,1009,Electronics,West,3,132.69,0.11,Card,3,2.6,354.28,2032-02-09,354.2823
13693,2032-02-10,1404,Beauty,North,5,321.08,0.14,Cod,8,4.4,1380.64,2032-02-10,1380.6439999999998
13694,2032-02-11,1895,Electronics,North,4,217.52,0.25,Cod,11,1.1,652.56,2032-02-11,652.5600000000001
13695,2032-02-12,1301,Beauty,East,3,322.65,0.32,Card,7,1.0,658.21,2032-02-12,658.2059999999999
13696,2032-02-13,1230,Home,South,2,150.8,0.03,Cod,10,1.2,292.55,2032-02-13,292.552
13697,2032-02-14,1730,Clothing,West,7,42.85,0.3,Cod,4,2.9,209.96,2032-02-14,209.96499999999997
13698,2032-02-15,1922,Beauty,South,7,349.95,0.28,Card,9,3.3,1763.75,2032-02-15,1763.748
13699,2032-02-16,1065,Electronics,South,7,211.47,0.11,Cod,6,3.5,1317.46,2032-02-16,1317.4581
13700,2032-02-17,1936,Electronics,South,1,121.44,0.12,Cod,3,3.9,106.87,2032-02-17,106.8672
13701,2032-02-18,1111,Clothing,North,7,204.5,0.02,Card,7,1.8,1402.87,2032-02-18,1402.87
13702,2032-02-19,1012,Clothing,East,4,43.83,0.01,Cod,6,2.0,173.57,2032-02-19,173.5668
13703,2032-02-20,1392,Beauty,North,5,571.01,0.17,Cod,8,2.0,2369.69,2032-02-20,2369.6915
13704,2032-02-21,1499,Electronics,West,6,354.97,0.03,Wallet,5,1.6,2065.93,2032-02-21,2065.9254
13705,2032-02-22,1931,Clothing,East,6,491.64,0.07,Card,6,2.0,2743.35,2032-02-22,2743.3512
13706,2032-02-23,1597,Clothing,South,3,262.52,0.3,Wallet,1,3.5,551.29,2032-02-23,551.2919999999999
13707,2032-02-24,1233,Home,East,5,543.44,0.2,Card,8,2.5,2173.76,2032-02-24,2173.76
13708,2032-02-25,1601,Electronics,West,2,297.74,0.22,Card,1,4.1,464.47,2032-02-25,464.4744
13709,2032-02-26,1313,Clothing,North,5,350.76,0.07,Card,3,3.1,1631.03,2032-02-26,1631.0339999999999
13710,2032-02-27,1565,Home,North,1,302.7,0.29,Wallet,2,1.8,214.92,2032-02-27,214.91699999999997
13711,2032-02-28,1011,Electronics,South,3,443.97,0.3,Cod,6,2.9,932.34,2032-02-28,932.337
13712,2032-02-29,1208,Home,North,3,346.49,0.18,Card,8,3.4,852.37,2032-02-29,852.3654000000001
13713,2032-03-01,1973,Clothing,North,1,173.89,0.32,Card,8,4.5,118.25,2032-03-01,118.24519999999998
13714,2032-03-02,1013,Home,West,5,100.14,0.3,Card,7,4.3,350.49,2032-03-02,350.48999999999995
13715,2032-03-03,1632,Home,East,7,369.58,0.26,Card,7,2.7,1914.42,2032-03-03,1914.4243999999999
13716,2032-03-04,1417,Electronics,North,1,301.17,0.26,Cod,8,3.6,222.87,2032-03-04,222.8658
13717,2032-03-05,1436,Clothing,West,7,71.15,0.04,Cod,5,2.2,478.13,2032-03-05,478.12800000000004
13718,2032-03-06,1376,Beauty,West,4,246.44,0.09,Wallet,3,3.5,897.04,2032-03-06,897.0416
13719,2032-03-07,1019,Clothing,South,1,316.14,0.02,Wallet,2,4.7,309.82,2032-03-07,309.81719999999996
13720,2032-03-08,1586,Beauty,West,7,498.73,0.0,Cod,3,3.5,3491.11,2032-03-08,3491.11
13721,2032-03-09,1911,Clothing,South,5,59.52,0.06,Card,11,2.2,279.74,2032-03-09,279.744
13722,2032-03-10,1754,Electronics,North,7,218.87,0.31,Card,11,3.6,1057.14,2032-03-10,1057.1421
13723,2032-03-11,1734,Clothing,South,1,496.25,0.08,Cod,3,4.6,456.55,2032-03-11,456.55
13724,2032-03-12,1069,Beauty,West,2,394.33,0.34,Cod,7,1.5,520.52,2032-03-12,520.5156
13725,2032-03-13,1823,Electronics,East,6,184.63,0.21,Cod,1,2.9,875.15,2032-03-13,875.1462
13726,2032-03-14,1210,Beauty,East,1,509.52,0.08,Wallet,7,2.3,468.76,2032-03-14,468.7584
13727,2032-03-15,1100,Beauty,North,6,303.58,0.17,Wallet,6,2.0,1511.83,2032-03-15,1511.8283999999999
13728,2032-03-16,1697,Clothing,North,1,306.54,0.08,Card,11,2.6,282.02,2032-03-16,282.01680000000005
13729,2032-03-17,1131,Electronics,East,5,586.3,0.34,Card,10,2.6,1934.79,2032-03-17,1934.7899999999997
13730,2032-03-18,1622,Home,South,4,569.06,0.3,Wallet,2,1.8,1593.37,2032-03-18,1593.3679999999997
13731,2032-03-19,1380,Electronics,North,4,224.74,0.01,Wallet,10,2.6,889.97,2032-03-19,889.9704
13732,2032-03-20,1131,Home,West,6,97.24,0.33,Card,1,3.5,390.9,2032-03-20,390.9047999999999
13733,2032-03-21,1019,Clothing,North,5,205.52,0.25,Cod,9,1.1,770.7,2032-03-21,770.7
13734,2032-03-22,1905,Clothing,South,7,32.83,0.03,Cod,2,5.0,222.92,2032-03-22,222.9157
13735,2032-03-23,1535,Home,North,5,27.15,0.23,Cod,4,2.2,104.53,2032-03-23,104.5275
13736,2032-03-24,1226,Clothing,West,5,246.38,0.23,Card,9,3.5,948.56,2032-03-24,948.5630000000001
13737,2032-03-25,1153,Clothing,West,2,565.5,0.08,Wallet,9,2.1,1040.52,2032-03-25,1040.52
13738,2032-03-26,1804,Clothing,West,3,524.74,0.27,Cod,11,2.6,1149.18,2032-03-26,1149.1806
13739,2032-03-27,1741,Clothing,South,1,314.19,0.03,Card,1,3.2,304.76,2032-03-27,304.7643
13740,2032-03-28,1468,Clothing,South,5,345.66,0.17,Cod,2,3.4,1434.49,2032-03-28,1434.489
13741,2032-03-29,1821,Home,West,5,18.47,0.0,Cod,2,4.1,92.35,2032-03-29,92.35
13742,2032-03-30,1999,Clothing,West,5,141.07,0.34,Wallet,2,4.2,465.53,2032-03-30,465.5309999999999
13743,2032-03-31,1870,Clothing,South,4,29.49,0.26,Card,8,3.1,87.29,2032-03-31,87.29039999999999
13744,2032-04-01,1404,Home,South,5,456.41,0.06,Wallet,8,1.3,2145.13,2032-04-01,2145.127
13745,2032-04-02,1201,Electronics,South,1,100.2,0.12,Card,10,3.2,88.18,2032-04-02,88.176
13746,2032-04-03,1037,Electronics,East,7,523.39,0.06,Cod,8,2.9,3443.91,2032-04-03,3443.9062
13747,2032-04-04,1941,Beauty,South,7,391.34,0.27,Cod,4,1.9,1999.75,2032-04-04,1999.7473999999997
13748,2032-04-05,1771,Home,West,5,149.21,0.02,Card,8,1.0,731.13,2032-04-05,731.129
13749,2032-04-06,1187,Clothing,East,1,107.27,0.29,Cod,7,2.3,76.16,2032-04-06,76.1617
13750,2032-04-07,1056,Clothing,South,2,382.16,0.33,Wallet,8,2.0,512.09,2032-04-07,512.0944
13751,2032-04-08,1940,Electronics,West,7,541.99,0.24,Cod,1,2.9,2883.39,2032-04-08,2883.3868
13752,2032-04-09,1019,Clothing,North,3,435.24,0.07,Cod,3,4.0,1214.32,2032-04-09,1214.3196
13753,2032-04-10,1272,Clothing,East,4,218.9,0.13,Card,10,2.8,761.77,2032-04-10,761.772
13754,2032-04-11,1118,Clothing,West,1,358.62,0.17,Card,6,4.8,297.65,2032-04-11,297.6546
13755,2032-04-12,1582,Clothing,North,7,196.8,0.21,Card,1,1.9,1088.3,2032-04-12,1088.304
13756,2032-04-13,1515,Electronics,West,7,599.5,0.23,Wallet,4,1.9,3231.3,2032-04-13,3231.3050000000003
13757,2032-04-14,1220,Electronics,South,6,453.07,0.19,Cod,9,3.4,2201.92,2032-04-14,2201.9202
13758,2032-04-15,1525,Beauty,South,2,374.41,0.12,Wallet,7,4.6,658.96,2032-04-15,658.9616000000001
13759,2032-04-16,1514,Clothing,North,3,262.61,0.31,Card,1,3.7,543.6,2032-04-16,543.6027
13760,2032-04-17,1727,Clothing,South,3,376.62,0.03,Cod,6,3.7,1095.96,2032-04-17,1095.9642000000001
13761,2032-04-18,1740,Electronics,West,3,214.85,0.16,Card,6,4.2,541.42,2032-04-18,541.4219999999999
13762,2032-04-19,1335,Electronics,North,1,31.89,0.27,Cod,2,3.7,23.28,2032-04-19,23.2797
13763,2032-04-20,1697,Home,West,2,246.13,0.02,Card,6,4.0,482.41,2032-04-20,482.41479999999996
13764,2032-04-21,1054,Clothing,West,5,559.33,0.25,Card,10,4.5,2097.49,2032-04-21,2097.4875
13765,2032-04-22,1499,Clothing,West,6,381.39,0.29,Cod,2,1.0,1624.72,2032-04-22,1624.7214000000001
13766,2032-04-23,1899,Electronics,South,2,64.11,0.23,Card,8,4.5,98.73,2032-04-23,98.7294
13767,2032-04-24,1887,Home,South,2,532.72,0.0,Cod,7,1.9,1065.44,2032-04-24,1065.44
13768,2032-04-25,1765,Electronics,West,7,172.29,0.06,Cod,6,4.6,1133.67,2032-04-25,1133.6681999999998
13769,2032-04-26,1535,Electronics,East,2,157.61,0.12,Cod,10,2.1,277.39,2032-04-26,277.39360000000005
13770,2032-04-27,1161,Clothing,West,1,188.8,0.08,Wallet,6,2.8,173.7,2032-04-27,173.69600000000003
13771,2032-04-28,1669,Electronics,West,6,352.66,0.34,Card,9,4.7,1396.53,2032-04-28,1396.5335999999998
13772,2032-04-29,1593,Electronics,North,1,333.64,0.23,Cod,9,1.4,256.9,2032-04-29,256.9028
13773,2032-04-30,1914,Clothing,West,6,302.48,0.1,Wallet,10,4.0,1633.39,2032-04-30,1633.392
13774,2032-05-01,1158,Home,South,6,434.76,0.33,Cod,10,2.6,1747.74,2032-05-01,1747.7351999999998
13775,2032-05-02,1187,Home,North,7,200.17,0.26,Card,2,1.1,1036.88,2032-05-02,1036.8806
13776,2032-05-03,1059,Clothing,East,1,472.51,0.1,Wallet,3,4.8,425.26,2032-05-03,425.259
13777,2032-05-04,1914,Electronics,North,6,117.56,0.13,Card,10,1.5,613.66,2032-05-04,613.6632
13778,2032-05-05,1816,Electronics,East,2,472.83,0.07,Card,7,4.1,879.46,2032-05-05,879.4637999999999
13779,2032-05-06,1318,Beauty,North,1,403.33,0.34,Card,11,2.5,266.2,2032-05-06,266.1978
13780,2032-05-07,1877,Clothing,North,6,414.68,0.18,Card,10,4.2,2040.23,2032-05-07,2040.2256
13781,2032-05-08,1210,Home,East,3,296.71,0.31,Card,9,4.0,614.19,2032-05-08,614.1896999999999
13782,2032-05-09,1405,Electronics,South,1,405.2,0.12,Card,6,3.5,356.58,2032-05-09,356.57599999999996
13783,2032-05-10,1663,Clothing,South,7,61.68,0.3,Card,11,4.8,302.23,2032-05-10,302.23199999999997
13784,2032-05-11,1108,Electronics,South,4,513.16,0.02,Card,1,1.4,2011.59,2032-05-11,2011.5872
13785,2032-05-12,1075,Clothing,North,1,47.5,0.34,Card,11,4.2,31.35,2032-05-12,31.349999999999998
13786,2032-05-13,1541,Beauty,West,1,102.01,0.32,Cod,7,3.7,69.37,2032-05-13,69.3668
13787,2032-05-14,1313,Beauty,North,1,352.42,0.13,Card,11,2.3,306.61,2032-05-14,306.60540000000003
13788,2032-05-15,1997,Clothing,West,6,447.56,0.27,Card,1,3.2,1960.31,2032-05-15,1960.3128000000002
13789,2032-05-16,1116,Clothing,West,1,59.61,0.26,Card,5,3.6,44.11,2032-05-16,44.111399999999996
13790,2032-05-17,1926,Beauty,South,4,553.65,0.32,Card,9,3.9,1505.93,2032-05-17,1505.9279999999999
13791,2032-05-18,1867,Home,West,5,584.56,0.11,Card,10,1.7,2601.29,2032-05-18,2601.292
13792,2032-05-19,1703,Electronics,North,1,369.48,0.16,Card,11,1.4,310.36,2032-05-19,310.3632
13793,2032-05-20,1018,Clothing,North,3,296.53,0.3,Cod,10,1.4,622.71,2032-05-20,622.7129999999999
13794,2032-05-21,1431,Electronics,South,4,448.72,0.27,Cod,9,2.2,1310.26,2032-05-21,1310.2624
13795,2032-05-22,1684,Clothing,East,5,207.09,0.14,Wallet,1,1.6,890.49,2032-05-22,890.4870000000001
13796,2032-05-23,1739,Clothing,North,6,303.56,0.3,Cod,6,3.1,1274.95,2032-05-23,1274.952
13797,2032-05-24,1349,Clothing,West,1,550.95,0.02,Cod,3,2.7,539.93,2032-05-24,539.931
13798,2032-05-25,1182,Clothing,North,5,574.06,0.27,Card,9,4.6,2095.32,2032-05-25,2095.319
13799,2032-05-26,1112,Electronics,North,3,557.34,0.07,Cod,3,3.9,1554.98,2032-05-26,1554.9786
13800,2032-05-27,1182,Clothing,North,4,168.53,0.1,Card,2,1.8,606.71,2032-05-27,606.708
13801,2032-05-28,1480,Home,East,4,150.99,0.17,Cod,8,1.2,501.29,2032-05-28,501.2868
13802,2032-05-29,1145,Home,West,6,189.13,0.16,Card,3,3.8,953.22,2032-05-29,953.2152
13803,2032-05-30,1830,Electronics,South,6,273.17,0.18,Cod,5,4.4,1344.0,2032-05-30,1343.9964
13804,2032-05-31,1627,Beauty,North,6,198.79,0.19,Wallet,6,3.8,966.12,2032-05-31,966.1194
13805,2032-06-01,1112,Beauty,West,5,233.91,0.12,Wallet,10,3.6,1029.2,2032-06-01,1029.204
13806,2032-06-02,1762,Electronics,West,1,378.07,0.06,Card,10,2.0,355.39,2032-06-02,355.38579999999996
13807,2032-06-03,1475,Electronics,South,2,461.08,0.27,Card,1,3.0,673.18,2032-06-03,673.1768
13808,2032-06-04,1762,Home,North,4,445.3,0.14,Wallet,7,3.9,1531.83,2032-06-04,1531.832
13809,2032-06-05,1302,Home,East,2,491.44,0.18,Cod,11,1.8,805.96,2032-06-05,805.9616000000001
13810,2032-06-06,1970,Beauty,West,7,33.83,0.23,Cod,7,2.9,182.34,2032-06-06,182.3437
13811,2032-06-07,1824,Beauty,South,4,42.92,0.32,Cod,5,1.5,116.74,2032-06-07,116.74239999999999
13812,2032-06-08,1117,Clothing,East,6,476.79,0.25,Cod,9,3.1,2145.56,2032-06-08,2145.5550000000003
13813,2032-06-09,1812,Clothing,West,1,326.85,0.02,Wallet,11,3.3,320.31,2032-06-09,320.313
13814,2032-06-10,1160,Electronics,North,1,353.21,0.29,Cod,2,3.1,250.78,2032-06-10,250.77909999999997
13815,2032-06-11,1400,Electronics,West,4,45.76,0.35,Cod,5,2.9,118.98,2032-06-11,118.976
13816,2032-06-12,1197,Clothing,East,5,164.36,0.17,Cod,2,3.3,682.09,2032-06-12,682.094
13817,2032-06-13,1259,Clothing,East,7,388.44,0.34,Wallet,2,5.0,1794.59,2032-06-13,1794.5927999999997
13818,2032-06-14,1659,Clothing,North,6,517.62,0.19,Cod,11,3.5,2515.63,2032-06-14,2515.6332
13819,2032-06-15,1751,Home,North,1,551.44,0.16,Cod,9,4.0,463.21,2032-06-15,463.2096
13820,2032-06-16,1046,Electronics,South,7,307.75,0.12,Wallet,7,1.8,1895.74,2032-06-16,1895.74
13821,2032-06-17,1986,Clothing,North,7,334.1,0.23,Cod,4,3.1,1800.8,2032-06-17,1800.7990000000002
13822,2032-06-18,1398,Electronics,South,1,502.33,0.08,Card,11,1.0,462.14,2032-06-18,462.1436
13823,2032-06-19,1709,Clothing,East,3,329.51,0.04,Cod,8,1.1,948.99,2032-06-19,948.9888
13824,2032-06-20,1558,Home,East,7,317.36,0.01,Cod,11,2.3,2199.3,2032-06-20,2199.3048
13825,2032-06-21,1077,Home,West,1,544.47,0.1,Card,11,2.9,490.02,2032-06-21,490.023
13826,2032-06-22,1123,Beauty,West,3,477.11,0.14,Cod,4,3.3,1230.94,2032-06-22,1230.9438
13827,2032-06-23,1074,Electronics,South,1,546.81,0.19,Cod,1,4.6,442.92,2032-06-23,442.9161
13828,2032-06-24,1870,Clothing,North,1,142.67,0.1,Cod,10,4.1,128.4,2032-06-24,128.403
13829,2032-06-25,1136,Electronics,North,7,321.76,0.34,Cod,3,2.2,1486.53,2032-06-25,1486.5311999999997
13830,2032-06-26,1601,Clothing,West,5,507.85,0.1,Cod,10,4.0,2285.33,2032-06-26,2285.3250000000003
13831,2032-06-27,1399,Beauty,East,5,80.02,0.15,Wallet,1,3.2,340.08,2032-06-27,340.085
13832,2032-06-28,1836,Home,South,6,479.88,0.04,Card,2,4.1,2764.11,2032-06-28,2764.1087999999995
13833,2032-06-29,1504,Beauty,East,1,122.04,0.09,Card,2,2.6,111.06,2032-06-29,111.05640000000001
13834,2032-06-30,1499,Electronics,East,6,487.75,0.02,Card,7,1.4,2867.97,2032-06-30,2867.97
13835,2032-07-01,1572,Beauty,North,6,373.02,0.2,Cod,4,3.5,1790.5,2032-07-01,1790.496
13836,2032-07-02,1137,Electronics,South,6,128.04,0.26,Card,10,3.2,568.5,2032-07-02,568.4976
13837,2032-07-03,1049,Beauty,East,6,291.91,0.07,Card,9,4.8,1628.86,2032-07-03,1628.8578
13838,2032-07-04,1770,Electronics,West,4,413.91,0.13,Cod,2,1.6,1440.41,2032-07-04,1440.4068
13839,2032-07-05,1972,Electronics,West,7,385.8,0.01,Card,9,3.6,2673.59,2032-07-05,2673.594
13840,2032-07-06,1618,Clothing,North,7,264.94,0.29,Cod,6,2.9,1316.75,2032-07-06,1316.7517999999998
13841,2032-07-07,1624,Beauty,West,4,541.13,0.27,Cod,10,2.5,1580.1,2032-07-07,1580.0996
13842,2032-07-08,1861,Electronics,West,1,318.77,0.02,Cod,8,4.2,312.39,2032-07-08,312.39459999999997
13843,2032-07-09,1253,Clothing,East,4,310.93,0.13,Card,7,4.2,1082.04,2032-07-09,1082.0364
13844,2032-07-10,1629,Beauty,West,1,51.42,0.33,Cod,11,3.9,34.45,2032-07-10,34.4514
13845,2032-07-11,1709,Clothing,West,5,554.44,0.14,Card,8,1.3,2384.09,2032-07-11,2384.092
13846,2032-07-12,1848,Electronics,East,7,118.61,0.18,Wallet,9,2.4,680.82,2032-07-12,680.8214
13847,2032-07-13,1876,Clothing,North,2,324.08,0.12,Wallet,8,1.2,570.38,2032-07-13,570.3808
13848,2032-07-14,1562,Clothing,North,3,485.09,0.21,Card,6,2.4,1149.66,2032-07-14,1149.6633
13849,2032-07-15,1756,Beauty,South,7,141.04,0.34,Card,8,3.6,651.6,2032-07-15,651.6048
13850,2032-07-16,1914,Home,West,4,323.51,0.35,Card,8,3.1,841.13,2032-07-16,841.126
13851,2032-07-17,1425,Clothing,East,4,155.8,0.27,Card,2,3.8,454.94,2032-07-17,454.93600000000004
13852,2032-07-18,1546,Beauty,South,5,459.42,0.14,Cod,2,3.2,1975.51,2032-07-18,1975.5059999999999
13853,2032-07-19,1301,Clothing,North,4,345.14,0.17,Cod,11,3.2,1145.86,2032-07-19,1145.8647999999998
13854,2032-07-20,1921,Electronics,North,1,515.75,0.12,Card,1,3.0,453.86,2032-07-20,453.86
13855,2032-07-21,1580,Electronics,East,1,538.32,0.34,Cod,10,2.5,355.29,2032-07-21,355.2912
13856,2032-07-22,1348,Clothing,South,2,394.51,0.25,Wallet,2,2.8,591.76,2032-07-22,591.765
13857,2032-07-23,1831,Electronics,South,2,439.35,0.16,Cod,7,1.4,738.11,2032-07-23,738.1080000000001
13858,2032-07-24,1932,Beauty,East,7,336.29,0.0,Card,11,4.3,2354.03,2032-07-24,2354.03
13859,2032-07-25,1979,Home,East,2,239.89,0.18,Cod,3,4.6,393.42,2032-07-25,393.4196
13860,2032-07-26,1048,Electronics,South,1,394.15,0.34,Cod,4,4.1,260.14,2032-07-26,260.13899999999995
13861,2032-07-27,1916,Clothing,North,6,546.35,0.18,Wallet,4,3.3,2688.04,2032-07-27,2688.0420000000004
13862,2032-07-28,1073,Home,West,6,258.76,0.06,Card,4,3.3,1459.41,2032-07-28,1459.4063999999998
13863,2032-07-29,1703,Beauty,North,2,198.93,0.01,Card,2,2.9,393.88,2032-07-29,393.8814
13864,2032-07-30,1260,Beauty,East,2,242.24,0.12,Cod,11,1.9,426.34,2032-07-30,426.3424
13865,2032-07-31,1355,Clothing,South,1,269.71,0.32,Cod,6,2.5,183.4,2032-07-31,183.40279999999996
13866,2032-08-01,1581,Home,South,5,58.03,0.35,Cod,1,5.0,188.6,2032-08-01,188.5975
13867,2032-08-02,1601,Clothing,West,7,306.59,0.33,Card,5,1.6,1437.91,2032-08-02,1437.9070999999997
13868,2032-08-03,1259,Clothing,South,4,304.17,0.26,Cod,2,3.2,900.34,2032-08-03,900.3432
13869,2032-08-04,1637,Electronics,West,7,359.24,0.2,Card,9,4.5,2011.74,2032-08-04,2011.7440000000004
13870,2032-08-05,1742,Electronics,North,3,227.25,0.21,Card,2,2.8,538.58,2032-08-05,538.5825
13871,2032-08-06,1294,Clothing,North,6,373.67,0.19,Cod,6,3.4,1816.04,2032-08-06,1816.0362
13872,2032-08-07,1930,Electronics,South,6,528.76,0.25,Card,4,4.3,2379.42,2032-08-07,2379.42
13873,2032-08-08,1640,Electronics,South,1,573.95,0.15,Card,6,3.2,487.86,2032-08-08,487.8575
13874,2032-08-09,1791,Home,East,7,356.41,0.23,Cod,2,3.9,1921.05,2032-08-09,1921.0499000000002
13875,2032-08-10,1312,Electronics,East,1,39.92,0.04,Cod,2,2.4,38.32,2032-08-10,38.3232
13876,2032-08-11,1611,Clothing,South,3,582.0,0.09,Card,7,3.9,1588.86,2032-08-11,1588.8600000000001
13877,2032-08-12,1837,Clothing,South,7,427.93,0.29,Cod,3,1.2,2126.81,2032-08-12,2126.8121
13878,2032-08-13,1808,Beauty,North,3,211.54,0.32,Card,3,1.6,431.54,2032-08-13,431.54159999999996
13879,2032-08-14,1181,Clothing,South,2,101.09,0.19,Card,7,3.5,163.77,2032-08-14,163.7658
13880,2032-08-15,1685,Electronics,East,7,98.9,0.01,Cod,8,2.8,685.38,2032-08-15,685.3770000000001
13881,2032-08-16,1827,Clothing,North,3,113.13,0.32,Card,7,4.3,230.79,2032-08-16,230.78519999999997
13882,2032-08-17,1363,Home,West,4,41.66,0.25,Wallet,3,2.4,124.98,2032-08-17,124.97999999999999
13883,2032-08-18,1187,Beauty,East,4,542.76,0.14,Card,3,4.1,1867.09,2032-08-18,1867.0944
13884,2032-08-19,1568,Clothing,East,6,331.35,0.21,Cod,7,1.6,1570.6,2032-08-19,1570.5990000000002
13885,2032-08-20,1542,Electronics,North,4,424.48,0.15,Wallet,3,4.7,1443.23,2032-08-20,1443.232
13886,2032-08-21,1595,Beauty,West,7,499.44,0.16,Wallet,2,2.7,2936.71,2032-08-21,2936.7072
13887,2032-08-22,1663,Electronics,East,4,478.05,0.31,Card,7,1.9,1319.42,2032-08-22,1319.418
13888,2032-08-23,1984,Clothing,South,4,531.32,0.06,Wallet,3,4.2,1997.76,2032-08-23,1997.7632
13889,2032-08-24,1547,Clothing,East,2,580.84,0.04,Wallet,5,4.8,1115.21,2032-08-24,1115.2128
13890,2032-08-25,1724,Electronics,North,6,271.86,0.0,Card,7,4.7,1631.16,2032-08-25,1631.16
13891,2032-08-26,1925,Electronics,North,1,570.95,0.11,Cod,2,2.0,508.15,2032-08-26,508.1455
13892,2032-08-27,1407,Electronics,North,6,438.12,0.05,Card,8,3.7,2497.28,2032-08-27,2497.284
13893,2032-08-28,1875,Home,East,6,56.34,0.08,Cod,2,3.2,311.0,2032-08-28,310.9968
13894,2032-08-29,1617,Beauty,West,6,413.84,0.0,Cod,4,3.9,2483.04,2032-08-29,2483.04
13895,2032-08-30,1413,Electronics,South,3,416.73,0.08,Card,4,2.9,1150.17,2032-08-30,1150.1748
13896,2032-08-31,1341,Home,North,1,544.93,0.12,Cod,8,2.9,479.54,2032-08-31,479.53839999999997
13897,2032-09-01,1219,Electronics,West,3,233.17,0.01,Card,11,4.5,692.51,2032-09-01,692.5149
13898,2032-09-02,1902,Clothing,South,2,357.17,0.21,Wallet,1,4.5,564.33,2032-09-02,564.3286
13899,2032-09-03,1162,Electronics,North,2,22.13,0.2,Card,9,4.2,35.41,2032-09-03,35.408
13900,2032-09-04,1950,Beauty,South,5,209.26,0.03,Cod,6,3.8,1014.91,2032-09-04,1014.911
13901,2032-09-05,1219,Home,South,5,51.41,0.21,Card,4,3.7,203.07,2032-09-05,203.06949999999998
13902,2032-09-06,1269,Home,West,2,320.3,0.35,Card,6,1.2,416.39,2032-09-06,416.39000000000004
13903,2032-09-07,1631,Home,South,2,493.21,0.33,Cod,6,4.0,660.9,2032-09-07,660.9013999999999
13904,2032-09-08,1905,Clothing,North,3,135.77,0.0,Card,9,3.6,407.31,2032-09-08,407.31000000000006
13905,2032-09-09,1847,Beauty,West,2,323.55,0.28,Cod,11,2.2,465.91,2032-09-09,465.912
13906,2032-09-10,1399,Home,East,7,134.35,0.12,Wallet,4,4.3,827.6,2032-09-10,827.5959999999999
13907,2032-09-11,1181,Beauty,East,1,85.6,0.02,Card,8,4.3,83.89,2032-09-11,83.88799999999999
13908,2032-09-12,1990,Clothing,West,3,313.93,0.1,Wallet,1,4.7,847.61,2032-09-12,847.611
13909,2032-09-13,1617,Electronics,East,2,61.3,0.11,Card,6,2.7,109.11,2032-09-13,109.11399999999999
13910,2032-09-14,1728,Clothing,South,3,358.6,0.18,Card,5,3.2,882.16,2032-09-14,882.1560000000002
13911,2032-09-15,1204,Electronics,North,3,33.33,0.23,Card,3,4.6,76.99,2032-09-15,76.9923
13912,2032-09-16,1581,Clothing,South,4,77.43,0.26,Wallet,4,2.3,229.19,2032-09-16,229.1928
13913,2032-09-17,1555,Clothing,West,5,336.75,0.09,Card,8,4.2,1532.21,2032-09-17,1532.2125
13914,2032-09-18,1840,Clothing,North,3,360.97,0.11,Wallet,11,5.0,963.79,2032-09-18,963.7899000000001
13915,2032-09-19,1812,Electronics,West,6,31.96,0.11,Wallet,11,3.6,170.67,2032-09-19,170.66639999999998
13916,2032-09-20,1227,Electronics,West,7,350.43,0.13,Card,10,4.9,2134.12,2032-09-20,2134.1187
13917,2032-09-21,1695,Clothing,West,7,505.52,0.35,Cod,11,3.1,2300.12,2032-09-21,2300.116
13918,2032-09-22,1618,Beauty,South,3,437.55,0.27,Cod,2,1.6,958.23,2032-09-22,958.2345
13919,2032-09-23,1595,Clothing,North,6,91.74,0.34,Card,8,1.7,363.29,2032-09-23,363.2903999999999
13920,2032-09-24,1849,Clothing,North,7,361.6,0.24,Card,7,3.9,1923.71,2032-09-24,1923.7120000000002
13921,2032-09-25,1249,Home,North,4,408.27,0.14,Card,1,1.0,1404.45,2032-09-25,1404.4488
13922,2032-09-26,1874,Clothing,South,2,36.78,0.14,Cod,2,3.6,63.26,2032-09-26,63.2616
13923,2032-09-27,1440,Electronics,East,3,515.38,0.17,Cod,7,1.6,1283.3,2032-09-27,1283.2961999999998
13924,2032-09-28,1532,Clothing,South,4,545.17,0.15,Card,11,4.9,1853.58,2032-09-28,1853.5779999999997
13925,2032-09-29,1195,Electronics,South,1,512.51,0.29,Card,11,1.7,363.88,2032-09-29,363.8821
13926,2032-09-30,1689,Beauty,West,4,497.41,0.16,Wallet,3,3.2,1671.3,2032-09-30,1671.2976
13927,2032-10-01,1928,Electronics,North,5,450.8,0.1,Card,2,3.7,2028.6,2032-10-01,2028.6000000000001
13928,2032-10-02,1986,Clothing,North,5,385.56,0.27,Cod,1,4.3,1407.29,2032-10-02,1407.2939999999999
13929,2032-10-03,1518,Electronics,East,2,412.0,0.3,Card,7,2.8,576.8,2032-10-03,576.8
13930,2032-10-04,1069,Electronics,East,6,486.74,0.15,Wallet,3,4.7,2482.37,2032-10-04,2482.374
13931,2032-10-05,1638,Home,West,2,402.56,0.23,Wallet,6,2.9,619.94,2032-10-05,619.9424
13932,2032-10-06,1398,Electronics,North,7,206.72,0.02,Card,10,2.0,1418.1,2032-10-06,1418.0991999999999
13933,2032-10-07,1977,Electronics,East,6,234.94,0.19,Card,8,3.4,1141.81,2032-10-07,1141.8084
13934,2032-10-08,1671,Clothing,East,6,539.78,0.02,Cod,6,3.6,3173.91,2032-10-08,3173.9064
13935,2032-10-09,1759,Electronics,North,6,25.02,0.01,Card,7,3.0,148.62,2032-10-09,148.6188
13936,2032-10-10,1202,Electronics,South,6,423.81,0.21,Card,11,3.9,2008.86,2032-10-10,2008.8594000000003
13937,2032-10-11,1147,Home,East,5,573.54,0.11,Cod,6,2.7,2552.25,2032-10-11,2552.2529999999997
13938,2032-10-12,1471,Home,North,7,428.14,0.26,Card,7,1.0,2217.77,2032-10-12,2217.7652
13939,2032-10-13,1654,Beauty,East,5,596.44,0.31,Card,5,2.1,2057.72,2032-10-13,2057.718
13940,2032-10-14,1943,Beauty,West,3,417.21,0.05,Cod,9,4.8,1189.05,2032-10-14,1189.0484999999999
13941,2032-10-15,1198,Home,East,7,35.1,0.25,Cod,3,4.1,184.28,2032-10-15,184.275
13942,2032-10-16,1916,Electronics,North,5,498.8,0.18,Card,6,1.8,2045.08,2032-10-16,2045.0800000000002
13943,2032-10-17,1425,Home,East,2,181.51,0.04,Cod,9,1.3,348.5,2032-10-17,348.4992
13944,2032-10-18,1665,Home,West,5,275.94,0.23,Cod,1,2.4,1062.37,2032-10-18,1062.3690000000001
13945,2032-10-19,1491,Home,West,7,197.57,0.21,Cod,5,4.3,1092.56,2032-10-19,1092.5621
13946,2032-10-20,1887,Clothing,East,7,172.1,0.18,Card,4,1.4,987.85,2032-10-20,987.8540000000002
13947,2032-10-21,1895,Electronics,East,2,267.37,0.32,Card,9,3.2,363.62,2032-10-21,363.6232
13948,2032-10-22,1141,Home,West,1,236.57,0.18,Wallet,11,2.1,193.99,2032-10-22,193.9874
13949,2032-10-23,1312,Home,West,7,385.5,0.35,Wallet,11,3.9,1754.02,2032-10-23,1754.025
13950,2032-10-24,1164,Beauty,South,5,490.69,0.18,Cod,1,1.0,2011.83,2032-10-24,2011.829
13951,2032-10-25,1313,Electronics,South,2,188.8,0.04,Card,4,2.1,362.5,2032-10-25,362.496
13952,2032-10-26,1020,Electronics,West,6,140.03,0.16,Cod,1,3.7,705.75,2032-10-26,705.7512
13953,2032-10-27,1081,Electronics,East,7,405.13,0.06,Wallet,3,3.2,2665.76,2032-10-27,2665.7553999999996
13954,2032-10-28,1580,Home,North,4,407.14,0.21,Card,4,4.1,1286.56,2032-10-28,1286.5624
13955,2032-10-29,1130,Electronics,East,6,542.16,0.24,Card,1,1.6,2472.25,2032-10-29,2472.2496
13956,2032-10-30,1598,Electronics,East,3,24.33,0.16,Cod,5,3.1,61.31,2032-10-30,61.31159999999999
13957,2032-10-31,1729,Beauty,South,7,514.03,0.03,Wallet,6,1.8,3490.26,2032-10-31,3490.2637
13958,2032-11-01,1932,Electronics,South,2,319.79,0.16,Card,1,3.6,537.25,2032-11-01,537.2472
13959,2032-11-02,1983,Home,South,6,378.46,0.03,Cod,10,1.5,2202.64,2032-11-02,2202.6371999999997
13960,2032-11-03,1304,Clothing,West,5,68.45,0.24,Cod,11,1.6,260.11,2032-11-03,260.11
13961,2032-11-04,1914,Home,West,5,268.08,0.28,Cod,10,2.3,965.09,2032-11-04,965.0879999999999
13962,2032-11-05,1370,Clothing,East,7,147.97,0.34,Cod,4,2.6,683.62,2032-11-05,683.6213999999999
13963,2032-11-06,1856,Beauty,East,1,163.72,0.05,Cod,4,3.0,155.53,2032-11-06,155.534
13964,2032-11-07,1852,Beauty,North,4,309.9,0.19,Card,1,3.3,1004.08,2032-11-07,1004.076
13965,2032-11-08,1383,Electronics,East,7,490.29,0.2,Card,2,2.9,2745.62,2032-11-08,2745.6240000000003
13966,2032-11-09,1907,Electronics,East,2,450.11,0.32,Cod,11,1.2,612.15,2032-11-09,612.1496
13967,2032-11-10,1444,Electronics,South,6,360.73,0.22,Card,10,2.4,1688.22,2032-11-10,1688.2164000000002
13968,2032-11-11,1424,Home,South,4,330.56,0.05,Cod,5,1.2,1256.13,2032-11-11,1256.128
13969,2032-11-12,1160,Beauty,South,1,264.97,0.15,Cod,2,1.5,225.22,2032-11-12,225.2245
13970,2032-11-13,1177,Clothing,South,7,584.04,0.23,Card,3,1.4,3147.98,2032-11-13,3147.9755999999998
13971,2032-11-14,1628,Clothing,South,3,342.71,0.25,Cod,9,1.6,771.1,2032-11-14,771.0974999999999
13972,2032-11-15,1707,Electronics,North,4,163.57,0.3,Cod,5,4.3,458.0,2032-11-15,457.9959999999999
13973,2032-11-16,1894,Home,North,1,149.6,0.06,Card,1,3.5,140.62,2032-11-16,140.624
13974,2032-11-17,1489,Beauty,North,7,372.64,0.33,Cod,5,3.0,1747.68,2032-11-17,1747.6816
13975,2032-11-18,1326,Electronics,South,7,320.85,0.02,Wallet,3,3.9,2201.03,2032-11-18,2201.0310000000004
13976,2032-11-19,1597,Clothing,West,2,19.5,0.34,Card,1,4.8,25.74,2032-11-19,25.74
13977,2032-11-20,1288,Electronics,South,7,500.59,0.3,Cod,3,2.7,2452.89,2032-11-20,2452.8909999999996
13978,2032-11-21,1592,Clothing,South,3,426.91,0.23,Card,11,2.5,986.16,2032-11-21,986.1621
13979,2032-11-22,1663,Clothing,North,7,402.17,0.26,Card,6,4.9,2083.24,2032-11-22,2083.2406
13980,2032-11-23,1572,Electronics,South,5,55.24,0.03,Card,10,4.1,267.91,2032-11-23,267.914
13981,2032-11-24,1572,Clothing,North,1,226.8,0.01,Cod,5,4.1,224.53,2032-11-24,224.532
13982,2032-11-25,1353,Electronics,South,5,562.2,0.04,Card,1,3.4,2698.56,2032-11-25,2698.56
13983,2032-11-26,1027,Clothing,East,7,519.61,0.03,Card,11,3.0,3528.15,2032-11-26,3528.1519
13984,2032-11-27,1953,Clothing,West,3,182.04,0.19,Cod,2,3.2,442.36,2032-11-27,442.35720000000003
13985,2032-11-28,1042,Electronics,West,1,106.88,0.08,Card,5,3.6,98.33,2032-11-28,98.3296
13986,2032-11-29,1680,Home,North,1,277.72,0.3,Card,9,2.5,194.4,2032-11-29,194.404
13987,2032-11-30,1422,Home,East,7,223.16,0.16,Card,11,4.1,1312.18,2032-11-30,1312.1807999999999
13988,2032-12-01,1597,Clothing,West,3,414.1,0.24,Card,5,4.6,944.15,2032-12-01,944.1480000000001
13989,2032-12-02,1176,Electronics,North,2,580.36,0.23,Cod,5,3.3,893.75,2032-12-02,893.7544
13990,2032-12-03,1528,Home,South,1,227.36,0.11,Card,1,2.5,202.35,2032-12-03,202.3504
13991,2032-12-04,1609,Beauty,South,3,51.4,0.09,Card,5,3.8,140.32,2032-12-04,140.322
13992,2032-12-05,1965,Electronics,East,4,540.1,0.12,Wallet,8,1.7,1901.15,2032-12-05,1901.152
13993,2032-12-06,1493,Electronics,West,5,37.2,0.28,Wallet,9,4.9,133.92,2032-12-06,133.92
13994,2032-12-07,1197,Electronics,South,1,572.37,0.21,Wallet,10,3.6,452.17,2032-12-07,452.1723
13995,2032-12-08,1609,Clothing,North,4,403.78,0.09,Wallet,3,1.3,1469.76,2032-12-08,1469.7592
13996,2032-12-09,1576,Electronics,South,1,565.89,0.29,Cod,4,3.1,401.78,2032-12-09,401.78189999999995
13997,2032-12-10,1841,Clothing,South,2,131.8,0.02,Cod,7,4.0,258.33,2032-12-10,258.32800000000003
13998,2032-12-11,1852,Home,West,7,38.81,0.24,Cod,7,2.1,206.47,2032-12-11,206.4692
13999,2032-12-12,1516,Clothing,West,3,300.6,0.15,Cod,1,1.2,766.53,2032-12-12,766.5300000000001
14000,2032-12-13,1513,Clothing,North,1,278.61,0.26,Cod,11,3.0,206.17,2032-12-13,206.1714
14001,2032-12-14,1021,Clothing,East,3,208.92,0.32,Card,6,4.3,426.2,2032-12-14,426.19679999999994
14002,2032-12-15,1111,Clothing,East,6,575.23,0.26,Wallet,9,2.0,2554.02,2032-12-15,2554.0212
14003,2032-12-16,1056,Electronics,South,1,496.21,0.15,Cod,5,3.9,421.78,2032-12-16,421.77849999999995
14004,2032-12-17,1065,Electronics,North,2,402.03,0.05,Wallet,8,2.6,763.86,2032-12-17,763.8569999999999
14005,2032-12-18,1841,Beauty,East,2,110.27,0.28,Card,11,1.2,158.79,2032-12-18,158.78879999999998
14006,2032-12-19,1097,Electronics,East,7,444.58,0.16,Card,10,2.2,2614.13,2032-12-19,2614.1304
14007,2032-12-20,1143,Home,South,7,440.3,0.03,Card,11,2.3,2989.64,2032-12-20,2989.6369999999997
14008,2032-12-21,1879,Beauty,North,4,263.66,0.25,Cod,9,4.6,790.98,2032-12-21,790.98
14009,2032-12-22,1434,Electronics,East,2,556.0,0.1,Card,10,4.9,1000.8,2032-12-22,1000.8000000000001
14010,2032-12-23,1636,Clothing,West,3,112.68,0.02,Card,10,1.8,331.28,2032-12-23,331.2792
14011,2032-12-24,1678,Clothing,West,6,171.39,0.32,Card,3,2.7,699.27,2032-12-24,699.2711999999999
14012,2032-12-25,1085,Beauty,South,2,51.99,0.17,Card,1,4.9,86.3,2032-12-25,86.3034
14013,2032-12-26,1587,Beauty,South,1,480.34,0.1,Cod,2,2.6,432.31,2032-12-26,432.306
14014,2032-12-27,1343,Home,South,2,378.73,0.25,Wallet,5,2.4,568.1,2032-12-27,568.095
14015,2032-12-28,1935,Electronics,South,6,199.24,0.31,Card,10,1.4,824.85,2032-12-28,824.8536
14016,2032-12-29,1293,Home,East,3,110.83,0.0,Cod,7,4.0,332.49,2032-12-29,332.49
14017,2032-12-30,1955,Clothing,North,1,38.49,0.24,Card,11,2.8,29.25,2032-12-30,29.2524
14018,2032-12-31,1570,Clothing,South,4,112.55,0.27,Card,6,3.6,328.65,2032-12-31,328.64599999999996
14019,2033-01-01,1649,Electronics,South,4,280.17,0.07,Cod,4,3.0,1042.23,2033-01-01,1042.2324
14020,2033-01-02,1610,Electronics,East,4,159.6,0.17,Cod,9,1.7,529.87,2033-01-02,529.872
14021,2033-01-03,1703,Home,South,7,166.5,0.03,Wallet,11,1.7,1130.54,2033-01-03,1130.535
14022,2033-01-04,1242,Clothing,South,1,527.21,0.26,Cod,4,4.8,390.14,2033-01-04,390.1354
14023,2033-01-05,1830,Electronics,North,4,316.36,0.3,Wallet,3,4.6,885.81,2033-01-05,885.808
14024,2033-01-06,1560,Clothing,West,7,441.61,0.04,Card,11,3.4,2967.62,2033-01-06,2967.6192
14025,2033-01-07,1959,Beauty,South,2,35.89,0.29,Card,5,1.0,50.96,2033-01-07,50.9638
14026,2033-01-08,1031,Home,East,1,228.62,0.27,Card,4,2.7,166.89,2033-01-08,166.8926
14027,2033-01-09,1390,Electronics,North,1,295.31,0.12,Cod,2,3.1,259.87,2033-01-09,259.8728
14028,2033-01-10,1276,Electronics,East,1,124.05,0.24,Card,3,2.8,94.28,2033-01-10,94.278
14029,2033-01-11,1531,Electronics,North,5,85.31,0.0,Card,7,4.7,426.55,2033-01-11,426.55
14030,2033-01-12,1153,Beauty,North,7,524.13,0.33,Cod,2,1.2,2458.17,2033-01-12,2458.1696999999995
14031,2033-01-13,1382,Clothing,South,3,564.57,0.19,Card,1,3.6,1371.91,2033-01-13,1371.9051000000002
14032,2033-01-14,1067,Clothing,South,5,61.1,0.22,Card,2,2.3,238.29,2033-01-14,238.29000000000002
14033,2033-01-15,1877,Clothing,South,5,219.18,0.23,Card,8,3.2,843.84,2033-01-15,843.8430000000001
14034,2033-01-16,1883,Clothing,West,5,575.6,0.2,Card,8,3.6,2302.4,2033-01-16,2302.4
14035,2033-01-17,1213,Home,West,3,63.65,0.3,Cod,10,2.8,133.66,2033-01-17,133.665
14036,2033-01-18,1654,Clothing,East,5,391.53,0.21,Cod,2,1.6,1546.54,2033-01-18,1546.5435
14037,2033-01-19,1375,Electronics,South,4,583.75,0.32,Card,6,3.1,1587.8,2033-01-19,1587.8
14038,2033-01-20,1743,Electronics,West,1,587.26,0.2,Card,11,4.7,469.81,2033-01-20,469.808
14039,2033-01-21,1212,Clothing,South,1,290.67,0.06,Wallet,11,3.1,273.23,2033-01-21,273.2298
14040,2033-01-22,1078,Beauty,West,7,110.21,0.32,Cod,11,1.5,524.6,2033-01-22,524.5995999999999
14041,2033-01-23,1725,Electronics,West,2,133.22,0.24,Cod,7,4.3,202.49,2033-01-23,202.4944
14042,2033-01-24,1627,Beauty,North,6,535.42,0.24,Cod,1,1.9,2441.52,2033-01-24,2441.5152
14043,2033-01-25,1603,Home,South,4,548.33,0.34,Card,7,2.5,1447.59,2033-01-25,1447.5911999999998
14044,2033-01-26,1781,Electronics,South,3,370.61,0.03,Wallet,11,2.7,1078.48,2033-01-26,1078.4750999999999
14045,2033-01-27,1922,Electronics,West,6,463.21,0.15,Cod,8,2.4,2362.37,2033-01-27,2362.3709999999996
14046,2033-01-28,1380,Electronics,South,1,447.86,0.08,Card,9,2.6,412.03,2033-01-28,412.0312
14047,2033-01-29,1679,Home,West,5,402.17,0.22,Card,8,4.2,1568.46,2033-01-29,1568.4630000000002
14048,2033-01-30,1057,Electronics,South,7,498.96,0.28,Card,3,1.9,2514.76,2033-01-30,2514.7583999999997
14049,2033-01-31,1795,Clothing,North,7,415.96,0.34,Card,8,2.9,1921.74,2033-01-31,1921.7351999999996
14050,2033-02-01,1025,Clothing,South,2,327.39,0.16,Wallet,3,1.1,550.02,2033-02-01,550.0151999999999
14051,2033-02-02,1880,Home,North,2,153.62,0.28,Wallet,6,3.0,221.21,2033-02-02,221.2128
14052,2033-02-03,1446,Electronics,East,1,450.17,0.32,Card,4,1.4,306.12,2033-02-03,306.1156
14053,2033-02-04,1065,Clothing,South,4,291.96,0.24,Card,7,2.1,887.56,2033-02-04,887.5583999999999
14054,2033-02-05,1920,Clothing,South,7,187.45,0.08,Cod,8,2.3,1207.18,2033-02-05,1207.1779999999999
14055,2033-02-06,1759,Clothing,South,6,484.14,0.21,Card,10,1.3,2294.82,2033-02-06,2294.8236
14056,2033-02-07,1253,Home,North,2,422.58,0.34,Cod,6,2.4,557.81,2033-02-07,557.8055999999999
14057,2033-02-08,1898,Electronics,South,1,563.34,0.35,Cod,10,3.0,366.17,2033-02-08,366.17100000000005
14058,2033-02-09,1967,Home,South,4,111.78,0.22,Cod,4,2.7,348.75,2033-02-09,348.7536
14059,2033-02-10,1043,Home,West,1,394.78,0.31,Cod,8,2.1,272.4,2033-02-10,272.3982
14060,2033-02-11,1096,Clothing,East,1,157.88,0.07,Cod,7,2.2,146.83,2033-02-11,146.8284
14061,2033-02-12,1553,Home,North,4,543.6,0.09,Wallet,10,3.5,1978.7,2033-02-12,1978.7040000000002
14062,2033-02-13,1226,Clothing,West,4,73.21,0.33,Card,8,3.9,196.2,2033-02-13,196.20279999999997
14063,2033-02-14,1773,Electronics,North,4,398.85,0.05,Wallet,10,3.3,1515.63,2033-02-14,1515.63
14064,2033-02-15,1678,Home,West,1,477.79,0.07,Card,7,4.9,444.34,2033-02-15,444.3447
14065,2033-02-16,1435,Clothing,East,2,222.63,0.15,Card,3,4.8,378.47,2033-02-16,378.471
14066,2033-02-17,1790,Clothing,West,3,573.17,0.21,Card,3,1.4,1358.41,2033-02-17,1358.4128999999998
14067,2033-02-18,1600,Electronics,North,3,512.68,0.21,Cod,9,2.0,1215.05,2033-02-18,1215.0516
14068,2033-02-19,1378,Beauty,South,1,187.35,0.1,Card,7,4.5,168.62,2033-02-19,168.615
14069,2033-02-20,1177,Clothing,South,1,19.41,0.32,Wallet,1,1.1,13.2,2033-02-20,13.198799999999999
14070,2033-02-21,1426,Electronics,East,2,188.54,0.32,Cod,3,3.4,256.41,2033-02-21,256.41439999999994
14071,2033-02-22,1914,Clothing,North,4,179.57,0.14,Card,11,4.8,617.72,2033-02-22,617.7207999999999
14072,2033-02-23,1708,Home,North,1,535.63,0.15,Cod,1,3.7,455.29,2033-02-23,455.28549999999996
14073,2033-02-24,1306,Home,North,7,580.77,0.25,Wallet,6,1.4,3049.04,2033-02-24,3049.0425
14074,2033-02-25,1778,Clothing,East,5,56.21,0.23,Cod,2,4.0,216.41,2033-02-25,216.4085
14075,2033-02-26,1503,Beauty,South,4,290.71,0.13,Card,7,2.5,1011.67,2033-02-26,1011.6707999999999
14076,2033-02-27,1267,Electronics,West,7,335.77,0.14,Wallet,8,4.7,2021.34,2033-02-27,2021.3354
14077,2033-02-28,1585,Clothing,East,1,69.35,0.12,Cod,6,2.1,61.03,2033-02-28,61.028
14078,2033-03-01,1007,Beauty,West,5,235.84,0.08,Card,5,2.9,1084.86,2033-03-01,1084.864
14079,2033-03-02,1919,Beauty,South,7,200.49,0.16,Card,10,4.0,1178.88,2033-03-02,1178.8812
14080,2033-03-03,1507,Home,East,6,328.59,0.24,Cod,4,2.0,1498.37,2033-03-03,1498.3704
14081,2033-03-04,1475,Beauty,South,2,401.8,0.26,Wallet,9,1.7,594.66,2033-03-04,594.664
14082,2033-03-05,1296,Electronics,West,5,426.54,0.27,Card,8,1.0,1556.87,2033-03-05,1556.871
14083,2033-03-06,1163,Beauty,North,1,95.0,0.13,Card,5,3.0,82.65,2033-03-06,82.65
14084,2033-03-07,1484,Electronics,North,3,490.57,0.27,Wallet,1,4.7,1074.35,2033-03-07,1074.3483
14085,2033-03-08,1596,Electronics,West,7,411.95,0.0,Card,8,2.1,2883.65,2033-03-08,2883.65
14086,2033-03-09,1071,Electronics,North,1,535.11,0.17,Wallet,8,1.2,444.14,2033-03-09,444.1413
14087,2033-03-10,1566,Clothing,West,3,277.86,0.28,Card,7,3.5,600.18,2033-03-10,600.1776
14088,2033-03-11,1904,Electronics,East,2,537.93,0.22,Cod,7,1.2,839.17,2033-03-11,839.1708
14089,2033-03-12,1558,Electronics,East,2,521.48,0.17,Card,8,3.0,865.66,2033-03-12,865.6568
14090,2033-03-13,1910,Electronics,East,4,271.47,0.23,Wallet,1,2.5,836.13,2033-03-13,836.1276000000001
14091,2033-03-14,1943,Electronics,North,7,237.97,0.32,Cod,3,2.9,1132.74,2033-03-14,1132.7371999999998
14092,2033-03-15,1237,Clothing,South,4,560.7,0.2,Wallet,4,1.7,1794.24,2033-03-15,1794.2400000000002
14093,2033-03-16,1103,Clothing,North,3,433.37,0.28,Cod,11,1.4,936.08,2033-03-16,936.0792
14094,2033-03-17,1209,Electronics,North,3,558.02,0.34,Card,6,4.0,1104.88,2033-03-17,1104.8795999999998
14095,2033-03-18,1553,Home,South,2,481.23,0.25,Card,10,2.0,721.84,2033-03-18,721.845
14096,2033-03-19,1827,Beauty,South,5,371.44,0.2,Cod,10,4.2,1485.76,2033-03-19,1485.7600000000002
14097,2033-03-20,1467,Home,South,3,82.77,0.01,Cod,9,4.0,245.83,2033-03-20,245.8269
14098,2033-03-21,1453,Electronics,South,3,185.52,0.13,Wallet,4,1.8,484.21,2033-03-21,484.20720000000006
14099,2033-03-22,1267,Home,North,7,581.77,0.2,Card,6,4.6,3257.91,2033-03-22,3257.9120000000003
14100,2033-03-23,1385,Electronics,West,5,201.86,0.28,Cod,9,1.6,726.7,2033-03-23,726.696
14101,2033-03-24,1774,Electronics,East,4,69.55,0.15,Wallet,9,4.2,236.47,2033-03-24,236.46999999999997
14102,2033-03-25,1847,Electronics,West,4,428.92,0.34,Card,6,2.7,1132.35,2033-03-25,1132.3488
14103,2033-03-26,1386,Home,North,3,444.39,0.1,Wallet,5,1.7,1199.85,2033-03-26,1199.853
14104,2033-03-27,1876,Electronics,South,7,181.99,0.26,Card,3,4.8,942.71,2033-03-27,942.7082
14105,2033-03-28,1258,Electronics,East,4,189.14,0.15,Cod,5,4.9,643.08,2033-03-28,643.0759999999999
14106,2033-03-29,1282,Electronics,East,4,289.3,0.17,Card,3,3.0,960.48,2033-03-29,960.476
14107,2033-03-30,1625,Beauty,West,6,27.75,0.28,Card,5,2.9,119.88,2033-03-30,119.88
14108,2033-03-31,1874,Clothing,North,7,476.75,0.1,Card,10,4.6,3003.52,2033-03-31,3003.525
14109,2033-04-01,1039,Electronics,North,4,200.5,0.03,Wallet,10,3.4,777.94,2033-04-01,777.9399999999999
14110,2033-04-02,1485,Clothing,North,2,514.45,0.18,Wallet,1,2.1,843.7,2033-04-02,843.6980000000001
14111,2033-04-03,1928,Clothing,East,1,484.54,0.19,Card,6,2.7,392.48,2033-04-03,392.47740000000005
14112,2033-04-04,1219,Home,West,3,401.92,0.28,Wallet,7,4.3,868.15,2033-04-04,868.1472
14113,2033-04-05,1128,Electronics,East,3,205.05,0.34,Cod,2,4.4,406.0,2033-04-05,405.999
14114,2033-04-06,1519,Beauty,East,2,317.05,0.02,Wallet,3,4.8,621.42,2033-04-06,621.418
14115,2033-04-07,1612,Electronics,South,1,275.23,0.21,Card,10,2.2,217.43,2033-04-07,217.43170000000003
14116,2033-04-08,1927,Home,West,1,213.25,0.24,Card,9,3.7,162.07,2033-04-08,162.07
14117,2033-04-09,1891,Electronics,South,2,511.16,0.35,Cod,8,1.3,664.51,2033-04-09,664.508
14118,2033-04-10,1687,Clothing,North,5,297.85,0.33,Card,4,3.9,997.8,2033-04-10,997.7974999999999
14119,2033-04-11,1618,Clothing,East,5,502.14,0.25,Cod,11,3.3,1883.02,2033-04-11,1883.0249999999999
14120,2033-04-12,1612,Clothing,West,1,76.55,0.18,Card,8,2.0,62.77,2033-04-12,62.771
14121,2033-04-13,1259,Electronics,North,5,97.5,0.06,Card,11,3.6,458.25,2033-04-13,458.25
14122,2033-04-14,1989,Home,West,5,586.73,0.13,Card,8,1.5,2552.28,2033-04-14,2552.2755
14123,2033-04-15,1965,Electronics,East,5,358.84,0.2,Wallet,6,2.3,1435.36,2033-04-15,1435.36
14124,2033-04-16,1365,Home,West,1,313.22,0.25,Card,1,2.6,234.92,2033-04-16,234.91500000000002
14125,2033-04-17,1757,Home,North,5,321.05,0.22,Card,2,4.1,1252.1,2033-04-17,1252.095
14126,2033-04-18,1786,Clothing,South,3,140.93,0.25,Cod,4,2.2,317.09,2033-04-18,317.09250000000003
14127,2033-04-19,1543,Home,East,6,435.44,0.15,Cod,4,1.2,2220.74,2033-04-19,2220.7439999999997
14128,2033-04-20,1648,Home,South,1,64.6,0.25,Cod,2,1.7,48.45,2033-04-20,48.449999999999996
14129,2033-04-21,1523,Clothing,East,2,350.39,0.05,Cod,9,3.4,665.74,2033-04-21,665.741
14130,2033-04-22,1906,Home,North,5,348.9,0.06,Card,2,1.1,1639.83,2033-04-22,1639.83
14131,2033-04-23,1813,Electronics,East,4,549.8,0.06,Card,6,4.2,2067.25,2033-04-23,2067.2479999999996
14132,2033-04-24,1886,Clothing,South,1,322.82,0.31,Cod,5,4.6,222.75,2033-04-24,222.74579999999997
14133,2033-04-25,1015,Home,East,7,95.18,0.03,Wallet,4,3.0,646.27,2033-04-25,646.2722
14134,2033-04-26,1128,Clothing,North,2,350.06,0.28,Cod,6,3.8,504.09,2033-04-26,504.08639999999997
14135,2033-04-27,1574,Electronics,East,6,68.43,0.08,Card,4,2.9,377.73,2033-04-27,377.7336000000001
14136,2033-04-28,1108,Clothing,South,3,134.22,0.16,Card,9,2.2,338.23,2033-04-28,338.23439999999994
14137,2033-04-29,1886,Home,North,7,33.2,0.32,Card,11,1.7,158.03,2033-04-29,158.032
14138,2033-04-30,1532,Beauty,South,2,315.28,0.21,Cod,10,3.1,498.14,2033-04-30,498.14239999999995
14139,2033-05-01,1669,Clothing,East,5,64.45,0.07,Card,7,4.7,299.69,2033-05-01,299.6925
14140,2033-05-02,1268,Home,West,4,289.6,0.1,Card,3,4.6,1042.56,2033-05-02,1042.5600000000002
14141,2033-05-03,1161,Beauty,South,5,560.77,0.32,Card,10,4.7,1906.62,2033-05-03,1906.6179999999997
14142,2033-05-04,1259,Electronics,East,2,436.06,0.15,Cod,4,4.9,741.3,2033-05-04,741.302
14143,2033-05-05,1923,Electronics,West,1,60.29,0.21,Card,1,1.7,47.63,2033-05-05,47.6291
14144,2033-05-06,1101,Home,West,7,146.16,0.16,Cod,6,1.6,859.42,2033-05-06,859.4208
14145,2033-05-07,1505,Home,North,4,409.09,0.13,Cod,2,2.7,1423.63,2033-05-07,1423.6332
14146,2033-05-08,1734,Beauty,West,7,538.4,0.08,Card,4,3.8,3467.3,2033-05-08,3467.296
14147,2033-05-09,1570,Clothing,South,7,34.26,0.24,Cod,5,2.8,182.26,2033-05-09,182.26319999999998
14148,2033-05-10,1246,Electronics,South,4,490.28,0.25,Card,8,4.6,1470.84,2033-05-10,1470.84
14149,2033-05-11,1639,Clothing,West,2,343.66,0.1,Card,3,3.9,618.59,2033-05-11,618.5880000000001
14150,2033-05-12,1794,Electronics,East,6,334.46,0.28,Cod,6,3.5,1444.87,2033-05-12,1444.8671999999997
14151,2033-05-13,1836,Electronics,South,6,575.32,0.3,Cod,1,1.3,2416.34,2033-05-13,2416.344
14152,2033-05-14,1536,Home,South,5,452.37,0.32,Cod,9,1.7,1538.06,2033-05-14,1538.0579999999998
14153,2033-05-15,1130,Electronics,North,2,512.32,0.06,Cod,1,2.7,963.16,2033-05-15,963.1616
14154,2033-05-16,1352,Home,East,4,222.09,0.11,Wallet,2,4.9,790.64,2033-05-16,790.6404
14155,2033-05-17,1195,Clothing,West,2,339.3,0.3,Card,1,2.3,475.02,2033-05-17,475.02
14156,2033-05-18,1792,Clothing,East,4,375.01,0.07,Cod,8,3.5,1395.04,2033-05-18,1395.0372
14157,2033-05-19,1915,Electronics,North,7,203.13,0.0,Cod,4,5.0,1421.91,2033-05-19,1421.9099999999999
14158,2033-05-20,1929,Electronics,North,5,348.6,0.3,Card,2,2.1,1220.1,2033-05-20,1220.1
14159,2033-05-21,1665,Electronics,East,1,153.44,0.11,Card,7,1.7,136.56,2033-05-21,136.5616
14160,2033-05-22,1381,Beauty,North,7,98.87,0.15,Cod,8,3.2,588.28,2033-05-22,588.2765
14161,2033-05-23,1644,Home,North,1,233.77,0.16,Card,9,3.2,196.37,2033-05-23,196.3668
14162,2033-05-24,1226,Clothing,North,2,447.48,0.3,Card,5,4.7,626.47,2033-05-24,626.472
14163,2033-05-25,1700,Electronics,East,4,550.97,0.12,Cod,3,1.1,1939.41,2033-05-25,1939.4144000000001
14164,2033-05-26,1475,Beauty,North,1,282.76,0.31,Wallet,1,2.6,195.1,2033-05-26,195.10439999999997
14165,2033-05-27,1476,Electronics,West,7,391.05,0.22,Wallet,8,2.2,2135.13,2033-05-27,2135.133
14166,2033-05-28,1264,Electronics,West,4,75.28,0.18,Card,6,3.3,246.92,2033-05-28,246.91840000000002
14167,2033-05-29,1371,Clothing,South,5,544.11,0.11,Cod,5,1.0,2421.29,2033-05-29,2421.2895000000003
14168,2033-05-30,1485,Beauty,West,7,347.63,0.09,Card,7,3.8,2214.4,2033-05-30,2214.4031
14169,2033-05-31,1433,Electronics,South,2,471.5,0.22,Card,5,2.9,735.54,2033-05-31,735.5400000000001
14170,2033-06-01,1645,Electronics,East,4,479.75,0.16,Cod,11,3.8,1611.96,2033-06-01,1611.96
14171,2033-06-02,1210,Beauty,North,2,165.04,0.32,Card,4,2.8,224.45,2033-06-02,224.45439999999996
14172,2033-06-03,1571,Electronics,West,4,324.57,0.17,Card,5,2.9,1077.57,2033-06-03,1077.5724
14173,2033-06-04,1939,Electronics,South,7,576.88,0.18,Wallet,11,4.6,3311.29,2033-06-04,3311.2912
14174,2033-06-05,1376,Clothing,East,6,67.44,0.15,Wallet,7,1.8,343.94,2033-06-05,343.94399999999996
14175,2033-06-06,1394,Beauty,South,6,414.58,0.28,Cod,11,1.9,1790.99,2033-06-06,1790.9856
14176,2033-06-07,1449,Clothing,North,4,577.92,0.15,Wallet,6,3.2,1964.93,2033-06-07,1964.9279999999999
14177,2033-06-08,1942,Beauty,West,5,190.84,0.09,Cod,10,3.6,868.32,2033-06-08,868.3220000000001
14178,2033-06-09,1363,Home,East,2,518.95,0.3,Card,10,2.4,726.53,2033-06-09,726.53
14179,2033-06-10,1875,Electronics,South,3,561.19,0.21,Cod,11,3.1,1330.02,2033-06-10,1330.0203000000001
14180,2033-06-11,1456,Beauty,East,4,452.05,0.21,Card,9,1.9,1428.48,2033-06-11,1428.478
14181,2033-06-12,1724,Clothing,South,4,150.33,0.21,Card,10,1.5,475.04,2033-06-12,475.04280000000006
14182,2033-06-13,1727,Electronics,South,6,210.39,0.25,Wallet,2,2.0,946.75,2033-06-13,946.7549999999999
14183,2033-06-14,1225,Clothing,North,1,35.95,0.11,Cod,7,4.7,32.0,2033-06-14,31.995500000000003
14184,2033-06-15,1981,Electronics,North,7,501.4,0.01,Card,1,4.2,3474.7,2033-06-15,3474.7019999999998
14185,2033-06-16,1130,Electronics,South,6,512.02,0.28,Card,8,1.6,2211.93,2033-06-16,2211.9264
14186,2033-06-17,1587,Electronics,West,2,385.14,0.05,Card,4,1.2,731.77,2033-06-17,731.766
14187,2033-06-18,1475,Clothing,East,6,221.23,0.25,Wallet,8,1.4,995.53,2033-06-18,995.5349999999999
14188,2033-06-19,1797,Home,East,3,59.93,0.03,Cod,8,2.2,174.4,2033-06-19,174.3963
14189,2033-06-20,1985,Clothing,North,5,455.54,0.13,Cod,4,4.2,1981.6,2033-06-20,1981.5990000000002
14190,2033-06-21,1276,Beauty,West,7,440.02,0.02,Cod,4,2.3,3018.54,2033-06-21,3018.5371999999998
14191,2033-06-22,1155,Electronics,South,3,548.87,0.18,Cod,5,1.7,1350.22,2033-06-22,1350.2202000000002
14192,2033-06-23,1759,Electronics,North,5,442.36,0.23,Cod,7,2.6,1703.09,2033-06-23,1703.0860000000002
14193,2033-06-24,1217,Electronics,South,3,499.79,0.06,Cod,6,1.5,1409.41,2033-06-24,1409.4078
14194,2033-06-25,1189,Electronics,South,7,451.38,0.13,Wallet,1,2.9,2748.9,2033-06-25,2748.9042
14195,2033-06-26,1416,Electronics,North,6,383.95,0.33,Wallet,6,3.7,1543.48,2033-06-26,1543.4789999999998
14196,2033-06-27,1980,Home,West,3,264.78,0.15,Wallet,3,2.5,675.19,2033-06-27,675.189
14197,2033-06-28,1674,Beauty,East,6,542.74,0.28,Cod,9,1.7,2344.64,2033-06-28,2344.6367999999998
14198,2033-06-29,1691,Beauty,North,7,395.82,0.32,Wallet,3,2.8,1884.1,2033-06-29,1884.1031999999998
14199,2033-06-30,1545,Electronics,West,6,248.04,0.34,Card,9,4.0,982.24,2033-06-30,982.2383999999998
14200,2033-07-01,1040,Beauty,South,2,63.83,0.31,Wallet,5,1.3,88.09,2033-07-01,88.08539999999999
14201,2033-07-02,1306,Electronics,North,6,185.06,0.11,Wallet,10,1.3,988.22,2033-07-02,988.2204000000002
14202,2033-07-03,1942,Electronics,East,1,333.08,0.34,Wallet,8,2.3,219.83,2033-07-03,219.83279999999996
14203,2033-07-04,1337,Beauty,East,3,176.25,0.28,Wallet,9,2.7,380.7,2033-07-04,380.7
14204,2033-07-05,1313,Clothing,South,7,144.42,0.29,Card,9,1.9,717.77,2033-07-05,717.7674
14205,2033-07-06,1074,Electronics,North,4,323.53,0.01,Card,7,1.1,1281.18,2033-07-06,1281.1788
14206,2033-07-07,1952,Clothing,East,4,114.34,0.33,Card,10,1.9,306.43,2033-07-07,306.4312
14207,2033-07-08,1278,Electronics,North,4,483.24,0.27,Cod,1,2.7,1411.06,2033-07-08,1411.0608
14208,2033-07-09,1175,Home,East,7,298.36,0.27,Card,8,1.3,1524.62,2033-07-09,1524.6196
14209,2033-07-10,1895,Clothing,South,1,350.71,0.03,Cod,7,3.9,340.19,2033-07-10,340.1887
14210,2033-07-11,1661,Beauty,South,6,101.22,0.08,Cod,4,3.2,558.73,2033-07-11,558.7343999999999
14211,2033-07-12,1272,Electronics,North,3,204.88,0.34,Cod,6,2.7,405.66,2033-07-12,405.66239999999993
14212,2033-07-13,1836,Clothing,West,5,254.9,0.18,Wallet,10,3.1,1045.09,2033-07-13,1045.0900000000001
14213,2033-07-14,1619,Clothing,West,5,487.8,0.14,Cod,2,3.6,2097.54,2033-07-14,2097.54
14214,2033-07-15,1650,Clothing,South,7,465.54,0.29,Cod,4,5.0,2313.73,2033-07-15,2313.7338
14215,2033-07-16,1861,Electronics,East,2,145.44,0.03,Cod,8,4.1,282.15,2033-07-16,282.1536
14216,2033-07-17,1782,Home,West,1,375.46,0.15,Wallet,4,3.2,319.14,2033-07-17,319.14099999999996
14217,2033-07-18,1858,Beauty,South,3,157.42,0.13,Card,10,4.1,410.87,2033-07-18,410.8662
14218,2033-07-19,1930,Beauty,East,6,593.12,0.12,Card,4,2.9,3131.67,2033-07-19,3131.6736
14219,2033-07-20,1288,Home,East,4,571.99,0.11,Wallet,4,2.2,2036.28,2033-07-20,2036.2844
14220,2033-07-21,1723,Beauty,West,1,344.51,0.07,Cod,10,2.0,320.39,2033-07-21,320.3943
14221,2033-07-22,1892,Clothing,South,1,423.86,0.06,Cod,9,2.6,398.43,2033-07-22,398.4284
14222,2033-07-23,1271,Home,East,3,483.84,0.22,Cod,11,1.0,1132.19,2033-07-23,1132.1856
14223,2033-07-24,1929,Electronics,East,7,436.78,0.32,Card,2,1.7,2079.07,2033-07-24,2079.0728
14224,2033-07-25,1065,Clothing,North,6,424.4,0.18,Cod,7,1.5,2088.05,2033-07-25,2088.048
14225,2033-07-26,1482,Electronics,North,7,575.75,0.1,Card,3,4.8,3627.22,2033-07-26,3627.225
14226,2033-07-27,1935,Clothing,West,7,363.93,0.06,Cod,4,1.3,2394.66,2033-07-27,2394.6594
14227,2033-07-28,1247,Electronics,North,2,387.24,0.29,Cod,1,3.0,549.88,2033-07-28,549.8808
14228,2033-07-29,1155,Beauty,South,7,511.82,0.34,Cod,3,4.7,2364.61,2033-07-29,2364.6083999999996
14229,2033-07-30,1046,Electronics,West,6,406.89,0.12,Cod,2,3.4,2148.38,2033-07-30,2148.3792000000003
14230,2033-07-31,1934,Electronics,West,2,443.77,0.1,Wallet,10,3.0,798.79,2033-07-31,798.786
14231,2033-08-01,1453,Clothing,North,2,151.99,0.21,Cod,7,4.0,240.14,2033-08-01,240.1442
14232,2033-08-02,1200,Electronics,East,4,232.19,0.27,Wallet,6,2.4,677.99,2033-08-02,677.9947999999999
14233,2033-08-03,1659,Electronics,South,4,101.17,0.16,Cod,1,1.8,339.93,2033-08-03,339.9312
14234,2033-08-04,1123,Electronics,South,3,310.87,0.22,Cod,11,4.4,727.44,2033-08-04,727.4358000000001
14235,2033-08-05,1000,Clothing,South,6,281.6,0.25,Card,8,1.2,1267.2,2033-08-05,1267.2
14236,2033-08-06,1967,Clothing,West,7,598.34,0.34,Card,9,4.2,2764.33,2033-08-06,2764.3307999999997
14237,2033-08-07,1758,Home,South,2,372.56,0.06,Cod,1,1.4,700.41,2033-08-07,700.4128
14238,2033-08-08,1854,Home,East,3,475.07,0.35,Card,5,3.5,926.39,2033-08-08,926.3865000000001
14239,2033-08-09,1639,Clothing,East,2,210.4,0.14,Cod,7,2.9,361.89,2033-08-09,361.888
14240,2033-08-10,1190,Electronics,North,1,501.45,0.25,Cod,2,5.0,376.09,2033-08-10,376.0875
14241,2033-08-11,1578,Electronics,South,5,374.82,0.2,Wallet,6,2.6,1499.28,2033-08-11,1499.28
14242,2033-08-12,1515,Home,West,5,422.74,0.17,Wallet,8,4.8,1754.37,2033-08-12,1754.3709999999999
14243,2033-08-13,1441,Electronics,North,2,187.24,0.24,Card,8,2.6,284.6,2033-08-13,284.6048
14244,2033-08-14,1920,Electronics,East,3,335.95,0.14,Card,10,3.7,866.75,2033-08-14,866.7509999999999
14245,2033-08-15,1814,Home,South,4,385.91,0.04,Cod,10,3.6,1481.89,2033-08-15,1481.8944000000001
14246,2033-08-16,1805,Clothing,East,6,359.62,0.17,Card,8,1.3,1790.91,2033-08-16,1790.9076000000002
14247,2033-08-17,1142,Electronics,North,2,550.39,0.18,Card,6,4.0,902.64,2033-08-17,902.6396000000001
14248,2033-08-18,1190,Electronics,East,2,540.49,0.07,Wallet,6,1.8,1005.31,2033-08-18,1005.3113999999999
14249,2033-08-19,1532,Beauty,South,6,583.03,0.33,Wallet,11,2.6,2343.78,2033-08-19,2343.7805999999996
14250,2033-08-20,1226,Beauty,South,7,405.45,0.08,Cod,3,4.1,2611.1,2033-08-20,2611.0980000000004
14251,2033-08-21,1312,Home,North,4,583.57,0.14,Cod,2,4.8,2007.48,2033-08-21,2007.4808
14252,2033-08-22,1628,Clothing,South,2,502.0,0.05,Card,5,3.2,953.8,2033-08-22,953.8
14253,2033-08-23,1948,Clothing,East,1,173.44,0.19,Cod,9,3.1,140.49,2033-08-23,140.4864
14254,2033-08-24,1301,Beauty,East,4,265.05,0.11,Cod,4,3.0,943.58,2033-08-24,943.5780000000001
14255,2033-08-25,1653,Beauty,West,1,154.46,0.17,Cod,5,4.3,128.2,2033-08-25,128.2018
14256,2033-08-26,1995,Electronics,West,5,17.46,0.08,Card,6,5.0,80.32,2033-08-26,80.31600000000002
14257,2033-08-27,1459,Home,West,6,125.01,0.02,Wallet,11,3.5,735.06,2033-08-27,735.0588
14258,2033-08-28,1400,Electronics,East,4,17.38,0.27,Cod,6,2.5,50.75,2033-08-28,50.749599999999994
14259,2033-08-29,1550,Electronics,East,7,436.11,0.22,Cod,4,1.9,2381.16,2033-08-29,2381.1606
14260,2033-08-30,1392,Home,North,4,263.94,0.12,Wallet,4,1.8,929.07,2033-08-30,929.0688
14261,2033-08-31,1866,Clothing,West,3,197.86,0.02,Card,8,4.4,581.71,2033-08-31,581.7084
14262,2033-09-01,1763,Beauty,East,3,460.61,0.3,Card,5,5.0,967.28,2033-09-01,967.2809999999998
14263,2033-09-02,1844,Electronics,North,6,502.0,0.06,Wallet,11,3.8,2831.28,2033-09-02,2831.2799999999997
14264,2033-09-03,1206,Clothing,East,7,585.55,0.33,Wallet,5,4.8,2746.23,2033-09-03,2746.2294999999995
14265,2033-09-04,1209,Beauty,North,4,390.58,0.17,Cod,9,2.4,1296.73,2033-09-04,1296.7256
14266,2033-09-05,1114,Beauty,West,5,284.99,0.12,Card,4,3.5,1253.96,2033-09-05,1253.9560000000001
14267,2033-09-06,1736,Electronics,West,7,193.58,0.26,Cod,7,3.0,1002.74,2033-09-06,1002.7444000000002
14268,2033-09-07,1645,Clothing,West,2,145.06,0.31,Card,5,2.9,200.18,2033-09-07,200.1828
14269,2033-09-08,1250,Clothing,East,6,139.56,0.13,Cod,9,3.5,728.5,2033-09-08,728.5032
14270,2033-09-09,1218,Electronics,East,7,254.38,0.14,Card,8,2.2,1531.37,2033-09-09,1531.3675999999998
14271,2033-09-10,1406,Beauty,North,6,595.2,0.15,Wallet,8,3.6,3035.52,2033-09-10,3035.52
14272,2033-09-11,1442,Beauty,South,7,15.5,0.32,Cod,10,3.7,73.78,2033-09-11,73.77999999999999
14273,2033-09-12,1602,Electronics,South,3,130.37,0.24,Wallet,10,4.3,297.24,2033-09-12,297.2436
14274,2033-09-13,1353,Electronics,West,5,125.21,0.09,Card,3,3.9,569.71,2033-09-13,569.7055
14275,2033-09-14,1887,Electronics,South,6,434.51,0.06,Card,9,2.3,2450.64,2033-09-14,2450.6364
14276,2033-09-15,1557,Beauty,West,5,221.2,0.08,Wallet,8,2.8,1017.52,2033-09-15,1017.5200000000001
14277,2033-09-16,1549,Electronics,North,6,282.5,0.09,Card,3,1.5,1542.45,2033-09-16,1542.45
14278,2033-09-17,1141,Clothing,South,3,101.95,0.08,Cod,10,2.0,281.38,2033-09-17,281.382
14279,2033-09-18,1611,Clothing,South,2,251.92,0.23,Card,1,3.1,387.96,2033-09-18,387.9568
14280,2033-09-19,1500,Clothing,West,3,75.37,0.04,Cod,5,1.4,217.07,2033-09-19,217.06560000000002
14281,2033-09-20,1839,Electronics,North,6,326.83,0.14,Card,4,3.3,1686.44,2033-09-20,1686.4428
14282,2033-09-21,1701,Electronics,South,5,72.29,0.22,Card,8,2.6,281.93,2033-09-21,281.93100000000004
14283,2033-09-22,1546,Beauty,South,1,477.45,0.1,Cod,6,1.1,429.7,2033-09-22,429.705
14284,2033-09-23,1658,Beauty,South,3,346.46,0.02,Card,10,2.7,1018.59,2033-09-23,1018.5923999999999
14285,2033-09-24,1541,Home,North,5,438.52,0.03,Card,5,2.1,2126.82,2033-09-24,2126.8219999999997
14286,2033-09-25,1845,Electronics,North,7,259.83,0.04,Cod,9,1.3,1746.06,2033-09-25,1746.0575999999999
14287,2033-09-26,1506,Electronics,South,7,238.17,0.29,Cod,6,2.2,1183.7,2033-09-26,1183.7048999999997
14288,2033-09-27,1595,Clothing,West,3,72.45,0.23,Card,11,2.2,167.36,2033-09-27,167.35950000000003
14289,2033-09-28,1880,Electronics,West,6,321.46,0.02,Cod,11,2.4,1890.18,2033-09-28,1890.1847999999998
14290,2033-09-29,1280,Beauty,South,7,315.98,0.14,Wallet,11,2.5,1902.2,2033-09-29,1902.1996000000001
14291,2033-09-30,1423,Clothing,North,5,288.84,0.1,Card,11,2.7,1299.78,2033-09-30,1299.78
14292,2033-10-01,1855,Electronics,South,2,448.2,0.2,Cod,3,1.4,717.12,2033-10-01,717.12
14293,2033-10-02,1269,Beauty,North,5,502.02,0.18,Cod,6,1.0,2058.28,2033-10-02,2058.282
14294,2033-10-03,1153,Beauty,South,7,454.21,0.17,Card,11,3.9,2638.96,2033-10-03,2638.9601
14295,2033-10-04,1613,Electronics,North,7,99.16,0.11,Card,4,2.3,617.77,2033-10-04,617.7668
14296,2033-10-05,1726,Clothing,East,4,378.9,0.05,Cod,5,3.5,1439.82,2033-10-05,1439.82
14297,2033-10-06,1661,Electronics,West,1,61.99,0.26,Cod,6,2.2,45.87,2033-10-06,45.8726
14298,2033-10-07,1943,Clothing,East,6,421.35,0.31,Card,9,4.9,1744.39,2033-10-07,1744.3890000000001
14299,2033-10-08,1082,Electronics,West,5,238.38,0.33,Wallet,3,2.3,798.57,2033-10-08,798.573
14300,2033-10-09,1621,Clothing,North,7,92.51,0.02,Cod,1,3.4,634.62,2033-10-09,634.6186
14301,2033-10-10,1946,Beauty,East,6,519.3,0.26,Card,2,1.9,2305.69,2033-10-10,2305.6919999999996
14302,2033-10-11,1898,Clothing,West,3,374.19,0.25,Cod,8,3.1,841.93,2033-10-11,841.9275
14303,2033-10-12,1425,Electronics,South,3,222.51,0.33,Wallet,4,3.3,447.25,2033-10-12,447.2450999999999
14304,2033-10-13,1274,Clothing,North,5,32.98,0.09,Card,7,1.7,150.06,2033-10-13,150.059
14305,2033-10-14,1712,Electronics,North,4,329.33,0.26,Cod,2,1.5,974.82,2033-10-14,974.8168
14306,2033-10-15,1283,Beauty,South,7,555.09,0.02,Cod,11,4.9,3807.92,2033-10-15,3807.9174
14307,2033-10-16,1979,Clothing,South,5,363.88,0.22,Card,10,4.6,1419.13,2033-10-16,1419.132
14308,2033-10-17,1172,Electronics,West,2,583.42,0.12,Card,8,3.6,1026.82,2033-10-17,1026.8192
14309,2033-10-18,1326,Electronics,North,4,94.82,0.27,Card,10,4.4,276.87,2033-10-18,276.8744
14310,2033-10-19,1717,Home,West,7,347.46,0.3,Card,9,1.4,1702.55,2033-10-19,1702.5539999999999
14311,2033-10-20,1062,Electronics,South,7,481.9,0.13,Card,7,3.9,2934.77,2033-10-20,2934.7709999999997
14312,2033-10-21,1072,Home,North,6,322.44,0.18,Wallet,10,2.1,1586.4,2033-10-21,1586.4048
14313,2033-10-22,1762,Electronics,South,5,68.27,0.04,Wallet,11,3.2,327.7,2033-10-22,327.69599999999997
14314,2033-10-23,1635,Electronics,West,7,355.99,0.15,Card,1,4.1,2118.14,2033-10-23,2118.1405
14315,2033-10-24,1374,Clothing,West,6,372.87,0.13,Card,2,1.1,1946.38,2033-10-24,1946.3814000000002
14316,2033-10-25,1632,Beauty,West,7,441.29,0.06,Card,9,3.8,2903.69,2033-10-25,2903.6882
14317,2033-10-26,1507,Beauty,North,1,460.31,0.31,Card,10,2.7,317.61,2033-10-26,317.6139
14318,2033-10-27,1786,Electronics,South,4,465.9,0.05,Card,7,2.8,1770.42,2033-10-27,1770.4199999999998
14319,2033-10-28,1942,Clothing,South,5,403.11,0.22,Card,11,4.6,1572.13,2033-10-28,1572.1290000000001
14320,2033-10-29,1397,Electronics,West,1,141.25,0.31,Wallet,3,4.4,97.46,2033-10-29,97.46249999999999
14321,2033-10-30,1119,Clothing,West,5,251.48,0.32,Card,5,1.2,855.03,2033-10-30,855.0319999999998
14322,2033-10-31,1933,Clothing,West,2,469.04,0.28,Cod,1,3.5,675.42,2033-10-31,675.4176
14323,2033-11-01,1436,Beauty,West,3,572.75,0.06,Card,10,2.7,1615.16,2033-11-01,1615.155
14324,2033-11-02,1828,Beauty,East,6,61.18,0.29,Card,3,1.5,260.63,2033-11-02,260.6268
14325,2033-11-03,1675,Clothing,East,5,328.29,0.1,Wallet,11,4.4,1477.3,2033-11-03,1477.305
14326,2033-11-04,1935,Clothing,East,4,197.83,0.32,Card,4,1.3,538.1,2033-11-04,538.0975999999999
14327,2033-11-05,1464,Beauty,West,5,146.86,0.25,Wallet,4,1.1,550.72,2033-11-05,550.725
14328,2033-11-06,1285,Home,West,5,310.9,0.27,Card,7,1.8,1134.79,2033-11-06,1134.785
14329,2033-11-07,1264,Electronics,South,5,369.56,0.03,Cod,5,2.2,1792.37,2033-11-07,1792.366
14330,2033-11-08,1319,Electronics,North,7,20.72,0.2,Wallet,9,1.2,116.03,2033-11-08,116.032
14331,2033-11-09,1672,Clothing,South,5,471.42,0.29,Card,7,3.6,1673.54,2033-11-09,1673.541
14332,2033-11-10,1375,Electronics,East,7,494.63,0.3,Card,2,2.7,2423.69,2033-11-10,2423.687
14333,2033-11-11,1819,Electronics,South,4,579.82,0.01,Cod,11,2.6,2296.09,2033-11-11,2296.0872000000004
14334,2033-11-12,1088,Electronics,West,4,120.68,0.33,Card,11,1.6,323.42,2033-11-12,323.4224
14335,2033-11-13,1653,Clothing,East,5,362.81,0.02,Cod,8,2.8,1777.77,2033-11-13,1777.769
14336,2033-11-14,1202,Electronics,East,7,264.58,0.22,Card,11,2.6,1444.61,2033-11-14,1444.6068
14337,2033-11-15,1820,Electronics,North,3,210.87,0.24,Card,2,2.5,480.78,2033-11-15,480.78360000000004
14338,2033-11-16,1738,Electronics,North,5,345.9,0.04,Card,7,1.9,1660.32,2033-11-16,1660.32
14339,2033-11-17,1954,Home,East,6,472.69,0.02,Wallet,5,1.4,2779.42,2033-11-17,2779.4172
14340,2033-11-18,1333,Beauty,East,6,28.49,0.27,Card,10,2.0,124.79,2033-11-18,124.7862
14341,2033-11-19,1221,Clothing,South,4,582.1,0.13,Card,6,3.7,2025.71,2033-11-19,2025.708
14342,2033-11-20,1040,Clothing,East,6,488.78,0.04,Cod,11,1.3,2815.37,2033-11-20,2815.3727999999996
14343,2033-11-21,1707,Beauty,West,6,454.42,0.27,Card,4,2.5,1990.36,2033-11-21,1990.3596
14344,2033-11-22,1067,Electronics,South,2,459.83,0.3,Card,5,3.1,643.76,2033-11-22,643.762
14345,2033-11-23,1987,Electronics,West,5,242.6,0.21,Card,5,4.9,958.27,2033-11-23,958.2700000000001
14346,2033-11-24,1775,Electronics,West,5,454.7,0.06,Cod,7,4.4,2137.09,2033-11-24,2137.0899999999997
14347,2033-11-25,1513,Electronics,West,5,241.26,0.01,Cod,11,4.7,1194.24,2033-11-25,1194.2369999999999
14348,2033-11-26,1872,Clothing,East,5,540.74,0.25,Card,4,4.3,2027.78,2033-11-26,2027.7749999999999
14349,2033-11-27,1636,Beauty,North,1,118.68,0.19,Card,5,3.4,96.13,2033-11-27,96.13080000000001
14350,2033-11-28,1621,Clothing,North,5,186.02,0.23,Cod,4,4.4,716.18,2033-11-28,716.177
14351,2033-11-29,1597,Clothing,West,7,337.53,0.28,Cod,4,3.3,1701.15,2033-11-29,1701.1512
14352,2033-11-30,1936,Beauty,East,4,201.74,0.15,Card,8,2.4,685.92,2033-11-30,685.916
14353,2033-12-01,1631,Electronics,South,7,263.18,0.04,Card,11,2.5,1768.57,2033-12-01,1768.5696
14354,2033-12-02,1126,Electronics,West,4,303.07,0.33,Card,5,3.3,812.23,2033-12-02,812.2275999999999
14355,2033-12-03,1254,Clothing,South,1,515.97,0.19,Cod,9,4.2,417.94,2033-12-03,417.93570000000005
14356,2033-12-04,1694,Clothing,South,5,321.07,0.22,Wallet,5,1.5,1252.17,2033-12-04,1252.173
14357,2033-12-05,1015,Electronics,East,3,227.04,0.33,Card,8,1.2,456.35,2033-12-05,456.3504
14358,2033-12-06,1476,Clothing,East,7,159.93,0.33,Card,3,4.2,750.07,2033-12-06,750.0717
14359,2033-12-07,1061,Clothing,North,5,254.08,0.2,Card,7,3.6,1016.32,2033-12-07,1016.3200000000002
14360,2033-12-08,1880,Home,North,4,316.71,0.1,Card,1,4.3,1140.16,2033-12-08,1140.156
14361,2033-12-09,1431,Clothing,East,7,451.48,0.35,Card,5,4.9,2054.23,2033-12-09,2054.2340000000004
14362,2033-12-10,1669,Electronics,West,2,85.81,0.24,Wallet,2,2.0,130.43,2033-12-10,130.43120000000002
14363,2033-12-11,1267,Electronics,North,6,144.64,0.14,Card,8,1.8,746.34,2033-12-11,746.3423999999999
14364,2033-12-12,1034,Clothing,South,2,237.1,0.2,Cod,6,2.4,379.36,2033-12-12,379.36
14365,2033-12-13,1778,Electronics,West,3,225.83,0.15,Card,5,4.5,575.87,2033-12-13,575.8665
14366,2033-12-14,1575,Beauty,South,5,244.17,0.31,Wallet,3,1.1,842.39,2033-12-14,842.3864999999998
14367,2033-12-15,1493,Clothing,East,1,479.21,0.17,Cod,1,1.0,397.74,2033-12-15,397.74429999999995
14368,2033-12-16,1561,Electronics,South,5,204.63,0.29,Card,10,1.9,726.44,2033-12-16,726.4364999999999
14369,2033-12-17,1468,Home,West,3,308.61,0.29,Wallet,10,2.5,657.34,2033-12-17,657.3393
14370,2033-12-18,1766,Clothing,East,3,379.99,0.29,Card,10,2.2,809.38,2033-12-18,809.3787
14371,2033-12-19,1660,Electronics,West,6,150.82,0.25,Cod,11,4.3,678.69,2033-12-19,678.6899999999999
14372,2033-12-20,1324,Home,South,3,435.44,0.3,Wallet,10,3.8,914.42,2033-12-20,914.4239999999999
14373,2033-12-21,1303,Beauty,West,2,335.06,0.14,Card,8,4.4,576.3,2033-12-21,576.3032
14374,2033-12-22,1275,Home,East,6,276.37,0.04,Cod,11,2.5,1591.89,2033-12-22,1591.8912
14375,2033-12-23,1868,Electronics,South,5,488.72,0.29,Wallet,5,3.4,1734.96,2033-12-23,1734.9560000000001
14376,2033-12-24,1962,Clothing,South,7,157.44,0.17,Wallet,9,3.1,914.73,2033-12-24,914.7263999999999
14377,2033-12-25,1683,Home,North,5,531.66,0.04,Cod,11,2.9,2551.97,2033-12-25,2551.968
14378,2033-12-26,1928,Electronics,North,1,343.21,0.04,Card,7,2.2,329.48,2033-12-26,329.48159999999996
14379,2033-12-27,1200,Electronics,West,3,371.37,0.06,Cod,1,3.8,1047.26,2033-12-27,1047.2634
14380,2033-12-28,1444,Beauty,North,3,526.91,0.26,Cod,11,3.1,1169.74,2033-12-28,1169.7402
14381,2033-12-29,1904,Electronics,North,4,493.29,0.25,Cod,1,1.3,1479.87,2033-12-29,1479.8700000000001
14382,2033-12-30,1323,Home,North,6,366.91,0.07,Wallet,7,1.0,2047.36,2033-12-30,2047.3578
14383,2033-12-31,1034,Clothing,North,4,455.61,0.3,Card,11,1.1,1275.71,2033-12-31,1275.7079999999999
14384,2034-01-01,1976,Clothing,East,6,268.49,0.1,Card,7,1.3,1449.85,2034-01-01,1449.846
14385,2034-01-02,1481,Electronics,East,2,335.22,0.28,Cod,9,2.5,482.72,2034-01-02,482.71680000000003
14386,2034-01-03,1727,Home,North,6,51.31,0.17,Wallet,2,2.2,255.52,2034-01-03,255.5238
14387,2034-01-04,1479,Clothing,West,5,67.57,0.26,Cod,7,1.6,250.01,2034-01-04,250.00899999999996
14388,2034-01-05,1064,Clothing,East,1,500.21,0.13,Wallet,2,3.1,435.18,2034-01-05,435.18269999999995
14389,2034-01-06,1007,Home,North,7,49.91,0.12,Wallet,10,4.9,307.45,2034-01-06,307.4456
14390,2034-01-07,1300,Home,East,6,114.1,0.29,Wallet,10,1.6,486.07,2034-01-07,486.0659999999999
14391,2034-01-08,1342,Beauty,South,6,480.56,0.01,Wallet,2,2.0,2854.53,2034-01-08,2854.5264
14392,2034-01-09,1430,Clothing,East,6,15.67,0.34,Wallet,5,2.8,62.05,2034-01-09,62.05319999999999
14393,2034-01-10,1423,Clothing,East,1,180.21,0.23,Wallet,9,3.6,138.76,2034-01-10,138.76170000000002
14394,2034-01-11,1331,Beauty,West,3,356.66,0.15,Cod,9,3.4,909.48,2034-01-11,909.483
14395,2034-01-12,1437,Clothing,East,1,363.34,0.22,Card,10,3.1,283.41,2034-01-12,283.4052
14396,2034-01-13,1587,Electronics,West,3,469.63,0.04,Card,1,3.9,1352.53,2034-01-13,1352.5343999999998
14397,2034-01-14,1173,Electronics,South,7,310.97,0.18,Card,11,4.4,1784.97,2034-01-14,1784.9678000000001
14398,2034-01-15,1558,Home,North,5,313.0,0.34,Card,7,5.0,1032.9,2034-01-15,1032.8999999999999
14399,2034-01-16,1526,Clothing,West,1,439.31,0.08,Card,10,2.9,404.17,2034-01-16,404.1652
14400,2034-01-17,1872,Home,East,3,306.7,0.25,Wallet,10,5.0,690.08,2034-01-17,690.0749999999999
14401,2034-01-18,1658,Clothing,East,5,370.97,0.15,Cod,3,3.9,1576.62,2034-01-18,1576.6225000000002
14402,2034-01-19,1025,Electronics,West,5,540.2,0.23,Card,10,3.6,2079.77,2034-01-19,2079.77
14403,2034-01-20,1819,Clothing,South,3,249.85,0.07,Cod,10,3.6,697.08,2034-01-20,697.0814999999999
14404,2034-01-21,1604,Electronics,North,3,240.3,0.16,Cod,1,4.6,605.56,2034-01-21,605.556
14405,2034-01-22,1405,Clothing,East,2,17.08,0.34,Card,2,4.8,22.55,2034-01-22,22.545599999999997
14406,2034-01-23,1231,Clothing,South,5,373.85,0.07,Wallet,6,1.7,1738.4,2034-01-23,1738.4025
14407,2034-01-24,1532,Clothing,North,3,32.42,0.22,Card,10,3.0,75.86,2034-01-24,75.86280000000001
14408,2034-01-25,1818,Home,North,5,309.93,0.2,Cod,2,4.8,1239.72,2034-01-25,1239.7200000000003
14409,2034-01-26,1549,Home,East,1,485.48,0.2,Card,2,2.5,388.38,2034-01-26,388.384
14410,2034-01-27,1787,Home,West,7,336.7,0.22,Cod,4,1.9,1838.38,2034-01-27,1838.382
14411,2034-01-28,1504,Electronics,East,4,172.74,0.18,Wallet,3,1.4,566.59,2034-01-28,566.5872
14412,2034-01-29,1668,Electronics,East,4,474.91,0.01,Card,8,3.4,1880.64,2034-01-29,1880.6436
14413,2034-01-30,1178,Clothing,East,6,172.78,0.32,Wallet,8,3.8,704.94,2034-01-30,704.9424
14414,2034-01-31,1131,Beauty,South,3,443.82,0.29,Card,6,1.8,945.34,2034-01-31,945.3366
14415,2034-02-01,1822,Home,West,3,372.0,0.06,Cod,4,3.7,1049.04,2034-02-01,1049.04
14416,2034-02-02,1454,Home,South,5,114.45,0.14,Wallet,7,4.6,492.14,2034-02-02,492.135
14417,2034-02-03,1347,Electronics,East,6,544.5,0.27,Wallet,9,2.0,2384.91,2034-02-03,2384.91
14418,2034-02-04,1539,Clothing,West,3,132.38,0.34,Card,2,1.5,262.11,2034-02-04,262.1124
14419,2034-02-05,1771,Clothing,North,5,593.91,0.33,Card,6,4.3,1989.6,2034-02-05,1989.5984999999996
14420,2034-02-06,1405,Electronics,West,3,19.28,0.31,Cod,7,4.7,39.91,2034-02-06,39.9096
14421,2034-02-07,1075,Electronics,East,5,169.14,0.06,Card,1,1.9,794.96,2034-02-07,794.9579999999999
14422,2034-02-08,1940,Beauty,West,3,131.92,0.32,Cod,6,3.9,269.12,2034-02-08,269.11679999999996
14423,2034-02-09,1578,Electronics,North,2,23.19,0.31,Cod,8,3.4,32.0,2034-02-09,32.0022
14424,2034-02-10,1853,Electronics,North,7,443.44,0.13,Cod,7,2.0,2700.55,2034-02-10,2700.5496
14425,2034-02-11,1491,Electronics,West,5,420.65,0.14,Card,2,4.3,1808.8,2034-02-11,1808.795
14426,2034-02-12,1193,Beauty,North,7,478.53,0.16,Cod,2,2.9,2813.76,2034-02-12,2813.7563999999998
14427,2034-02-13,1983,Clothing,South,2,165.17,0.23,Wallet,4,3.8,254.36,2034-02-13,254.3618
14428,2034-02-14,1161,Home,West,2,274.94,0.09,Cod,5,2.2,500.39,2034-02-14,500.3908
14429,2034-02-15,1346,Beauty,North,2,400.58,0.01,Cod,5,4.3,793.15,2034-02-15,793.1483999999999
14430,2034-02-16,1950,Electronics,North,2,272.26,0.05,Card,11,2.1,517.29,2034-02-16,517.294
14431,2034-02-17,1360,Clothing,West,1,422.94,0.15,Card,2,2.5,359.5,2034-02-17,359.49899999999997
14432,2034-02-18,1768,Electronics,South,7,385.87,0.1,Card,7,2.6,2430.98,2034-02-18,2430.981
14433,2034-02-19,1583,Electronics,West,6,82.07,0.27,Cod,8,1.8,359.47,2034-02-19,359.46659999999997
14434,2034-02-20,1086,Home,North,7,471.91,0.04,Card,2,4.5,3171.24,2034-02-20,3171.2352
14435,2034-02-21,1933,Home,West,4,436.6,0.32,Cod,4,1.5,1187.55,2034-02-21,1187.552
14436,2034-02-22,1261,Clothing,North,1,398.66,0.31,Cod,11,3.3,275.08,2034-02-22,275.0754
14437,2034-02-23,1213,Clothing,East,3,105.73,0.32,Cod,11,4.3,215.69,2034-02-23,215.68919999999997
14438,2034-02-24,1664,Clothing,West,3,171.78,0.26,Card,3,3.3,381.35,2034-02-24,381.3516
14439,2034-02-25,1721,Electronics,West,6,245.01,0.04,Cod,4,2.3,1411.26,2034-02-25,1411.2576
14440,2034-02-26,1912,Electronics,North,4,178.76,0.15,Cod,5,4.1,607.78,2034-02-26,607.784
14441,2034-02-27,1572,Electronics,North,4,148.27,0.05,Card,6,3.0,563.43,2034-02-27,563.426
14442,2034-02-28,1779,Electronics,North,4,486.13,0.35,Card,2,1.7,1263.94,2034-02-28,1263.938
14443,2034-03-01,1261,Home,North,2,388.37,0.12,Cod,10,2.3,683.53,2034-03-01,683.5312
14444,2034-03-02,1729,Electronics,West,1,345.8,0.2,Card,6,3.4,276.64,2034-03-02,276.64000000000004
14445,2034-03-03,1282,Electronics,North,3,147.18,0.27,Card,9,3.6,322.32,2034-03-03,322.3242
14446,2034-03-04,1647,Clothing,West,1,552.07,0.32,Card,11,3.2,375.41,2034-03-04,375.4076
14447,2034-03-05,1466,Beauty,South,1,126.84,0.26,Card,8,2.1,93.86,2034-03-05,93.8616
14448,2034-03-06,1379,Electronics,West,1,480.05,0.24,Wallet,1,3.4,364.84,2034-03-06,364.838
14449,2034-03-07,1361,Electronics,North,4,580.5,0.16,Cod,9,2.3,1950.48,2034-03-07,1950.48
14450,2034-03-08,1448,Clothing,North,6,440.35,0.21,Cod,11,1.9,2087.26,2034-03-08,2087.2590000000005
14451,2034-03-09,1440,Home,South,6,595.82,0.03,Wallet,10,4.8,3467.67,2034-03-09,3467.6724
14452,2034-03-10,1092,Clothing,West,4,395.86,0.31,Cod,11,2.3,1092.57,2034-03-10,1092.5736
14453,2034-03-11,1620,Home,South,3,142.21,0.19,Cod,2,2.3,345.57,2034-03-11,345.57030000000003
14454,2034-03-12,1752,Beauty,West,3,134.23,0.01,Card,11,4.6,398.66,2034-03-12,398.66309999999993
14455,2034-03-13,1866,Home,North,3,204.87,0.32,Cod,1,1.6,417.93,2034-03-13,417.9348
14456,2034-03-14,1423,Clothing,West,6,19.17,0.17,Card,6,3.3,95.47,2034-03-14,95.4666
14457,2034-03-15,1141,Clothing,North,6,413.79,0.3,Card,1,4.1,1737.92,2034-03-15,1737.9180000000001
14458,2034-03-16,1290,Electronics,North,1,172.17,0.3,Card,6,2.1,120.52,2034-03-16,120.51899999999998
14459,2034-03-17,1431,Beauty,East,4,491.88,0.29,Card,2,4.4,1396.94,2034-03-17,1396.9392
14460,2034-03-18,1748,Clothing,East,2,225.12,0.02,Card,11,4.1,441.24,2034-03-18,441.2352
14461,2034-03-19,1851,Electronics,West,1,295.77,0.09,Card,7,2.9,269.15,2034-03-19,269.1507
14462,2034-03-20,1823,Home,North,5,579.93,0.31,Wallet,7,1.5,2000.76,2034-03-20,2000.7584999999997
14463,2034-03-21,1688,Electronics,South,6,156.67,0.31,Card,4,4.9,648.61,2034-03-21,648.6138
14464,2034-03-22,1652,Clothing,North,1,436.93,0.16,Wallet,2,3.5,367.02,2034-03-22,367.02119999999996
14465,2034-03-23,1700,Clothing,South,4,456.74,0.15,Cod,11,3.1,1552.92,2034-03-23,1552.916
14466,2034-03-24,1997,Clothing,West,5,144.28,0.06,Cod,7,4.5,678.12,2034-03-24,678.116
14467,2034-03-25,1048,Home,West,7,308.08,0.34,Card,1,2.7,1423.33,2034-03-25,1423.3295999999998
14468,2034-03-26,1301,Electronics,South,1,219.87,0.07,Wallet,11,3.3,204.48,2034-03-26,204.4791
14469,2034-03-27,1880,Clothing,South,4,466.57,0.07,Card,11,4.4,1735.64,2034-03-27,1735.6403999999998
14470,2034-03-28,1189,Clothing,North,4,379.15,0.23,Cod,2,2.6,1167.78,2034-03-28,1167.782
14471,2034-03-29,1135,Home,West,6,293.45,0.08,Cod,2,4.1,1619.84,2034-03-29,1619.8439999999998
14472,2034-03-30,1554,Home,North,2,470.93,0.33,Card,1,2.0,631.05,2034-03-30,631.0462
14473,2034-03-31,1403,Clothing,South,1,152.57,0.0,Card,9,3.8,152.57,2034-03-31,152.57
14474,2034-04-01,1891,Clothing,East,4,455.87,0.0,Card,6,3.0,1823.48,2034-04-01,1823.48
14475,2034-04-02,1864,Electronics,East,3,521.24,0.18,Wallet,3,1.7,1282.25,2034-04-02,1282.2504000000001
14476,2034-04-03,1601,Beauty,East,4,528.99,0.17,Wallet,6,1.5,1756.25,2034-04-03,1756.2468
14477,2034-04-04,1806,Clothing,South,2,473.45,0.06,Wallet,7,2.8,890.09,2034-04-04,890.0859999999999
14478,2034-04-05,1340,Home,North,4,253.69,0.17,Card,3,3.8,842.25,2034-04-05,842.2507999999999
14479,2034-04-06,1756,Electronics,West,6,589.36,0.14,Card,4,3.4,3041.1,2034-04-06,3041.0975999999996
14480,2034-04-07,1944,Electronics,South,7,237.06,0.31,Card,10,4.4,1145.0,2034-04-07,1144.9998
14481,2034-04-08,1703,Clothing,East,1,388.6,0.0,Wallet,1,2.6,388.6,2034-04-08,388.6
14482,2034-04-09,1317,Beauty,North,6,109.23,0.34,Card,6,4.4,432.55,2034-04-09,432.5507999999999
14483,2034-04-10,1617,Clothing,West,1,588.56,0.22,Card,6,1.1,459.08,2034-04-10,459.0768
14484,2034-04-11,1362,Beauty,West,5,426.83,0.05,Wallet,9,2.5,2027.44,2034-04-11,2027.4424999999999
14485,2034-04-12,1821,Clothing,South,1,455.73,0.02,Cod,2,1.3,446.62,2034-04-12,446.6154
14486,2034-04-13,1381,Clothing,South,5,53.48,0.19,Cod,5,4.7,216.59,2034-04-13,216.594
14487,2034-04-14,1232,Electronics,West,6,461.6,0.08,Card,5,2.9,2548.03,2034-04-14,2548.0320000000006
14488,2034-04-15,1776,Home,West,3,468.21,0.11,Cod,7,2.3,1250.12,2034-04-15,1250.1207
14489,2034-04-16,1343,Electronics,East,2,407.99,0.09,Wallet,5,3.0,742.54,2034-04-16,742.5418000000001
14490,2034-04-17,1548,Beauty,West,3,185.77,0.23,Cod,10,3.1,429.13,2034-04-17,429.12870000000004
14491,2034-04-18,1816,Beauty,South,5,301.47,0.19,Card,4,4.4,1220.95,2034-04-18,1220.9535000000003
14492,2034-04-19,1552,Beauty,North,4,79.6,0.03,Card,10,3.2,308.85,2034-04-19,308.84799999999996
14493,2034-04-20,1528,Clothing,East,4,290.88,0.18,Card,2,2.7,954.09,2034-04-20,954.0864
14494,2034-04-21,1855,Home,East,3,157.64,0.28,Cod,8,4.8,340.5,2034-04-21,340.50239999999997
14495,2034-04-22,1788,Home,West,4,219.22,0.03,Card,5,4.9,850.57,2034-04-22,850.5735999999999
14496,2034-04-23,1818,Electronics,North,5,110.12,0.31,Cod,4,1.2,379.91,2034-04-23,379.914
14497,2034-04-24,1570,Clothing,East,6,149.58,0.2,Cod,9,3.8,717.98,2034-04-24,717.984
14498,2034-04-25,1934,Electronics,South,2,59.79,0.33,Cod,2,2.5,80.12,2034-04-25,80.11859999999999
14499,2034-04-26,1182,Clothing,West,7,553.14,0.05,Card,3,3.7,3678.38,2034-04-26,3678.381
14500,2034-04-27,1040,Electronics,South,1,325.29,0.35,Cod,8,3.5,211.44,2034-04-27,211.43850000000003
14501,2034-04-28,1550,Electronics,West,5,247.09,0.23,Cod,11,2.3,951.3,2034-04-28,951.2965
14502,2034-04-29,1396,Clothing,East,7,327.99,0.2,Card,4,4.9,1836.74,2034-04-29,1836.7440000000004
14503,2034-04-30,1703,Clothing,West,5,382.55,0.18,Wallet,9,2.4,1568.46,2034-04-30,1568.4550000000002
14504,2034-05-01,1778,Clothing,North,1,554.3,0.01,Card,10,3.5,548.76,2034-05-01,548.757
14505,2034-05-02,1493,Electronics,South,1,119.54,0.33,Cod,10,4.3,80.09,2034-05-02,80.09179999999999
14506,2034-05-03,1658,Clothing,North,2,187.9,0.23,Card,10,1.6,289.37,2034-05-03,289.36600000000004
14507,2034-05-04,1906,Electronics,South,2,585.84,0.03,Cod,10,2.2,1136.53,2034-05-04,1136.5296
14508,2034-05-05,1332,Clothing,South,2,232.15,0.01,Cod,9,1.8,459.66,2034-05-05,459.657
14509,2034-05-06,1126,Clothing,West,4,28.2,0.02,Card,10,4.1,110.54,2034-05-06,110.544
14510,2034-05-07,1557,Clothing,East,5,101.37,0.21,Cod,9,4.2,400.41,2034-05-07,400.41150000000005
14511,2034-05-08,1556,Home,East,6,30.41,0.21,Cod,1,2.0,144.14,2034-05-08,144.1434
14512,2034-05-09,1000,Electronics,North,1,594.11,0.17,Cod,6,1.0,493.11,2034-05-09,493.11129999999997
14513,2034-05-10,1167,Home,West,5,178.14,0.11,Card,10,2.7,792.72,2034-05-10,792.723
14514,2034-05-11,1619,Clothing,East,7,555.27,0.19,Card,6,3.7,3148.38,2034-05-11,3148.3809
14515,2034-05-12,1018,Clothing,South,5,597.59,0.18,Cod,8,3.5,2450.12,2034-05-12,2450.1190000000006
14516,2034-05-13,1331,Clothing,South,2,365.91,0.01,Card,7,2.8,724.5,2034-05-13,724.5018
14517,2034-05-14,1583,Electronics,West,2,34.42,0.1,Cod,7,2.2,61.96,2034-05-14,61.956
14518,2034-05-15,1455,Home,North,5,62.73,0.02,Card,2,2.9,307.38,2034-05-15,307.37699999999995
14519,2034-05-16,1956,Clothing,West,2,296.73,0.32,Card,11,1.1,403.55,2034-05-16,403.5528
14520,2034-05-17,1108,Electronics,North,4,252.61,0.25,Wallet,4,1.3,757.83,2034-05-17,757.83
14521,2034-05-18,1267,Electronics,West,1,369.61,0.35,Cod,1,1.7,240.25,2034-05-18,240.24650000000003
14522,2034-05-19,1444,Electronics,South,7,271.73,0.11,Cod,11,3.5,1692.88,2034-05-19,1692.8779000000002
14523,2034-05-20,1239,Beauty,West,5,561.43,0.31,Wallet,11,1.9,1936.93,2034-05-20,1936.9334999999996
14524,2034-05-21,1928,Home,East,1,327.82,0.21,Cod,7,2.7,258.98,2034-05-21,258.9778
14525,2034-05-22,1300,Electronics,East,4,420.83,0.16,Cod,4,3.5,1413.99,2034-05-22,1413.9887999999999
14526,2034-05-23,1601,Clothing,West,7,539.44,0.08,Wallet,9,4.3,3473.99,2034-05-23,3473.9936000000007
14527,2034-05-24,1102,Clothing,North,2,100.92,0.26,Cod,6,3.2,149.36,2034-05-24,149.3616
14528,2034-05-25,1987,Home,North,3,149.39,0.32,Cod,6,1.7,304.76,2034-05-25,304.75559999999996
14529,2034-05-26,1249,Electronics,South,4,77.78,0.08,Card,9,4.8,286.23,2034-05-26,286.23040000000003
14530,2034-05-27,1452,Electronics,South,3,96.69,0.06,Wallet,8,1.4,272.67,2034-05-27,272.6658
14531,2034-05-28,1519,Beauty,North,1,314.86,0.24,Card,6,2.5,239.29,2034-05-28,239.29360000000003
14532,2034-05-29,1152,Electronics,West,5,202.89,0.34,Card,6,4.7,669.54,2034-05-29,669.5369999999999
14533,2034-05-30,1858,Electronics,South,7,262.56,0.26,Card,6,3.4,1360.06,2034-05-30,1360.0608
14534,2034-05-31,1173,Beauty,North,2,589.76,0.1,Card,4,3.7,1061.57,2034-05-31,1061.568
14535,2034-06-01,1342,Clothing,North,7,106.67,0.15,Card,5,2.2,634.69,2034-06-01,634.6865
14536,2034-06-02,1669,Electronics,West,4,331.38,0.13,Wallet,3,1.3,1153.2,2034-06-02,1153.2024
14537,2034-06-03,1430,Electronics,East,2,72.84,0.3,Cod,9,2.5,101.98,2034-06-03,101.976
14538,2034-06-04,1726,Electronics,North,3,201.32,0.27,Card,11,2.6,440.89,2034-06-04,440.8908
14539,2034-06-05,1688,Electronics,South,3,323.6,0.21,Cod,2,2.1,766.93,2034-06-05,766.9320000000001
14540,2034-06-06,1686,Beauty,West,6,568.78,0.1,Cod,11,1.9,3071.41,2034-06-06,3071.412
14541,2034-06-07,1851,Clothing,West,7,243.87,0.33,Cod,7,2.4,1143.75,2034-06-07,1143.7503
14542,2034-06-08,1849,Home,West,5,52.97,0.23,Card,1,3.6,203.93,2034-06-08,203.9345
14543,2034-06-09,1657,Beauty,East,3,242.07,0.34,Wallet,10,4.8,479.3,2034-06-09,479.29859999999996
14544,2034-06-10,1961,Clothing,East,5,100.26,0.2,Card,7,3.8,401.04,2034-06-10,401.04
14545,2034-06-11,1323,Electronics,South,6,149.54,0.29,Card,2,4.1,637.04,2034-06-11,637.0404
14546,2034-06-12,1989,Clothing,South,4,376.58,0.28,Card,5,2.2,1084.55,2034-06-12,1084.5503999999999
14547,2034-06-13,1672,Beauty,West,6,54.44,0.12,Cod,1,1.4,287.44,2034-06-13,287.4432
14548,2034-06-14,1638,Home,South,5,286.86,0.34,Cod,5,2.2,946.64,2034-06-14,946.638
14549,2034-06-15,1419,Electronics,North,3,371.54,0.01,Card,11,2.6,1103.47,2034-06-15,1103.4738000000002
14550,2034-06-16,1593,Home,East,1,261.79,0.27,Card,4,3.8,191.11,2034-06-16,191.10670000000002
14551,2034-06-17,1484,Clothing,West,5,26.19,0.34,Cod,1,4.8,86.43,2034-06-17,86.427
14552,2034-06-18,1658,Beauty,West,2,591.53,0.12,Cod,1,4.2,1041.09,2034-06-18,1041.0928
14553,2034-06-19,1750,Electronics,North,1,229.76,0.23,Card,7,2.1,176.92,2034-06-19,176.9152
14554,2034-06-20,1411,Clothing,North,7,470.47,0.2,Wallet,3,4.3,2634.63,2034-06-20,2634.632
14555,2034-06-21,1935,Beauty,North,5,205.5,0.27,Wallet,10,2.6,750.08,2034-06-21,750.0749999999999
14556,2034-06-22,1083,Clothing,North,2,292.88,0.3,Card,9,1.7,410.03,2034-06-22,410.032
14557,2034-06-23,1112,Clothing,West,7,242.25,0.21,Cod,9,2.8,1339.64,2034-06-23,1339.6425000000002
14558,2034-06-24,1736,Electronics,East,6,215.39,0.29,Card,10,3.3,917.56,2034-06-24,917.5613999999999
14559,2034-06-25,1331,Electronics,East,1,27.78,0.11,Cod,11,4.1,24.72,2034-06-25,24.7242
14560,2034-06-26,1377,Electronics,North,5,225.61,0.08,Card,9,2.4,1037.81,2034-06-26,1037.8060000000003
14561,2034-06-27,1754,Beauty,South,4,535.35,0.15,Card,1,1.6,1820.19,2034-06-27,1820.19
14562,2034-06-28,1654,Electronics,West,6,418.88,0.24,Cod,4,1.4,1910.09,2034-06-28,1910.0928
14563,2034-06-29,1040,Clothing,East,2,100.07,0.07,Wallet,1,1.4,186.13,2034-06-29,186.13019999999997
14564,2034-06-30,1934,Home,North,4,360.83,0.24,Card,1,4.8,1096.92,2034-06-30,1096.9232
14565,2034-07-01,1769,Electronics,South,3,536.96,0.14,Card,9,4.8,1385.36,2034-07-01,1385.3568
14566,2034-07-02,1958,Clothing,South,6,424.52,0.28,Card,5,4.9,1833.93,2034-07-02,1833.9263999999998
14567,2034-07-03,1796,Home,North,6,101.98,0.01,Cod,1,2.2,605.76,2034-07-03,605.7612
14568,2034-07-04,1104,Beauty,West,5,522.68,0.23,Cod,11,1.8,2012.32,2034-07-04,2012.3179999999998
14569,2034-07-05,1201,Clothing,East,5,191.4,0.23,Cod,3,4.9,736.89,2034-07-05,736.89
14570,2034-07-06,1449,Home,South,2,280.63,0.33,Cod,7,5.0,376.04,2034-07-06,376.04419999999993
14571,2034-07-07,1818,Electronics,East,6,322.79,0.25,Cod,2,1.3,1452.56,2034-07-07,1452.5550000000003
14572,2034-07-08,1842,Beauty,East,5,512.55,0.28,Cod,4,4.0,1845.18,2034-07-08,1845.1799999999998
14573,2034-07-09,1972,Electronics,South,3,559.99,0.32,Cod,2,2.2,1142.38,2034-07-09,1142.3796
14574,2034-07-10,1265,Home,North,7,558.85,0.24,Cod,9,4.6,2973.08,2034-07-10,2973.0820000000003
14575,2034-07-11,1909,Electronics,South,7,19.65,0.1,Wallet,9,1.4,123.79,2034-07-11,123.79499999999999
14576,2034-07-12,1209,Beauty,South,7,554.3,0.3,Card,7,4.6,2716.07,2034-07-12,2716.0699999999993
14577,2034-07-13,1562,Home,West,5,46.82,0.26,Card,7,1.0,173.23,2034-07-13,173.23399999999998
14578,2034-07-14,1117,Home,East,6,170.48,0.15,Card,2,3.1,869.45,2034-07-14,869.4479999999999
14579,2034-07-15,1712,Electronics,North,7,316.27,0.25,Wallet,10,2.3,1660.42,2034-07-15,1660.4175
14580,2034-07-16,1376,Clothing,East,1,295.76,0.3,Card,8,2.7,207.03,2034-07-16,207.03199999999998
14581,2034-07-17,1550,Clothing,South,4,368.76,0.34,Card,1,2.7,973.53,2034-07-17,973.5263999999999
14582,2034-07-18,1539,Home,North,6,295.48,0.33,Wallet,8,3.6,1187.83,2034-07-18,1187.8296
14583,2034-07-19,1770,Electronics,North,3,561.61,0.11,Wallet,5,1.1,1499.5,2034-07-19,1499.4986999999999
14584,2034-07-20,1083,Beauty,North,6,155.72,0.15,Wallet,4,3.8,794.17,2034-07-20,794.1719999999999
14585,2034-07-21,1453,Beauty,North,3,175.3,0.04,Card,10,1.1,504.86,2034-07-21,504.8640000000001
14586,2034-07-22,1666,Electronics,West,6,553.63,0.09,Wallet,2,1.7,3022.82,2034-07-22,3022.8197999999998
14587,2034-07-23,1628,Home,North,7,59.89,0.31,Card,3,3.4,289.27,2034-07-23,289.26869999999997
14588,2034-07-24,1513,Clothing,South,4,371.59,0.13,Card,10,1.3,1293.13,2034-07-24,1293.1332
14589,2034-07-25,1604,Clothing,West,4,413.82,0.22,Card,2,5.0,1291.12,2034-07-25,1291.1184
14590,2034-07-26,1677,Electronics,South,3,310.74,0.23,Cod,11,4.1,717.81,2034-07-26,717.8094
14591,2034-07-27,1386,Clothing,South,6,421.13,0.27,Card,4,3.8,1844.55,2034-07-27,1844.5493999999999
14592,2034-07-28,1911,Home,East,4,116.06,0.06,Cod,3,2.1,436.39,2034-07-28,436.3856
14593,2034-07-29,1349,Clothing,North,2,513.79,0.11,Wallet,5,1.2,914.55,2034-07-29,914.5462
14594,2034-07-30,1295,Clothing,North,6,96.92,0.16,Card,7,4.9,488.48,2034-07-30,488.47679999999997
14595,2034-07-31,1257,Home,South,4,249.48,0.13,Card,9,1.6,868.19,2034-07-31,868.1904
14596,2034-08-01,1080,Home,North,1,59.03,0.34,Card,5,4.3,38.96,2034-08-01,38.959799999999994
14597,2034-08-02,1936,Electronics,West,1,333.95,0.29,Wallet,8,1.8,237.1,2034-08-02,237.10449999999997
14598,2034-08-03,1267,Beauty,East,2,406.8,0.17,Card,2,2.5,675.29,2034-08-03,675.288
14599,2034-08-04,1418,Clothing,North,4,565.61,0.31,Card,6,3.8,1561.08,2034-08-04,1561.0836
14600,2034-08-05,1234,Electronics,North,1,447.51,0.12,Card,8,4.8,393.81,2034-08-05,393.8088
14601,2034-08-06,1832,Electronics,West,7,331.55,0.28,Wallet,9,1.1,1671.01,2034-08-06,1671.012
14602,2034-08-07,1310,Clothing,East,6,560.58,0.08,Card,11,2.0,3094.4,2034-08-07,3094.4016000000006
14603,2034-08-08,1812,Beauty,West,5,294.89,0.27,Card,4,4.1,1076.35,2034-08-08,1076.3484999999998
14604,2034-08-09,1974,Clothing,South,4,343.31,0.16,Card,4,1.7,1153.52,2034-08-09,1153.5216
14605,2034-08-10,1985,Home,South,2,363.72,0.04,Wallet,7,1.4,698.34,2034-08-10,698.3424
14606,2034-08-11,1356,Electronics,North,4,254.84,0.1,Card,4,1.2,917.42,2034-08-11,917.424
14607,2034-08-12,1212,Clothing,East,3,505.51,0.14,Cod,5,3.0,1304.22,2034-08-12,1304.2158
14608,2034-08-13,1573,Beauty,South,3,123.33,0.26,Card,2,4.1,273.79,2034-08-13,273.7926
14609,2034-08-14,1048,Home,West,1,339.58,0.03,Wallet,2,4.8,329.39,2034-08-14,329.39259999999996
14610,2034-08-15,1126,Electronics,South,3,437.51,0.23,Cod,11,2.1,1010.65,2034-08-15,1010.6481
14611,2034-08-16,1222,Clothing,South,2,543.83,0.25,Cod,10,1.5,815.75,2034-08-16,815.7450000000001
14612,2034-08-17,1920,Electronics,West,1,532.09,0.23,Card,5,2.6,409.71,2034-08-17,409.70930000000004
14613,2034-08-18,1278,Clothing,North,2,312.61,0.27,Card,10,1.2,456.41,2034-08-18,456.4106
14614,2034-08-19,1407,Home,East,6,391.25,0.06,Card,10,2.3,2206.65,2034-08-19,2206.65
14615,2034-08-20,1504,Home,North,2,245.63,0.21,Cod,2,3.6,388.1,2034-08-20,388.0954
14616,2034-08-21,1293,Electronics,West,3,288.88,0.33,Wallet,6,1.7,580.65,2034-08-21,580.6487999999999
14617,2034-08-22,1795,Beauty,South,6,545.17,0.21,Card,6,3.5,2584.11,2034-08-22,2584.1058
14618,2034-08-23,1276,Clothing,East,3,559.46,0.21,Wallet,8,4.9,1325.92,2034-08-23,1325.9202000000002
14619,2034-08-24,1437,Clothing,North,2,538.82,0.26,Card,1,4.5,797.45,2034-08-24,797.4536
14620,2034-08-25,1106,Clothing,West,3,95.95,0.12,Wallet,7,2.4,253.31,2034-08-25,253.30800000000002
14621,2034-08-26,1657,Clothing,South,3,512.3,0.25,Card,7,2.7,1152.68,2034-08-26,1152.675
14622,2034-08-27,1419,Clothing,South,3,569.79,0.32,Card,9,2.7,1162.37,2034-08-27,1162.3715999999997
14623,2034-08-28,1610,Clothing,North,4,226.33,0.0,Cod,4,4.4,905.32,2034-08-28,905.32
14624,2034-08-29,1428,Clothing,West,6,318.41,0.3,Cod,7,5.0,1337.32,2034-08-29,1337.322
14625,2034-08-30,1374,Electronics,South,6,470.77,0.08,Cod,6,4.3,2598.65,2034-08-30,2598.6504
14626,2034-08-31,1072,Home,South,7,343.82,0.16,Cod,4,3.2,2021.66,2034-08-31,2021.6615999999997
14627,2034-09-01,1948,Clothing,East,6,596.19,0.3,Cod,10,1.4,2504.0,2034-09-01,2503.998
14628,2034-09-02,1997,Electronics,South,7,281.59,0.29,Card,8,4.8,1399.5,2034-09-02,1399.5022999999999
14629,2034-09-03,1633,Home,North,2,432.66,0.31,Card,3,4.4,597.07,2034-09-03,597.0708
14630,2034-09-04,1029,Beauty,West,7,478.67,0.33,Card,8,4.4,2244.96,2034-09-04,2244.9622999999997
14631,2034-09-05,1187,Beauty,West,7,304.05,0.16,Cod,5,2.6,1787.81,2034-09-05,1787.8139999999999
14632,2034-09-06,1363,Clothing,East,5,516.34,0.23,Cod,4,2.8,1987.91,2034-09-06,1987.9090000000003
14633,2034-09-07,1865,Electronics,West,2,334.5,0.14,Cod,3,1.5,575.34,2034-09-07,575.34
14634,2034-09-08,1799,Clothing,North,6,255.82,0.12,Cod,10,4.8,1350.73,2034-09-08,1350.7296000000001
14635,2034-09-09,1450,Electronics,South,1,78.08,0.15,Card,7,4.8,66.37,2034-09-09,66.368
14636,2034-09-10,1194,Beauty,East,3,245.15,0.26,Cod,7,2.0,544.23,2034-09-10,544.2330000000001
14637,2034-09-11,1155,Electronics,West,3,444.35,0.18,Card,6,3.8,1093.1,2034-09-11,1093.1010000000003
14638,2034-09-12,1171,Electronics,East,5,553.95,0.28,Cod,3,1.8,1994.22,2034-09-12,1994.22
14639,2034-09-13,1846,Clothing,East,1,162.23,0.26,Card,9,2.6,120.05,2034-09-13,120.05019999999999
14640,2034-09-14,1040,Clothing,West,4,222.81,0.01,Cod,11,2.2,882.33,2034-09-14,882.3276
14641,2034-09-15,1062,Home,East,7,105.07,0.22,Cod,2,2.6,573.68,2034-09-15,573.6822000000001
14642,2034-09-16,1022,Clothing,West,2,419.07,0.15,Card,3,2.2,712.42,2034-09-16,712.419
14643,2034-09-17,1359,Electronics,North,4,576.71,0.16,Cod,1,2.4,1937.75,2034-09-17,1937.7456
14644,2034-09-18,1074,Electronics,West,1,389.96,0.29,Card,7,4.2,276.87,2034-09-18,276.87159999999994
14645,2034-09-19,1559,Clothing,South,5,375.99,0.19,Card,2,2.2,1522.76,2034-09-19,1522.7595000000001
14646,2034-09-20,1671,Electronics,West,1,338.79,0.31,Cod,10,4.3,233.77,2034-09-20,233.7651
14647,2034-09-21,1824,Clothing,South,5,66.75,0.25,Wallet,8,3.3,250.31,2034-09-21,250.3125
14648,2034-09-22,1117,Clothing,East,4,441.76,0.19,Card,9,4.1,1431.3,2034-09-22,1431.3024
14649,2034-09-23,1611,Home,West,4,367.2,0.26,Card,11,4.7,1086.91,2034-09-23,1086.912
14650,2034-09-24,1379,Beauty,South,1,401.96,0.01,Cod,2,1.6,397.94,2034-09-24,397.94039999999995
14651,2034-09-25,1928,Beauty,West,1,540.8,0.01,Cod,6,2.4,535.39,2034-09-25,535.3919999999999
14652,2034-09-26,1919,Beauty,West,7,473.62,0.03,Card,11,1.2,3215.88,2034-09-26,3215.8798
14653,2034-09-27,1678,Electronics,West,3,471.84,0.15,Wallet,1,2.6,1203.19,2034-09-27,1203.192
14654,2034-09-28,1289,Electronics,North,5,557.4,0.08,Cod,8,1.9,2564.04,2034-09-28,2564.04
14655,2034-09-29,1439,Electronics,South,3,594.11,0.34,Card,5,3.3,1176.34,2034-09-29,1176.3377999999998
14656,2034-09-30,1667,Beauty,North,2,355.05,0.19,Card,9,4.1,575.18,2034-09-30,575.181
14657,2034-10-01,1932,Beauty,North,2,78.7,0.23,Cod,3,2.9,121.2,2034-10-01,121.19800000000001
14658,2034-10-02,1006,Beauty,South,1,283.59,0.1,Cod,2,2.3,255.23,2034-10-02,255.231
14659,2034-10-03,1195,Electronics,West,4,475.75,0.11,Card,7,1.6,1693.67,2034-10-03,1693.67
14660,2034-10-04,1420,Beauty,North,2,31.22,0.12,Wallet,11,1.1,54.95,2034-10-04,54.947199999999995
14661,2034-10-05,1567,Clothing,North,2,48.28,0.24,Card,7,3.7,73.39,2034-10-05,73.3856
14662,2034-10-06,1832,Electronics,North,3,54.29,0.17,Cod,10,1.1,135.18,2034-10-06,135.1821
14663,2034-10-07,1192,Clothing,West,3,442.66,0.18,Card,5,4.7,1088.94,2034-10-07,1088.9436
14664,2034-10-08,1558,Electronics,North,7,308.18,0.21,Wallet,7,3.4,1704.24,2034-10-08,1704.2354000000003
14665,2034-10-09,1147,Clothing,East,7,230.81,0.27,Cod,6,2.4,1179.44,2034-10-09,1179.4391
14666,2034-10-10,1786,Electronics,South,2,76.79,0.03,Card,9,1.2,148.97,2034-10-10,148.9726
14667,2034-10-11,1668,Clothing,East,1,443.36,0.27,Wallet,3,2.7,323.65,2034-10-11,323.6528
14668,2034-10-12,1201,Clothing,West,3,202.8,0.2,Card,4,4.5,486.72,2034-10-12,486.7200000000001
14669,2034-10-13,1443,Beauty,North,2,170.21,0.23,Cod,9,4.9,262.12,2034-10-13,262.1234
14670,2034-10-14,1913,Home,South,4,396.61,0.11,Wallet,10,1.3,1411.93,2034-10-14,1411.9316000000001
14671,2034-10-15,1987,Clothing,North,3,342.02,0.14,Cod,8,4.1,882.41,2034-10-15,882.4115999999999
14672,2034-10-16,1418,Home,West,2,227.01,0.08,Wallet,10,2.0,417.7,2034-10-16,417.6984
14673,2034-10-17,1426,Beauty,South,7,390.27,0.34,Wallet,6,2.5,1803.05,2034-10-17,1803.0473999999997
14674,2034-10-18,1478,Electronics,East,5,173.66,0.17,Wallet,3,3.2,720.69,2034-10-18,720.689
14675,2034-10-19,1474,Clothing,South,3,479.98,0.35,Card,9,5.0,935.96,2034-10-19,935.961
14676,2034-10-20,1125,Electronics,North,5,149.15,0.17,Card,9,1.8,618.97,2034-10-20,618.9725
14677,2034-10-21,1394,Electronics,South,3,107.92,0.08,Cod,11,1.5,297.86,2034-10-21,297.8592
14678,2034-10-22,1816,Home,West,3,472.73,0.18,Cod,6,3.4,1162.92,2034-10-22,1162.9158000000002
14679,2034-10-23,1880,Beauty,West,7,429.12,0.01,Cod,2,4.4,2973.8,2034-10-23,2973.8016000000002
14680,2034-10-24,1805,Electronics,South,6,121.84,0.32,Card,7,3.6,497.11,2034-10-24,497.1071999999999
14681,2034-10-25,1575,Home,West,6,83.0,0.29,Wallet,9,2.4,353.58,2034-10-25,353.58
14682,2034-10-26,1324,Beauty,West,5,505.46,0.25,Wallet,9,4.9,1895.48,2034-10-26,1895.475
14683,2034-10-27,1391,Beauty,West,1,469.31,0.21,Card,3,5.0,370.75,2034-10-27,370.7549
14684,2034-10-28,1929,Electronics,East,2,206.45,0.2,Card,2,4.1,330.32,2034-10-28,330.32
14685,2034-10-29,1687,Beauty,North,1,400.05,0.35,Card,5,4.2,260.03,2034-10-29,260.0325
14686,2034-10-30,1627,Electronics,West,1,87.63,0.1,Card,11,4.0,78.87,2034-10-30,78.867
14687,2034-10-31,1439,Clothing,South,6,311.62,0.27,Cod,10,2.0,1364.9,2034-10-31,1364.8956
14688,2034-11-01,1203,Electronics,West,2,25.96,0.2,Wallet,7,1.6,41.54,2034-11-01,41.536
14689,2034-11-02,1485,Electronics,East,6,244.09,0.34,Card,3,3.2,966.6,2034-11-02,966.5963999999999
14690,2034-11-03,1832,Home,South,6,58.78,0.29,Cod,4,4.8,250.4,2034-11-03,250.40279999999998
14691,2034-11-04,1030,Clothing,North,7,292.96,0.35,Cod,10,4.5,1332.97,2034-11-04,1332.9679999999998
14692,2034-11-05,1387,Electronics,South,6,261.68,0.21,Card,2,1.4,1240.36,2034-11-05,1240.3632
14693,2034-11-06,1624,Electronics,South,4,274.97,0.07,Cod,11,1.2,1022.89,2034-11-06,1022.8884
14694,2034-11-07,1876,Home,South,1,41.52,0.18,Cod,10,4.5,34.05,2034-11-07,34.046400000000006
14695,2034-11-08,1433,Electronics,South,7,226.55,0.25,Wallet,2,3.5,1189.39,2034-11-08,1189.3875
14696,2034-11-09,1836,Home,West,7,457.54,0.27,Cod,7,2.2,2338.03,2034-11-09,2338.0294
14697,2034-11-10,1925,Electronics,North,1,230.81,0.0,Cod,2,3.2,230.81,2034-11-10,230.81
14698,2034-11-11,1375,Electronics,West,7,433.38,0.18,Card,1,1.9,2487.6,2034-11-11,2487.6012
14699,2034-11-12,1343,Clothing,East,1,231.15,0.08,Card,4,4.8,212.66,2034-11-12,212.65800000000002
14700,2034-11-13,1442,Clothing,East,4,262.6,0.31,Card,6,4.3,724.78,2034-11-13,724.776
14701,2034-11-14,1578,Clothing,South,3,344.88,0.05,Card,10,4.8,982.91,2034-11-14,982.9079999999998
14702,2034-11-15,1074,Electronics,West,7,571.15,0.23,Card,10,1.7,3078.5,2034-11-15,3078.4984999999997
14703,2034-11-16,1556,Beauty,West,5,78.68,0.09,Card,4,4.4,357.99,2034-11-16,357.994
14704,2034-11-17,1771,Clothing,North,5,34.25,0.12,Cod,1,3.2,150.7,2034-11-17,150.7
14705,2034-11-18,1665,Electronics,North,4,370.65,0.33,Cod,1,2.3,993.34,2034-11-18,993.3419999999999
14706,2034-11-19,1154,Clothing,North,1,570.22,0.08,Card,9,2.9,524.6,2034-11-19,524.6024000000001
14707,2034-11-20,1429,Beauty,West,5,593.99,0.03,Card,1,4.8,2880.85,2034-11-20,2880.8514999999998
14708,2034-11-21,1362,Electronics,North,4,298.24,0.02,Cod,7,3.8,1169.1,2034-11-21,1169.1008
14709,2034-11-22,1447,Electronics,North,6,288.83,0.18,Card,11,2.4,1421.04,2034-11-22,1421.0436000000002
14710,2034-11-23,1986,Home,North,2,392.3,0.22,Card,7,5.0,611.99,2034-11-23,611.988
14711,2034-11-24,1233,Clothing,South,5,340.05,0.11,Cod,1,2.4,1513.22,2034-11-24,1513.2225
14712,2034-11-25,1562,Clothing,East,2,385.94,0.24,Card,1,4.3,586.63,2034-11-25,586.6288
14713,2034-11-26,1817,Electronics,East,1,526.29,0.02,Card,6,4.1,515.76,2034-11-26,515.7642
14714,2034-11-27,1261,Electronics,West,5,451.59,0.3,Card,8,3.9,1580.56,2034-11-27,1580.5649999999998
14715,2034-11-28,1826,Clothing,West,4,305.67,0.29,Card,7,3.7,868.1,2034-11-28,868.1028
14716,2034-11-29,1124,Electronics,South,3,285.19,0.34,Wallet,6,1.4,564.68,2034-11-29,564.6761999999999
14717,2034-11-30,1910,Clothing,East,5,389.17,0.33,Card,10,5.0,1303.72,2034-11-30,1303.7195
14718,2034-12-01,1244,Clothing,North,5,281.59,0.12,Cod,3,1.6,1239.0,2034-12-01,1238.9959999999999
14719,2034-12-02,1541,Electronics,North,5,282.8,0.14,Cod,11,3.4,1216.04,2034-12-02,1216.04
14720,2034-12-03,1937,Beauty,West,5,24.54,0.26,Card,7,2.0,90.8,2034-12-03,90.79799999999999
14721,2034-12-04,1484,Home,East,4,116.83,0.05,Card,6,1.7,443.95,2034-12-04,443.95399999999995
14722,2034-12-05,1121,Home,West,4,300.78,0.11,Wallet,8,3.2,1070.78,2034-12-05,1070.7767999999999
14723,2034-12-06,1124,Electronics,West,3,496.25,0.04,Wallet,4,4.3,1429.2,2034-12-06,1429.2
14724,2034-12-07,1548,Electronics,North,4,178.06,0.16,Card,9,2.5,598.28,2034-12-07,598.2816
14725,2034-12-08,1169,Clothing,North,4,320.75,0.19,Card,1,1.3,1039.23,2034-12-08,1039.23
14726,2034-12-09,1123,Electronics,East,1,216.8,0.07,Cod,7,3.5,201.62,2034-12-09,201.624
14727,2034-12-10,1868,Beauty,West,7,76.31,0.01,Card,9,4.1,528.83,2034-12-10,528.8283
14728,2034-12-11,1034,Electronics,South,1,575.6,0.25,Card,10,2.2,431.7,2034-12-11,431.70000000000005
14729,2034-12-12,1086,Clothing,East,7,514.98,0.01,Card,1,3.8,3568.81,2034-12-12,3568.8114
14730,2034-12-13,1645,Clothing,West,2,60.92,0.34,Card,10,1.3,80.41,2034-12-13,80.41439999999999
14731,2034-12-14,1707,Clothing,East,3,436.08,0.08,Card,3,2.4,1203.58,2034-12-14,1203.5808
14732,2034-12-15,1785,Electronics,East,7,218.33,0.23,Cod,7,2.9,1176.8,2034-12-15,1176.7987
14733,2034-12-16,1200,Clothing,East,1,596.99,0.15,Cod,9,4.1,507.44,2034-12-16,507.4415
14734,2034-12-17,1368,Electronics,South,3,191.9,0.02,Cod,1,2.4,564.19,2034-12-17,564.186
14735,2034-12-18,1796,Beauty,South,3,154.66,0.17,Card,6,2.8,385.1,2034-12-18,385.1034
14736,2034-12-19,1076,Electronics,North,5,347.22,0.18,Card,11,3.5,1423.6,2034-12-19,1423.6020000000003
14737,2034-12-20,1058,Beauty,North,6,503.55,0.3,Cod,2,3.5,2114.91,2034-12-20,2114.91
14738,2034-12-21,1430,Home,West,6,127.62,0.26,Card,5,3.1,566.63,2034-12-21,566.6328
14739,2034-12-22,1637,Electronics,East,6,430.0,0.03,Card,7,2.3,2502.6,2034-12-22,2502.6
14740,2034-12-23,1499,Home,West,3,50.92,0.07,Card,7,3.7,142.07,2034-12-23,142.06679999999997
14741,2034-12-24,1912,Electronics,North,5,552.58,0.11,Card,10,4.3,2458.98,2034-12-24,2458.981
14742,2034-12-25,1108,Beauty,South,2,62.43,0.04,Wallet,7,1.6,119.87,2034-12-25,119.8656
14743,2034-12-26,1735,Clothing,North,2,549.83,0.16,Cod,4,2.4,923.71,2034-12-26,923.7144000000001
14744,2034-12-27,1277,Electronics,West,6,302.12,0.34,Card,6,3.7,1196.4,2034-12-27,1196.3952
14745,2034-12-28,1067,Clothing,North,2,277.13,0.18,Cod,11,4.0,454.49,2034-12-28,454.4932
14746,2034-12-29,1068,Electronics,West,5,584.38,0.26,Card,10,4.1,2162.21,2034-12-29,2162.206
14747,2034-12-30,1164,Beauty,West,6,594.37,0.24,Card,6,3.6,2710.33,2034-12-30,2710.3272
14748,2034-12-31,1488,Electronics,West,7,395.35,0.3,Card,7,2.9,1937.22,2034-12-31,1937.2150000000001
14749,2035-01-01,1304,Home,West,7,89.36,0.08,Cod,9,3.6,575.48,2035-01-01,575.4784
14750,2035-01-02,1908,Clothing,North,5,311.11,0.26,Card,6,1.5,1151.11,2035-01-02,1151.1070000000002
14751,2035-01-03,1673,Beauty,West,2,324.56,0.31,Card,10,1.8,447.89,2035-01-03,447.89279999999997
14752,2035-01-04,1364,Electronics,West,6,315.95,0.06,Card,1,4.7,1781.96,2035-01-04,1781.9579999999996
14753,2035-01-05,1853,Clothing,East,7,348.15,0.12,Card,8,4.7,2144.6,2035-01-05,2144.604
14754,2035-01-06,1820,Clothing,West,5,25.95,0.34,Cod,2,3.9,85.64,2035-01-06,85.63499999999999
14755,2035-01-07,1378,Home,North,4,431.07,0.27,Wallet,3,2.3,1258.72,2035-01-07,1258.7244
14756,2035-01-08,1342,Electronics,West,7,431.75,0.1,Cod,5,3.6,2720.02,2035-01-08,2720.025
14757,2035-01-09,1946,Electronics,South,4,82.55,0.2,Cod,6,3.8,264.16,2035-01-09,264.16
14758,2035-01-10,1898,Electronics,South,5,348.59,0.14,Wallet,7,3.1,1498.94,2035-01-10,1498.937
14759,2035-01-11,1553,Home,West,5,347.49,0.17,Card,4,4.0,1442.08,2035-01-11,1442.0835
14760,2035-01-12,1353,Electronics,South,1,414.23,0.12,Card,3,1.1,364.52,2035-01-12,364.5224
14761,2035-01-13,1415,Clothing,South,7,64.96,0.1,Card,9,2.0,409.25,2035-01-13,409.248
14762,2035-01-14,1108,Electronics,North,1,381.5,0.24,Card,4,4.2,289.94,2035-01-14,289.94
14763,2035-01-15,1562,Beauty,East,3,179.24,0.27,Card,9,4.8,392.54,2035-01-15,392.5356
14764,2035-01-16,1761,Beauty,South,7,311.6,0.31,Card,9,4.5,1505.03,2035-01-16,1505.028
14765,2035-01-17,1496,Clothing,South,6,467.39,0.05,Card,11,3.9,2664.12,2035-01-17,2664.123
14766,2035-01-18,1340,Clothing,East,3,427.8,0.29,Cod,3,1.7,911.21,2035-01-18,911.214
14767,2035-01-19,1941,Electronics,East,3,84.56,0.09,Wallet,3,2.5,230.85,2035-01-19,230.8488
14768,2035-01-20,1382,Electronics,South,2,360.84,0.15,Card,11,1.2,613.43,2035-01-20,613.428
14769,2035-01-21,1532,Electronics,West,4,581.93,0.32,Card,8,3.6,1582.85,2035-01-21,1582.8495999999998
14770,2035-01-22,1299,Home,South,2,106.71,0.16,Cod,1,2.8,179.27,2035-01-22,179.2728
14771,2035-01-23,1138,Clothing,West,6,513.95,0.07,Card,6,3.3,2867.84,2035-01-23,2867.841
14772,2035-01-24,1358,Beauty,West,5,425.99,0.06,Card,6,4.9,2002.15,2035-01-24,2002.1529999999998
14773,2035-01-25,1835,Clothing,West,1,467.79,0.17,Card,9,2.6,388.27,2035-01-25,388.2657
14774,2035-01-26,1498,Home,East,6,179.95,0.27,Cod,2,2.2,788.18,2035-01-26,788.1809999999998
14775,2035-01-27,1384,Clothing,South,5,183.42,0.35,Wallet,8,1.6,596.12,2035-01-27,596.115
14776,2035-01-28,1603,Clothing,South,6,545.02,0.28,Cod,7,1.6,2354.49,2035-01-28,2354.4864
14777,2035-01-29,1958,Electronics,North,5,225.5,0.31,Card,2,3.1,777.97,2035-01-29,777.9749999999999
14778,2035-01-30,1279,Clothing,East,7,51.86,0.26,Card,1,4.0,268.63,2035-01-30,268.6348
14779,2035-01-31,1636,Clothing,North,1,366.35,0.31,Card,4,3.3,252.78,2035-01-31,252.7815
14780,2035-02-01,1482,Home,North,5,88.02,0.03,Wallet,2,4.5,426.9,2035-02-01,426.89699999999993
14781,2035-02-02,1908,Beauty,West,3,481.01,0.33,Cod,3,2.3,966.83,2035-02-02,966.8300999999999
14782,2035-02-03,1110,Electronics,East,6,390.42,0.14,Card,2,3.4,2014.57,2035-02-03,2014.5672
14783,2035-02-04,1865,Electronics,North,1,526.72,0.32,Cod,9,3.6,358.17,2035-02-04,358.1696
14784,2035-02-05,1138,Clothing,South,5,474.13,0.03,Card,4,2.1,2299.53,2035-02-05,2299.5305
14785,2035-02-06,1995,Clothing,North,3,80.59,0.25,Wallet,1,2.6,181.33,2035-02-06,181.32750000000001
14786,2035-02-07,1434,Electronics,East,3,237.93,0.26,Wallet,8,3.4,528.2,2035-02-07,528.2045999999999
14787,2035-02-08,1508,Home,South,7,468.12,0.35,Card,4,1.1,2129.95,2035-02-08,2129.9460000000004
14788,2035-02-09,1272,Beauty,South,4,259.14,0.27,Cod,10,4.5,756.69,2035-02-09,756.6887999999999
14789,2035-02-10,1098,Beauty,South,3,583.83,0.13,Cod,11,1.4,1523.8,2035-02-10,1523.7963000000002
14790,2035-02-11,1763,Electronics,West,2,445.41,0.2,Card,11,1.2,712.66,2035-02-11,712.6560000000001
14791,2035-02-12,1849,Beauty,South,1,24.07,0.13,Cod,8,1.9,20.94,2035-02-12,20.9409
14792,2035-02-13,1103,Home,West,1,529.79,0.07,Cod,8,3.0,492.7,2035-02-13,492.70469999999995
14793,2035-02-14,1213,Clothing,West,1,73.97,0.09,Card,9,2.3,67.31,2035-02-14,67.3127
14794,2035-02-15,1760,Clothing,North,5,97.21,0.08,Cod,10,2.8,447.17,2035-02-15,447.166
14795,2035-02-16,1663,Home,North,6,444.68,0.19,Cod,7,1.3,2161.14,2035-02-16,2161.1448
14796,2035-02-17,1761,Clothing,South,5,521.01,0.32,Card,4,1.9,1771.43,2035-02-17,1771.434
14797,2035-02-18,1786,Clothing,East,2,328.76,0.32,Card,2,1.4,447.11,2035-02-18,447.11359999999996
14798,2035-02-19,1164,Clothing,South,6,184.09,0.02,Cod,6,1.9,1082.45,2035-02-19,1082.4492
14799,2035-02-20,1998,Clothing,North,7,220.52,0.03,Card,4,3.8,1497.33,2035-02-20,1497.3308
14800,2035-02-21,1852,Electronics,South,3,215.59,0.09,Wallet,6,3.3,588.56,2035-02-21,588.5607
14801,2035-02-22,1519,Beauty,North,5,206.11,0.09,Card,8,2.3,937.8,2035-02-22,937.8005000000002
14802,2035-02-23,1283,Home,South,6,157.1,0.03,Card,3,2.0,914.32,2035-02-23,914.3219999999999
14803,2035-02-24,1516,Clothing,East,3,371.19,0.14,Card,1,5.0,957.67,2035-02-24,957.6701999999999
14804,2035-02-25,1656,Electronics,South,6,541.74,0.21,Cod,5,4.1,2567.85,2035-02-25,2567.8476
14805,2035-02-26,1612,Clothing,East,3,194.64,0.2,Cod,3,4.3,467.14,2035-02-26,467.13599999999997
14806,2035-02-27,1163,Electronics,East,6,124.22,0.19,Card,6,1.1,603.71,2035-02-27,603.7092
14807,2035-02-28,1885,Electronics,South,5,505.57,0.12,Card,3,1.2,2224.51,2035-02-28,2224.508
14808,2035-03-01,1658,Clothing,East,5,448.94,0.25,Wallet,1,3.9,1683.52,2035-03-01,1683.5249999999999
14809,2035-03-02,1063,Clothing,East,2,559.54,0.29,Card,9,1.8,794.55,2035-03-02,794.5468
14810,2035-03-03,1090,Clothing,North,7,111.83,0.12,Card,5,2.7,688.87,2035-03-03,688.8728
14811,2035-03-04,1116,Electronics,North,7,99.39,0.03,Card,2,1.7,674.86,2035-03-04,674.8581
14812,2035-03-05,1865,Clothing,East,4,331.74,0.1,Card,2,1.7,1194.26,2035-03-05,1194.2640000000001
14813,2035-03-06,1266,Electronics,West,1,374.44,0.05,Card,11,1.4,355.72,2035-03-06,355.71799999999996
14814,2035-03-07,1821,Beauty,South,5,295.9,0.16,Card,9,3.4,1242.78,2035-03-07,1242.78
14815,2035-03-08,1684,Clothing,East,5,365.4,0.05,Card,1,4.0,1735.65,2035-03-08,1735.6499999999999
14816,2035-03-09,1558,Home,South,3,120.52,0.16,Wallet,10,1.2,303.71,2035-03-09,303.7104
14817,2035-03-10,1139,Electronics,North,4,295.57,0.08,Card,3,2.1,1087.7,2035-03-10,1087.6976
14818,2035-03-11,1245,Electronics,South,7,399.98,0.26,Cod,10,3.6,2071.9,2035-03-11,2071.8964
14819,2035-03-12,1660,Beauty,East,5,268.13,0.01,Cod,11,2.6,1327.24,2035-03-12,1327.2435
14820,2035-03-13,1757,Electronics,East,6,412.48,0.19,Card,7,3.8,2004.65,2035-03-13,2004.6528000000003
14821,2035-03-14,1394,Clothing,East,7,278.95,0.06,Cod,1,4.0,1835.49,2035-03-14,1835.4909999999998
14822,2035-03-15,1486,Clothing,East,4,210.16,0.0,Card,2,1.1,840.64,2035-03-15,840.64
14823,2035-03-16,1475,Electronics,West,1,192.61,0.3,Card,6,2.5,134.83,2035-03-16,134.827
14824,2035-03-17,1516,Home,West,6,255.38,0.24,Wallet,9,3.9,1164.53,2035-03-17,1164.5328
14825,2035-03-18,1976,Clothing,West,3,28.51,0.03,Cod,9,2.5,82.96,2035-03-18,82.9641
14826,2035-03-19,1183,Electronics,East,2,406.09,0.23,Wallet,8,1.0,625.38,2035-03-19,625.3786
14827,2035-03-20,1019,Electronics,West,6,509.39,0.21,Wallet,3,2.3,2414.51,2035-03-20,2414.5086
14828,2035-03-21,1936,Electronics,South,7,222.46,0.17,Card,2,4.5,1292.49,2035-03-21,1292.4926
14829,2035-03-22,1557,Beauty,East,1,41.93,0.15,Card,1,4.8,35.64,2035-03-22,35.640499999999996
14830,2035-03-23,1523,Home,North,6,592.26,0.31,Card,11,3.2,2451.96,2035-03-23,2451.9563999999996
14831,2035-03-24,1581,Electronics,East,4,169.26,0.09,Wallet,11,2.2,616.11,2035-03-24,616.1064
14832,2035-03-25,1528,Electronics,South,4,89.07,0.14,Wallet,9,2.9,306.4,2035-03-25,306.40079999999995
14833,2035-03-26,1882,Home,West,1,231.31,0.12,Cod,5,1.9,203.55,2035-03-26,203.5528
14834,2035-03-27,1146,Clothing,East,7,447.06,0.27,Card,3,1.7,2284.48,2035-03-27,2284.4766
14835,2035-03-28,1665,Clothing,West,4,186.94,0.32,Card,10,3.0,508.48,2035-03-28,508.47679999999997
14836,2035-03-29,1303,Clothing,East,6,351.2,0.3,Wallet,10,3.9,1475.04,2035-03-29,1475.0399999999997
14837,2035-03-30,1619,Electronics,South,2,258.1,0.28,Wallet,11,1.9,371.66,2035-03-30,371.66400000000004
14838,2035-03-31,1747,Home,East,6,83.89,0.35,Card,5,4.6,327.17,2035-03-31,327.17100000000005
14839,2035-04-01,1819,Beauty,West,2,208.22,0.24,Card,11,1.7,316.49,2035-04-01,316.4944
14840,2035-04-02,1863,Electronics,West,4,439.05,0.26,Card,3,3.2,1299.59,2035-04-02,1299.588
14841,2035-04-03,1581,Clothing,South,6,373.02,0.34,Card,9,4.1,1477.16,2035-04-03,1477.1591999999998
14842,2035-04-04,1694,Clothing,East,4,85.07,0.0,Wallet,1,1.9,340.28,2035-04-04,340.28
14843,2035-04-05,1761,Clothing,North,7,110.54,0.22,Cod,1,2.2,603.55,2035-04-05,603.5484000000001
14844,2035-04-06,1227,Electronics,East,2,389.83,0.26,Cod,3,1.2,576.95,2035-04-06,576.9484
14845,2035-04-07,1101,Home,South,7,490.85,0.32,Card,6,4.8,2336.45,2035-04-07,2336.446
14846,2035-04-08,1586,Clothing,North,4,219.44,0.31,Card,11,2.9,605.65,2035-04-08,605.6543999999999
14847,2035-04-09,1416,Clothing,South,5,363.26,0.29,Card,2,1.3,1289.57,2035-04-09,1289.5729999999999
14848,2035-04-10,1957,Electronics,East,3,114.83,0.33,Cod,1,4.3,230.81,2035-04-10,230.80829999999997
14849,2035-04-11,1215,Electronics,North,6,197.16,0.19,Cod,8,3.3,958.2,2035-04-11,958.1976000000001
14850,2035-04-12,1406,Electronics,South,5,26.86,0.0,Card,11,1.2,134.3,2035-04-12,134.3
14851,2035-04-13,1398,Home,West,7,464.44,0.0,Card,10,2.8,3251.08,2035-04-13,3251.08
14852,2035-04-14,1922,Electronics,North,4,249.59,0.19,Card,9,2.7,808.67,2035-04-14,808.6716
14853,2035-04-15,1714,Home,North,4,492.43,0.15,Card,10,1.6,1674.26,2035-04-15,1674.262
14854,2035-04-16,1703,Clothing,South,3,429.4,0.16,Cod,1,2.7,1082.09,2035-04-16,1082.0879999999997
14855,2035-04-17,1760,Clothing,West,4,499.82,0.14,Cod,3,2.1,1719.38,2035-04-17,1719.3808
14856,2035-04-18,1498,Clothing,North,3,182.11,0.32,Card,5,3.8,371.5,2035-04-18,371.5044
14857,2035-04-19,1753,Clothing,South,6,123.29,0.13,Wallet,7,1.0,643.57,2035-04-19,643.5738
14858,2035-04-20,1464,Electronics,North,2,583.56,0.3,Cod,10,1.4,816.98,2035-04-20,816.9839999999999
14859,2035-04-21,1690,Electronics,North,3,434.64,0.32,Card,4,4.7,886.67,2035-04-21,886.6655999999999
14860,2035-04-22,1948,Home,North,3,502.91,0.17,Card,6,2.7,1252.25,2035-04-22,1252.2459
14861,2035-04-23,1973,Home,West,5,22.68,0.16,Wallet,1,1.7,95.26,2035-04-23,95.256
14862,2035-04-24,1730,Electronics,East,4,222.36,0.27,Cod,4,4.2,649.29,2035-04-24,649.2912
14863,2035-04-25,1081,Clothing,East,6,449.55,0.25,Card,8,4.4,2022.98,2035-04-25,2022.9750000000001
14864,2035-04-26,1603,Electronics,West,2,60.62,0.11,Cod,5,1.8,107.9,2035-04-26,107.9036
14865,2035-04-27,1946,Electronics,West,1,346.89,0.04,Card,8,3.9,333.01,2035-04-27,333.01439999999997
14866,2035-04-28,1686,Electronics,South,7,266.01,0.09,Wallet,1,3.5,1694.48,2035-04-28,1694.4837
14867,2035-04-29,1750,Beauty,North,3,25.31,0.05,Wallet,10,4.0,72.13,2035-04-29,72.13349999999998
14868,2035-04-30,1771,Electronics,West,1,153.05,0.1,Cod,9,4.2,137.74,2035-04-30,137.745
14869,2035-05-01,1902,Electronics,South,4,181.6,0.09,Cod,4,3.6,661.02,2035-05-01,661.024
14870,2035-05-02,1364,Electronics,East,7,80.44,0.22,Card,9,4.8,439.2,2035-05-02,439.20239999999995
14871,2035-05-03,1162,Electronics,East,3,384.45,0.33,Cod,8,4.5,772.74,2035-05-03,772.7444999999999
14872,2035-05-04,1047,Clothing,East,1,156.8,0.24,Cod,8,1.9,119.17,2035-05-04,119.168
14873,2035-05-05,1510,Electronics,East,5,177.41,0.32,Cod,2,4.7,603.19,2035-05-05,603.194
14874,2035-05-06,1328,Electronics,South,1,540.47,0.27,Cod,3,2.4,394.54,2035-05-06,394.54310000000004
14875,2035-05-07,1839,Clothing,North,7,288.27,0.25,Wallet,10,3.9,1513.42,2035-05-07,1513.4175
14876,2035-05-08,1115,Electronics,South,5,244.39,0.14,Card,9,4.4,1050.88,2035-05-08,1050.8769999999997
14877,2035-05-09,1940,Home,North,7,438.46,0.11,Card,3,2.7,2731.61,2035-05-09,2731.6058
14878,2035-05-10,1848,Clothing,East,2,547.12,0.3,Cod,8,1.2,765.97,2035-05-10,765.968
14879,2035-05-11,1336,Electronics,West,4,29.65,0.32,Wallet,5,4.8,80.65,2035-05-11,80.64799999999998
14880,2035-05-12,1880,Home,West,6,277.22,0.16,Wallet,7,1.3,1397.19,2035-05-12,1397.1888000000001
14881,2035-05-13,1736,Electronics,West,1,372.31,0.0,Cod,4,2.4,372.31,2035-05-13,372.31
14882,2035-05-14,1863,Clothing,North,3,201.36,0.28,Wallet,8,3.4,434.94,2035-05-14,434.93760000000003
14883,2035-05-15,1839,Clothing,East,7,466.86,0.1,Cod,4,1.5,2941.22,2035-05-15,2941.218
14884,2035-05-16,1146,Electronics,South,7,583.31,0.0,Card,5,4.4,4083.17,2035-05-16,4083.1699999999996
14885,2035-05-17,1574,Clothing,West,4,566.91,0.28,Cod,1,1.8,1632.7,2035-05-17,1632.7007999999998
14886,2035-05-18,1805,Beauty,North,1,170.6,0.18,Card,10,4.9,139.89,2035-05-18,139.892
14887,2035-05-19,1322,Beauty,West,3,147.41,0.24,Card,8,4.7,336.09,2035-05-19,336.0948
14888,2035-05-20,1442,Clothing,South,3,575.13,0.32,Card,7,3.4,1173.27,2035-05-20,1173.2651999999998
14889,2035-05-21,1836,Clothing,East,7,283.3,0.19,Card,11,3.6,1606.31,2035-05-21,1606.3110000000001
14890,2035-05-22,1012,Electronics,South,6,136.85,0.18,Card,5,3.1,673.3,2035-05-22,673.302
14891,2035-05-23,1942,Electronics,East,7,428.59,0.1,Card,6,2.6,2700.12,2035-05-23,2700.1169999999997
14892,2035-05-24,1493,Clothing,East,6,181.39,0.11,Card,1,2.4,968.62,2035-05-24,968.6225999999999
14893,2035-05-25,1700,Clothing,East,7,171.34,0.28,Card,8,4.6,863.55,2035-05-25,863.5536000000001
14894,2035-05-26,1286,Beauty,West,7,529.36,0.16,Cod,9,3.3,3112.64,2035-05-26,3112.6367999999998
14895,2035-05-27,1719,Clothing,South,3,110.05,0.06,Cod,11,4.3,310.34,2035-05-27,310.34099999999995
14896,2035-05-28,1113,Clothing,West,6,52.67,0.03,Wallet,5,3.1,306.54,2035-05-28,306.5394
14897,2035-05-29,1479,Clothing,South,3,172.47,0.17,Wallet,10,2.2,429.45,2035-05-29,429.45029999999997
14898,2035-05-30,1021,Home,North,1,370.06,0.16,Card,7,1.4,310.85,2035-05-30,310.8504
14899,2035-05-31,1348,Home,North,7,87.01,0.23,Cod,10,2.3,468.98,2035-05-31,468.98390000000006
14900,2035-06-01,1725,Clothing,South,2,290.88,0.16,Card,4,4.5,488.68,2035-06-01,488.67839999999995
14901,2035-06-02,1682,Electronics,South,6,381.99,0.05,Card,6,3.8,2177.34,2035-06-02,2177.343
14902,2035-06-03,1834,Home,South,5,511.51,0.18,Cod,2,4.1,2097.19,2035-06-03,2097.1910000000003
14903,2035-06-04,1565,Electronics,South,5,149.47,0.32,Cod,4,4.1,508.2,2035-06-04,508.198
14904,2035-06-05,1905,Beauty,East,5,493.15,0.06,Wallet,5,1.5,2317.8,2035-06-05,2317.805
14905,2035-06-06,1809,Clothing,West,2,152.42,0.24,Cod,9,1.6,231.68,2035-06-06,231.67839999999998
14906,2035-06-07,1319,Clothing,East,3,410.91,0.21,Card,9,2.3,973.86,2035-06-07,973.8567
14907,2035-06-08,1125,Clothing,West,3,266.94,0.26,Wallet,8,2.2,592.61,2035-06-08,592.6067999999999
14908,2035-06-09,1276,Home,West,4,82.09,0.05,Cod,4,1.3,311.94,2035-06-09,311.942
14909,2035-06-10,1975,Electronics,West,5,432.84,0.33,Wallet,6,1.6,1450.01,2035-06-10,1450.0139999999997
14910,2035-06-11,1203,Beauty,East,5,142.39,0.22,Cod,7,4.4,555.32,2035-06-11,555.3209999999999
14911,2035-06-12,1193,Clothing,South,3,118.32,0.3,Card,1,3.4,248.47,2035-06-12,248.47199999999998
14912,2035-06-13,1680,Electronics,East,5,224.62,0.09,Card,1,2.4,1022.02,2035-06-13,1022.021
14913,2035-06-14,1663,Electronics,East,3,397.17,0.26,Card,4,3.1,881.72,2035-06-14,881.7174
14914,2035-06-15,1546,Clothing,West,7,151.89,0.27,Card,3,2.0,776.16,2035-06-15,776.1579
14915,2035-06-16,1695,Clothing,North,7,122.44,0.14,Card,10,3.3,737.09,2035-06-16,737.0887999999999
14916,2035-06-17,1285,Clothing,North,3,20.82,0.13,Cod,4,1.3,54.34,2035-06-17,54.3402
14917,2035-06-18,1056,Home,East,6,290.91,0.23,Wallet,9,4.6,1344.0,2035-06-18,1344.0042
14918,2035-06-19,1733,Clothing,West,3,265.76,0.03,Wallet,2,2.0,773.36,2035-06-19,773.3616
14919,2035-06-20,1302,Beauty,East,1,151.81,0.26,Cod,4,4.3,112.34,2035-06-20,112.3394
14920,2035-06-21,1162,Clothing,East,1,46.39,0.02,Card,7,3.6,45.46,2035-06-21,45.4622
14921,2035-06-22,1018,Home,South,1,266.11,0.07,Card,2,3.1,247.48,2035-06-22,247.4823
14922,2035-06-23,1369,Electronics,West,1,476.1,0.23,Cod,8,4.7,366.6,2035-06-23,366.59700000000004
14923,2035-06-24,1263,Clothing,North,2,433.44,0.03,Card,10,1.6,840.87,2035-06-24,840.8736
14924,2035-06-25,1793,Electronics,North,4,518.57,0.34,Wallet,4,1.5,1369.02,2035-06-25,1369.0248
14925,2035-06-26,1112,Clothing,North,4,20.61,0.3,Wallet,9,2.3,57.71,2035-06-26,57.70799999999999
14926,2035-06-27,1487,Beauty,East,3,580.36,0.22,Card,1,4.3,1358.04,2035-06-27,1358.0424
14927,2035-06-28,1326,Electronics,West,7,214.73,0.29,Cod,7,1.1,1067.21,2035-06-28,1067.2080999999998
14928,2035-06-29,1541,Electronics,South,5,594.38,0.31,Card,1,2.0,2050.61,2035-06-29,2050.611
14929,2035-06-30,1646,Beauty,North,1,162.78,0.09,Cod,11,2.7,148.13,2035-06-30,148.12980000000002
14930,2035-07-01,1578,Electronics,West,4,290.85,0.3,Card,10,3.9,814.38,2035-07-01,814.38
14931,2035-07-02,1064,Home,North,4,222.05,0.07,Card,11,2.2,826.03,2035-07-02,826.026
14932,2035-07-03,1291,Clothing,South,1,223.12,0.14,Cod,9,2.8,191.88,2035-07-03,191.8832
14933,2035-07-04,1024,Home,West,7,507.74,0.2,Cod,10,2.3,2843.34,2035-07-04,2843.3440000000005
14934,2035-07-05,1548,Electronics,East,2,451.66,0.25,Cod,10,1.4,677.49,2035-07-05,677.49
14935,2035-07-06,1000,Electronics,East,2,595.41,0.01,Cod,1,4.0,1178.91,2035-07-06,1178.9117999999999
14936,2035-07-07,1910,Clothing,North,4,373.91,0.1,Cod,3,2.8,1346.08,2035-07-07,1346.076
14937,2035-07-08,1548,Beauty,North,2,286.01,0.21,Cod,7,4.3,451.9,2035-07-08,451.8958
14938,2035-07-09,1140,Clothing,West,6,67.69,0.13,Wallet,1,3.8,353.34,2035-07-09,353.3418
14939,2035-07-10,1743,Electronics,South,1,597.99,0.27,Wallet,5,1.2,436.53,2035-07-10,436.5327
14940,2035-07-11,1647,Clothing,North,7,337.65,0.23,Cod,6,3.0,1819.93,2035-07-11,1819.9334999999999
14941,2035-07-12,1900,Beauty,West,4,424.78,0.08,Cod,3,5.0,1563.19,2035-07-12,1563.1904
14942,2035-07-13,1187,Home,South,1,252.94,0.05,Cod,6,2.2,240.29,2035-07-13,240.29299999999998
14943,2035-07-14,1127,Beauty,North,2,335.41,0.22,Card,4,3.0,523.24,2035-07-14,523.2396000000001
14944,2035-07-15,1200,Electronics,North,1,566.41,0.16,Card,6,3.6,475.78,2035-07-15,475.78439999999995
14945,2035-07-16,1126,Electronics,West,2,112.36,0.06,Wallet,6,1.8,211.24,2035-07-16,211.2368
14946,2035-07-17,1256,Clothing,North,7,186.04,0.11,Wallet,4,3.8,1159.03,2035-07-17,1159.0292
14947,2035-07-18,1675,Home,East,2,103.95,0.11,Cod,1,3.6,185.03,2035-07-18,185.031
14948,2035-07-19,1546,Electronics,South,1,478.45,0.04,Card,3,2.5,459.31,2035-07-19,459.31199999999995
14949,2035-07-20,1193,Electronics,South,7,51.3,0.19,Card,11,2.1,290.87,2035-07-20,290.871
14950,2035-07-21,1702,Home,East,2,62.75,0.27,Card,10,4.7,91.62,2035-07-21,91.615
14951,2035-07-22,1103,Electronics,West,6,189.62,0.2,Card,7,1.5,910.18,2035-07-22,910.176
14952,2035-07-23,1534,Clothing,East,3,315.8,0.29,Cod,2,2.7,672.65,2035-07-23,672.654
14953,2035-07-24,1264,Clothing,East,1,252.67,0.04,Wallet,4,4.1,242.56,2035-07-24,242.56319999999997
14954,2035-07-25,1801,Clothing,South,3,41.22,0.15,Card,6,1.6,105.11,2035-07-25,105.11099999999999
14955,2035-07-26,1941,Home,West,1,575.13,0.21,Cod,5,4.7,454.35,2035-07-26,454.3527
14956,2035-07-27,1973,Clothing,North,2,572.43,0.24,Card,6,3.1,870.09,2035-07-27,870.0935999999999
14957,2035-07-28,1383,Clothing,East,2,178.42,0.24,Wallet,5,3.0,271.2,2035-07-28,271.1984
14958,2035-07-29,1259,Clothing,East,7,442.94,0.26,Wallet,9,2.7,2294.43,2035-07-29,2294.4292
14959,2035-07-30,1413,Clothing,West,4,353.47,0.23,Card,11,4.5,1088.69,2035-07-30,1088.6876000000002
14960,2035-07-31,1990,Clothing,East,6,153.92,0.03,Wallet,2,4.8,895.81,2035-07-31,895.8144
14961,2035-08-01,1357,Electronics,West,4,168.37,0.24,Cod,4,2.5,511.84,2035-08-01,511.8448
14962,2035-08-02,1074,Electronics,North,3,302.32,0.25,Card,1,3.2,680.22,2035-08-02,680.22
14963,2035-08-03,1354,Electronics,West,2,260.25,0.35,Cod,7,2.3,338.32,2035-08-03,338.325
14964,2035-08-04,1583,Electronics,North,4,185.37,0.24,Card,1,2.5,563.52,2035-08-04,563.5248
14965,2035-08-05,1770,Clothing,West,2,487.39,0.24,Cod,6,1.1,740.83,2035-08-05,740.8328
14966,2035-08-06,1909,Home,East,1,296.66,0.18,Wallet,10,4.1,243.26,2035-08-06,243.26120000000003
14967,2035-08-07,1187,Home,North,4,398.09,0.3,Cod,10,4.9,1114.65,2035-08-07,1114.6519999999998
14968,2035-08-08,1972,Home,East,3,125.72,0.35,Card,9,4.1,245.15,2035-08-08,245.154
14969,2035-08-09,1684,Clothing,North,7,327.1,0.27,Card,2,3.1,1671.48,2035-08-09,1671.4810000000002
14970,2035-08-10,1991,Clothing,West,4,201.02,0.21,Card,1,4.3,635.22,2035-08-10,635.2232
14971,2035-08-11,1289,Clothing,West,2,322.95,0.03,Card,11,4.4,626.52,2035-08-11,626.5229999999999
14972,2035-08-12,1044,Electronics,West,5,471.78,0.25,Card,11,3.2,1769.17,2035-08-12,1769.1749999999997
14973,2035-08-13,1572,Electronics,South,5,464.81,0.25,Cod,11,4.7,1743.04,2035-08-13,1743.0375000000001
14974,2035-08-14,1082,Clothing,South,7,222.22,0.27,Cod,10,1.1,1135.54,2035-08-14,1135.5442
14975,2035-08-15,1122,Beauty,North,7,421.15,0.04,Cod,3,1.0,2830.13,2035-08-15,2830.1279999999997
14976,2035-08-16,1357,Electronics,South,6,565.65,0.23,Card,6,1.3,2613.3,2035-08-16,2613.303
14977,2035-08-17,1527,Electronics,West,7,381.02,0.1,Card,7,1.2,2400.43,2035-08-17,2400.426
14978,2035-08-18,1065,Home,South,2,101.82,0.27,Card,11,2.7,148.66,2035-08-18,148.6572
14979,2035-08-19,1935,Electronics,South,1,412.63,0.08,Card,8,4.8,379.62,2035-08-19,379.6196
14980,2035-08-20,1656,Home,East,4,76.37,0.24,Card,4,3.7,232.16,2035-08-20,232.1648
14981,2035-08-21,1374,Home,North,7,525.18,0.1,Card,8,3.6,3308.63,2035-08-21,3308.634
14982,2035-08-22,1161,Beauty,North,5,317.25,0.0,Cod,7,2.5,1586.25,2035-08-22,1586.25
14983,2035-08-23,1745,Clothing,North,1,240.31,0.22,Wallet,11,3.1,187.44,2035-08-23,187.4418
14984,2035-08-24,1379,Home,South,2,48.35,0.04,Cod,8,2.2,92.83,2035-08-24,92.832
14985,2035-08-25,1655,Clothing,West,1,237.76,0.23,Cod,5,3.1,183.08,2035-08-25,183.0752
14986,2035-08-26,1357,Clothing,East,2,543.38,0.32,Card,10,4.0,739.0,2035-08-26,738.9967999999999
14987,2035-08-27,1187,Clothing,North,6,27.28,0.34,Wallet,7,3.2,108.03,2035-08-27,108.02879999999999
14988,2035-08-28,1321,Electronics,South,4,292.67,0.08,Card,4,2.7,1077.03,2035-08-28,1077.0256000000002
14989,2035-08-29,1449,Clothing,West,1,559.73,0.28,Card,1,4.4,403.01,2035-08-29,403.0056
14990,2035-08-30,1473,Clothing,East,4,245.98,0.12,Card,3,2.1,865.85,2035-08-30,865.8496
14991,2035-08-31,1012,Home,East,1,265.48,0.32,Card,10,2.9,180.53,2035-08-31,180.5264
14992,2035-09-01,1183,Home,North,2,353.46,0.28,Cod,9,4.9,508.98,2035-09-01,508.9823999999999
14993,2035-09-02,1110,Home,North,2,285.82,0.03,Wallet,11,4.9,554.49,2035-09-02,554.4907999999999
14994,2035-09-03,1926,Electronics,West,1,113.63,0.14,Cod,4,1.0,97.72,2035-09-03,97.72179999999999
14995,2035-09-04,1507,Home,South,6,25.85,0.12,Card,5,3.1,136.49,2035-09-04,136.48800000000003
14996,2035-09-05,1289,Clothing,West,2,371.74,0.27,Cod,3,2.3,542.74,2035-09-05,542.7404
14997,2035-09-06,1294,Beauty,North,3,553.67,0.14,Cod,11,2.2,1428.47,2035-09-06,1428.4685999999997
14998,2035-09-07,1450,Beauty,West,3,77.22,0.24,Wallet,6,3.4,176.06,2035-09-07,176.0616
14999,2035-09-08,1903,Electronics,South,4,138.41,0.21,Cod,4,2.8,437.38,2035-09-08,437.3756
15000,2035-09-09,1214,Home,East,7,231.58,0.34,Cod,5,3.9,1069.9,2035-09-09,1069.8996
